Application,File,RoutePage,Component,String,StringType,CurrentSource,ExistingLocalizationKey,RequiredAction
"apps/web","Frontend/apps/web/src/app/(dashboard)/activities/activities-app.js","","","Name is required","A","toast","","localize"
"apps/web","Frontend/apps/web/src/app/(dashboard)/activities/activities-app.js","","","Activity deleted","A","toast","","localize"
"apps/web","Frontend/apps/web/src/app/(dashboard)/activities/activities-app.js","","","Select at least one day","A","toast","","localize"
"apps/web","Frontend/apps/web/src/app/(dashboard)/activities/activities-app.js","","","Start and end time required","A","toast","","localize"
"apps/web","Frontend/apps/web/src/app/(dashboard)/activities/activities-app.js","","","Schedule added","A","toast","","localize"
"apps/web","Frontend/apps/web/src/app/(dashboard)/activities/activities-app.js","","","Schedule removed","A","toast","","localize"
"apps/web","Frontend/apps/web/src/app/(dashboard)/attendance/attendance-app.js","","","Select a reason (1–4)","A","toast","","localize"
"apps/web","Frontend/apps/web/src/app/(dashboard)/attendance/attendance-app.js","","","Notes are required for ""Other"" / الملاحظات مطلوبة لـ «أخرى»","A","toast","","localize"
"apps/web","Frontend/apps/web/src/app/(dashboard)/attendance/index.html","","","Ready to check in","A","data-en","","localize"
"apps/web","Frontend/apps/web/src/app/(dashboard)/attendance/index.html","","","Scan a member card — or search below","A","data-en","","localize"
"apps/web","Frontend/apps/web/src/app/(dashboard)/attendance/index.html","","","Scanner · Enter","A","data-en","","localize"
"apps/web","Frontend/apps/web/src/app/(dashboard)/attendance/index.html","","","USB scanner types MemberNumber then Enter","A","data-en","","localize"
"apps/web","Frontend/apps/web/src/app/(dashboard)/attendance/index.html","","","Checking in…","A","data-en","","localize"
"apps/web","Frontend/apps/web/src/app/(dashboard)/attendance/index.html","","","Manual search","A","data-en","","localize"
"apps/web","Frontend/apps/web/src/app/(dashboard)/attendance/index.html","","","Fallback","A","data-en","","localize"
"apps/web","Frontend/apps/web/src/app/(dashboard)/call-sheet/call-sheet-app.js","","","Outcome recorded","A","toast","","localize"
"apps/web","Frontend/apps/web/src/app/(dashboard)/call-sheet/call-sheet-app.js","","","Follow-up completed","A","toast","","localize"
"apps/web","Frontend/apps/web/src/app/(dashboard)/call-sheet/call-sheet-app.js","","","Select a member","A","toast","","localize"
"apps/web","Frontend/apps/web/src/app/(dashboard)/call-sheet/call-sheet-app.js","","","Follow-up added","A","toast","","localize"
"apps/web","Frontend/apps/web/src/app/(dashboard)/call-sheet/index.html","","","Front desk","A","data-en","","localize"
"apps/web","Frontend/apps/web/src/app/(dashboard)/call-sheet/index.html","","","Call Sheet","A","data-en","","localize"
"apps/web","Frontend/apps/web/src/app/(dashboard)/call-sheet/index.html","","","Call Sheet","A","data-en","","localize"
"apps/web","Frontend/apps/web/src/app/(dashboard)/call-sheet/index.html","","","Stay on top of today","A","data-en","","localize"
"apps/web","Frontend/apps/web/src/app/(dashboard)/call-sheet/index.html","","","Add Follow-up","A","data-en","","localize"
"apps/web","Frontend/apps/web/src/app/(dashboard)/classes/classes-app.js","","","Invoice view is not available on this page.","A","toast","","localize"
"apps/web","Frontend/apps/web/src/app/(dashboard)/classes/classes-app.js","","","Could not load this invoice.","A","toast","","localize"
"apps/web","Frontend/apps/web/src/app/(dashboard)/classes/classes-app.js","","","Print failed — wait for the invoice to load.","A","toast","","localize"
"apps/web","Frontend/apps/web/src/app/(dashboard)/classes/classes-app.js","","","Member booked using membership credit — no invoice and no cash movement (no payment was taken).","A","toast","","localize"
"apps/web","Frontend/apps/web/src/app/(dashboard)/hr/attendance/index.html","","","HR","B","data-en","","leave-technical"
"apps/web","Frontend/apps/web/src/app/(dashboard)/hr/attendance/index.html","","","Attendance","A","data-en","","localize"
"apps/web","Frontend/apps/web/src/app/(dashboard)/hr/attendance/index.html","","","Access Restricted","A","data-en","","localize"
"apps/web","Frontend/apps/web/src/app/(dashboard)/hr/attendance/index.html","","","Attendance is not available for your role.","A","data-en","","localize"
"apps/web","Frontend/apps/web/src/app/(dashboard)/hr/attendance/index.html","","","Back to Dashboard","A","data-en","","localize"
"apps/web","Frontend/apps/web/src/app/(dashboard)/hr/attendance/index.html","","","Attendance","A","data-en","","localize"
"apps/web","Frontend/apps/web/src/app/(dashboard)/hr/attendance/index.html","","","Check employees in and out, and review their working hours.","A","data-en","","localize"
"apps/web","Frontend/apps/web/src/app/(dashboard)/hr/attendance/index.html","","","Select employee to check in…","A","data-en","","localize"
"apps/web","Frontend/apps/web/src/app/(dashboard)/hr/attendance/index.html","","","Check In","A","data-en","","localize"
"apps/web","Frontend/apps/web/src/app/(dashboard)/hr/attendance/index.html","","","Today","A","data-en","","localize"
"apps/web","Frontend/apps/web/src/app/(dashboard)/hr/attendance/index.html","","","This week","A","data-en","","localize"
"apps/web","Frontend/apps/web/src/app/(dashboard)/hr/attendance/index.html","","","Custom","A","data-en","","localize"
"apps/web","Frontend/apps/web/src/app/(dashboard)/hr/attendance/index.html","","","All employees","A","data-en","","localize"
"apps/web","Frontend/apps/web/src/app/(dashboard)/hr/attendance/index.html","","","All statuses","A","data-en","","localize"
"apps/web","Frontend/apps/web/src/app/(dashboard)/hr/attendance/index.html","","","Present","A","data-en","","localize"
"apps/web","Frontend/apps/web/src/app/(dashboard)/hr/attendance/index.html","","","Late","A","data-en","","localize"
"apps/web","Frontend/apps/web/src/app/(dashboard)/hr/attendance/index.html","","","Absent","A","data-en","","localize"
"apps/web","Frontend/apps/web/src/app/(dashboard)/hr/attendance/index.html","","","Half day","A","data-en","","localize"
"apps/web","Frontend/apps/web/src/app/(dashboard)/hr/attendance/index.html","","","On leave","A","data-en","","localize"
"apps/web","Frontend/apps/web/src/app/(dashboard)/hr/attendance/index.html","","","Loading…","A","data-en","","localize"
"apps/web","Frontend/apps/web/src/app/(dashboard)/hr/attendance/index.html","","","Correct attendance","A","data-en","","localize"
"apps/web","Frontend/apps/web/src/app/(dashboard)/hr/attendance/index.html","","","Status","A","data-en","","localize"
"apps/web","Frontend/apps/web/src/app/(dashboard)/hr/attendance/index.html","","","Present","A","data-en","","localize"
"apps/web","Frontend/apps/web/src/app/(dashboard)/hr/attendance/index.html","","","Late","A","data-en","","localize"
"apps/web","Frontend/apps/web/src/app/(dashboard)/hr/attendance/index.html","","","Absent","A","data-en","","localize"
"apps/web","Frontend/apps/web/src/app/(dashboard)/hr/attendance/index.html","","","Half day","A","data-en","","localize"
"apps/web","Frontend/apps/web/src/app/(dashboard)/hr/attendance/index.html","","","On leave","A","data-en","","localize"
"apps/web","Frontend/apps/web/src/app/(dashboard)/hr/attendance/index.html","","","Check-in (local)","A","data-en","","localize"
"apps/web","Frontend/apps/web/src/app/(dashboard)/hr/attendance/index.html","","","Check-out (local)","A","data-en","","localize"
"apps/web","Frontend/apps/web/src/app/(dashboard)/hr/attendance/index.html","","","Notes","A","data-en","","localize"
"apps/web","Frontend/apps/web/src/app/(dashboard)/hr/attendance/index.html","","","Cancel","A","data-en","","localize"
"apps/web","Frontend/apps/web/src/app/(dashboard)/hr/attendance/index.html","","","Save","A","data-en","","localize"
"apps/web","Frontend/apps/web/src/app/(dashboard)/hr/dashboard/index.html","","","HR","B","data-en","","leave-technical"
"apps/web","Frontend/apps/web/src/app/(dashboard)/hr/dashboard/index.html","","","Dashboard","A","data-en","","localize"
"apps/web","Frontend/apps/web/src/app/(dashboard)/hr/dashboard/index.html","","","Access Restricted","A","data-en","","localize"
"apps/web","Frontend/apps/web/src/app/(dashboard)/hr/dashboard/index.html","","","The HR dashboard is not available for your role.","A","data-en","","localize"
"apps/web","Frontend/apps/web/src/app/(dashboard)/hr/dashboard/index.html","","","Back to Dashboard","A","data-en","","localize"
"apps/web","Frontend/apps/web/src/app/(dashboard)/hr/dashboard/index.html","","","HR Dashboard","A","data-en","","localize"
"apps/web","Frontend/apps/web/src/app/(dashboard)/hr/dashboard/index.html","","","Today, at a glance — every number below is live.","A","data-en","","localize"
"apps/web","Frontend/apps/web/src/app/(dashboard)/hr/departments/index.html","","","HR","B","data-en","","leave-technical"
"apps/web","Frontend/apps/web/src/app/(dashboard)/hr/departments/index.html","","","Departments","A","data-en","","localize"
"apps/web","Frontend/apps/web/src/app/(dashboard)/hr/departments/index.html","","","Access Restricted","A","data-en","","localize"
"apps/web","Frontend/apps/web/src/app/(dashboard)/hr/departments/index.html","","","Departments are available to owners and managers only.","A","data-en","","localize"
"apps/web","Frontend/apps/web/src/app/(dashboard)/hr/departments/index.html","","","Back to Dashboard","A","data-en","","localize"
"apps/web","Frontend/apps/web/src/app/(dashboard)/hr/departments/index.html","","","Departments","A","data-en","","localize"
"apps/web","Frontend/apps/web/src/app/(dashboard)/hr/departments/index.html","","","Organize your team into departments (Reception, Sales, Training, ...).","A","data-en","","localize"
"apps/web","Frontend/apps/web/src/app/(dashboard)/hr/departments/index.html","","","New department","A","data-en","","localize"
"apps/web","Frontend/apps/web/src/app/(dashboard)/hr/departments/index.html","","","Include inactive","A","data-en","","localize"
"apps/web","Frontend/apps/web/src/app/(dashboard)/hr/departments/index.html","","","Loading…","A","data-en","","localize"
"apps/web","Frontend/apps/web/src/app/(dashboard)/hr/departments/index.html","","","New department","A","data-en","","localize"
"apps/web","Frontend/apps/web/src/app/(dashboard)/hr/departments/index.html","","","Name *","A","data-en","","localize"
"apps/web","Frontend/apps/web/src/app/(dashboard)/hr/departments/index.html","","","Name (AR)","A","data-en","","localize"
"apps/web","Frontend/apps/web/src/app/(dashboard)/hr/departments/index.html","","","Active","A","data-en","","localize"
"apps/web","Frontend/apps/web/src/app/(dashboard)/hr/departments/index.html","","","Cancel","A","data-en","","localize"
"apps/web","Frontend/apps/web/src/app/(dashboard)/hr/departments/index.html","","","Save","A","data-en","","localize"
"apps/web","Frontend/apps/web/src/app/(dashboard)/hr/documents/index.html","","","HR","B","data-en","","leave-technical"
"apps/web","Frontend/apps/web/src/app/(dashboard)/hr/documents/index.html","","","Documents","A","data-en","","localize"
"apps/web","Frontend/apps/web/src/app/(dashboard)/hr/documents/index.html","","","Access Restricted","A","data-en","","localize"
"apps/web","Frontend/apps/web/src/app/(dashboard)/hr/documents/index.html","","","Employee documents are not available for your role.","A","data-en","","localize"
"apps/web","Frontend/apps/web/src/app/(dashboard)/hr/documents/index.html","","","Back to Dashboard","A","data-en","","localize"
"apps/web","Frontend/apps/web/src/app/(dashboard)/hr/documents/index.html","","","Documents","A","data-en","","localize"
"apps/web","Frontend/apps/web/src/app/(dashboard)/hr/documents/index.html","","","National IDs, contracts, and certificates — with expiry tracking.","A","data-en","","localize"
"apps/web","Frontend/apps/web/src/app/(dashboard)/hr/documents/index.html","","","Upload document","A","data-en","","localize"
"apps/web","Frontend/apps/web/src/app/(dashboard)/hr/documents/index.html","","","All","A","data-en","","localize"
"apps/web","Frontend/apps/web/src/app/(dashboard)/hr/documents/index.html","","","Expired","A","data-en","","localize"
"apps/web","Frontend/apps/web/src/app/(dashboard)/hr/documents/index.html","","","Expiring soon","A","data-en","","localize"
"apps/web","Frontend/apps/web/src/app/(dashboard)/hr/documents/index.html","","","Valid","A","data-en","","localize"
"apps/web","Frontend/apps/web/src/app/(dashboard)/hr/documents/index.html","","","Loading…","A","data-en","","localize"
"apps/web","Frontend/apps/web/src/app/(dashboard)/hr/documents/index.html","","","Upload document","A","data-en","","localize"
"apps/web","Frontend/apps/web/src/app/(dashboard)/hr/documents/index.html","","","Employee *","A","data-en","","localize"
"apps/web","Frontend/apps/web/src/app/(dashboard)/hr/documents/index.html","","","Document type *","A","data-en","","localize"
"apps/web","Frontend/apps/web/src/app/(dashboard)/hr/documents/index.html","","","National ID","A","data-en","","localize"
"apps/web","Frontend/apps/web/src/app/(dashboard)/hr/documents/index.html","","","Contract","A","data-en","","localize"
"apps/web","Frontend/apps/web/src/app/(dashboard)/hr/documents/index.html","","","Certificate","A","data-en","","localize"
"apps/web","Frontend/apps/web/src/app/(dashboard)/hr/documents/index.html","","","Training Certificate","A","data-en","","localize"
"apps/web","Frontend/apps/web/src/app/(dashboard)/hr/documents/index.html","","","Other","A","data-en","","localize"
"apps/web","Frontend/apps/web/src/app/(dashboard)/hr/documents/index.html","","","Issue date","A","data-en","","localize"
"apps/web","Frontend/apps/web/src/app/(dashboard)/hr/documents/index.html","","","Expiry date","A","data-en","","localize"
"apps/web","Frontend/apps/web/src/app/(dashboard)/hr/documents/index.html","","","File * (image or PDF, max 10MB)","A","data-en","","localize"
"apps/web","Frontend/apps/web/src/app/(dashboard)/hr/documents/index.html","","","Notes","A","data-en","","localize"
"apps/web","Frontend/apps/web/src/app/(dashboard)/hr/documents/index.html","","","Cancel","A","data-en","","localize"
"apps/web","Frontend/apps/web/src/app/(dashboard)/hr/documents/index.html","","","Upload","A","data-en","","localize"
"apps/web","Frontend/apps/web/src/app/(dashboard)/hr/employees/index.html","","","HR","B","data-en","","leave-technical"
"apps/web","Frontend/apps/web/src/app/(dashboard)/hr/employees/index.html","","","Employees","A","data-en","","localize"
"apps/web","Frontend/apps/web/src/app/(dashboard)/hr/employees/index.html","","","Access Restricted","A","data-en","","localize"
"apps/web","Frontend/apps/web/src/app/(dashboard)/hr/employees/index.html","","","Employee records are available to owners and managers only.","A","data-en","","localize"
"apps/web","Frontend/apps/web/src/app/(dashboard)/hr/employees/index.html","","","Back to Dashboard","A","data-en","","localize"
"apps/web","Frontend/apps/web/src/app/(dashboard)/hr/employees/index.html","","","Employees","A","data-en","","localize"
"apps/web","Frontend/apps/web/src/app/(dashboard)/hr/employees/index.html","","","Everyone who works at your gym — with or without a system login.","A","data-en","","localize"
"apps/web","Frontend/apps/web/src/app/(dashboard)/hr/employees/index.html","","","New employee","A","data-en","","localize"
"apps/web","Frontend/apps/web/src/app/(dashboard)/hr/employees/index.html","","","All departments","A","data-en","","localize"
"apps/web","Frontend/apps/web/src/app/(dashboard)/hr/employees/index.html","","","All statuses","A","data-en","","localize"
"apps/web","Frontend/apps/web/src/app/(dashboard)/hr/employees/index.html","","","Active","A","data-en","","localize"
"apps/web","Frontend/apps/web/src/app/(dashboard)/hr/employees/index.html","","","Suspended","A","data-en","","localize"
"apps/web","Frontend/apps/web/src/app/(dashboard)/hr/employees/index.html","","","Terminated","A","data-en","","localize"
"apps/web","Frontend/apps/web/src/app/(dashboard)/hr/employees/index.html","","","Loading…","A","data-en","","localize"
"apps/web","Frontend/apps/web/src/app/(dashboard)/hr/employees/index.html","","","Edit employee","A","data-en","","localize"
"apps/web","Frontend/apps/web/src/app/(dashboard)/hr/employees/index.html","","","First name *","A","data-en","","localize"
"apps/web","Frontend/apps/web/src/app/(dashboard)/hr/employees/index.html","","","Last name *","A","data-en","","localize"
"apps/web","Frontend/apps/web/src/app/(dashboard)/hr/employees/index.html","","","Phone","A","data-en","","localize"
"apps/web","Frontend/apps/web/src/app/(dashboard)/hr/employees/index.html","","","Email","A","data-en","","localize"
"apps/web","Frontend/apps/web/src/app/(dashboard)/hr/employees/index.html","","","National ID","A","data-en","","localize"
"apps/web","Frontend/apps/web/src/app/(dashboard)/hr/employees/index.html","","","Date of birth","A","data-en","","localize"
"apps/web","Frontend/apps/web/src/app/(dashboard)/hr/employees/index.html","","","Hire date *","A","data-en","","localize"
"apps/web","Frontend/apps/web/src/app/(dashboard)/hr/employees/index.html","","","Department","A","data-en","","localize"
"apps/web","Frontend/apps/web/src/app/(dashboard)/hr/employees/index.html","","","None","A","data-en","","localize"
"apps/web","Frontend/apps/web/src/app/(dashboard)/hr/employees/index.html","","","Position","A","data-en","","localize"
"apps/web","Frontend/apps/web/src/app/(dashboard)/hr/employees/index.html","","","None","A","data-en","","localize"
"apps/web","Frontend/apps/web/src/app/(dashboard)/hr/employees/index.html","","","Status","A","data-en","","localize"
"apps/web","Frontend/apps/web/src/app/(dashboard)/hr/employees/index.html","","","Active","A","data-en","","localize"
"apps/web","Frontend/apps/web/src/app/(dashboard)/hr/employees/index.html","","","Suspended","A","data-en","","localize"
"apps/web","Frontend/apps/web/src/app/(dashboard)/hr/employees/index.html","","","Terminated","A","data-en","","localize"
"apps/web","Frontend/apps/web/src/app/(dashboard)/hr/employees/index.html","","","Address","A","data-en","","localize"
"apps/web","Frontend/apps/web/src/app/(dashboard)/hr/employees/index.html","","","Cancel","A","data-en","","localize"
"apps/web","Frontend/apps/web/src/app/(dashboard)/hr/employees/index.html","","","Save","A","data-en","","localize"
"apps/web","Frontend/apps/web/src/app/(dashboard)/hr/employees/index.html","","","New employee","A","data-en","","localize"
"apps/web","Frontend/apps/web/src/app/(dashboard)/hr/employees/index.html","","","Cancel","A","data-en","","localize"
"apps/web","Frontend/apps/web/src/app/(dashboard)/hr/employees/index.html","","","Back","A","data-en","","localize"
"apps/web","Frontend/apps/web/src/app/(dashboard)/hr/employees/index.html","","","Skip","A","data-en","","localize"
"apps/web","Frontend/apps/web/src/app/(dashboard)/hr/employees/index.html","","","Next","A","data-en","","localize"
"apps/web","Frontend/apps/web/src/app/(dashboard)/hr/employees/index.html","","","Create","A","data-en","","localize"
"apps/web","Frontend/apps/web/src/app/(dashboard)/hr/employees/index.html","","","New contract","A","data-en","","localize"
"apps/web","Frontend/apps/web/src/app/(dashboard)/hr/employees/index.html","","","Employment type *","A","data-en","","localize"
"apps/web","Frontend/apps/web/src/app/(dashboard)/hr/employees/index.html","","","Full time","A","data-en","","localize"
"apps/web","Frontend/apps/web/src/app/(dashboard)/hr/employees/index.html","","","Part time","A","data-en","","localize"
"apps/web","Frontend/apps/web/src/app/(dashboard)/hr/employees/index.html","","","Temporary","A","data-en","","localize"
"apps/web","Frontend/apps/web/src/app/(dashboard)/hr/employees/index.html","","","Contract","A","data-en","","localize"
"apps/web","Frontend/apps/web/src/app/(dashboard)/hr/employees/index.html","","","Basic salary (EGP) *","A","data-en","","localize"
"apps/web","Frontend/apps/web/src/app/(dashboard)/hr/employees/index.html","","","Start date *","A","data-en","","localize"
"apps/web","Frontend/apps/web/src/app/(dashboard)/hr/employees/index.html","","","End date","A","data-en","","localize"
"apps/web","Frontend/apps/web/src/app/(dashboard)/hr/employees/index.html","","","Working hours/day","A","data-en","","localize"
"apps/web","Frontend/apps/web/src/app/(dashboard)/hr/employees/index.html","","","Working days/week","A","data-en","","localize"
"apps/web","Frontend/apps/web/src/app/(dashboard)/hr/employees/index.html","","","Notes","A","data-en","","localize"
"apps/web","Frontend/apps/web/src/app/(dashboard)/hr/employees/index.html","","","Cancel","A","data-en","","localize"
"apps/web","Frontend/apps/web/src/app/(dashboard)/hr/employees/index.html","","","Save","A","data-en","","localize"
"apps/web","Frontend/apps/web/src/app/(dashboard)/hr/employees/index.html","","","Terminate employee","A","data-en","","localize"
"apps/web","Frontend/apps/web/src/app/(dashboard)/hr/employees/index.html","","","This preserves all historical records (contracts, attendance, payroll).","A","data-en","","localize"
"apps/web","Frontend/apps/web/src/app/(dashboard)/hr/employees/index.html","","","Termination date *","A","data-en","","localize"
"apps/web","Frontend/apps/web/src/app/(dashboard)/hr/employees/index.html","","","Notes","A","data-en","","localize"
"apps/web","Frontend/apps/web/src/app/(dashboard)/hr/employees/index.html","","","Cancel","A","data-en","","localize"
"apps/web","Frontend/apps/web/src/app/(dashboard)/hr/employees/index.html","","","Terminate","A","data-en","","localize"
"apps/web","Frontend/apps/web/src/app/(dashboard)/hr/employees/index.html","","","Link Staff Account","A","data-en","","localize"
"apps/web","Frontend/apps/web/src/app/(dashboard)/hr/employees/index.html","","","Link this HR employee to an existing Staff account. This does not create a new Staff account.","A","data-en","","localize"
"apps/web","Frontend/apps/web/src/app/(dashboard)/hr/employees/index.html","","","Cancel","A","data-en","","localize"
"apps/web","Frontend/apps/web/src/app/(dashboard)/hr/employees/index.html","","","Link","A","data-en","","localize"
"apps/web","Frontend/apps/web/src/app/(dashboard)/hr/employees/index.html","","","Unlink Staff Account","A","data-en","","localize"
"apps/web","Frontend/apps/web/src/app/(dashboard)/hr/employees/index.html","","","Unlinking removes the connection between this HR employee and their Staff login. It does not delete the employee or Staff account.","A","data-en","","localize"
"apps/web","Frontend/apps/web/src/app/(dashboard)/hr/employees/index.html","","","Cancel","A","data-en","","localize"
"apps/web","Frontend/apps/web/src/app/(dashboard)/hr/employees/index.html","","","Unlink","A","data-en","","localize"
"apps/web","Frontend/apps/web/src/app/(dashboard)/hr/employees/index.html","","","Upload document","A","data-en","","localize"
"apps/web","Frontend/apps/web/src/app/(dashboard)/hr/employees/index.html","","","Type *","A","data-en","","localize"
"apps/web","Frontend/apps/web/src/app/(dashboard)/hr/employees/index.html","","","National ID","A","data-en","","localize"
"apps/web","Frontend/apps/web/src/app/(dashboard)/hr/employees/index.html","","","Contract","A","data-en","","localize"
"apps/web","Frontend/apps/web/src/app/(dashboard)/hr/employees/index.html","","","Certificate","A","data-en","","localize"
"apps/web","Frontend/apps/web/src/app/(dashboard)/hr/employees/index.html","","","Training Certificate","A","data-en","","localize"
"apps/web","Frontend/apps/web/src/app/(dashboard)/hr/employees/index.html","","","Other","A","data-en","","localize"
"apps/web","Frontend/apps/web/src/app/(dashboard)/hr/employees/index.html","","","File *","A","data-en","","localize"
"apps/web","Frontend/apps/web/src/app/(dashboard)/hr/employees/index.html","","","Issue date","A","data-en","","localize"
"apps/web","Frontend/apps/web/src/app/(dashboard)/hr/employees/index.html","","","Expiry date","A","data-en","","localize"
"apps/web","Frontend/apps/web/src/app/(dashboard)/hr/employees/index.html","","","Notes","A","data-en","","localize"
"apps/web","Frontend/apps/web/src/app/(dashboard)/hr/employees/index.html","","","Cancel","A","data-en","","localize"
"apps/web","Frontend/apps/web/src/app/(dashboard)/hr/employees/index.html","","","Upload","A","data-en","","localize"
"apps/web","Frontend/apps/web/src/app/(dashboard)/hr/leaves/index.html","","","HR","B","data-en","","leave-technical"
"apps/web","Frontend/apps/web/src/app/(dashboard)/hr/leaves/index.html","","","Leaves","A","data-en","","localize"
"apps/web","Frontend/apps/web/src/app/(dashboard)/hr/leaves/index.html","","","Access Restricted","A","data-en","","localize"
"apps/web","Frontend/apps/web/src/app/(dashboard)/hr/leaves/index.html","","","Leave management is not available for your role.","A","data-en","","localize"
"apps/web","Frontend/apps/web/src/app/(dashboard)/hr/leaves/index.html","","","Back to Dashboard","A","data-en","","localize"
"apps/web","Frontend/apps/web/src/app/(dashboard)/hr/leaves/index.html","","","Leaves","A","data-en","","localize"
"apps/web","Frontend/apps/web/src/app/(dashboard)/hr/leaves/index.html","","","Requests, approvals, and balances.","A","data-en","","localize"
"apps/web","Frontend/apps/web/src/app/(dashboard)/hr/leaves/index.html","","","New leave request","A","data-en","","localize"
"apps/web","Frontend/apps/web/src/app/(dashboard)/hr/leaves/index.html","","","Requests","A","data-en","","localize"
"apps/web","Frontend/apps/web/src/app/(dashboard)/hr/leaves/index.html","","","Balances","A","data-en","","localize"
"apps/web","Frontend/apps/web/src/app/(dashboard)/hr/leaves/index.html","","","All employees","A","data-en","","localize"
"apps/web","Frontend/apps/web/src/app/(dashboard)/hr/leaves/index.html","","","All statuses","A","data-en","","localize"
"apps/web","Frontend/apps/web/src/app/(dashboard)/hr/leaves/index.html","","","Pending","A","data-en","","localize"
"apps/web","Frontend/apps/web/src/app/(dashboard)/hr/leaves/index.html","","","Approved","A","data-en","","localize"
"apps/web","Frontend/apps/web/src/app/(dashboard)/hr/leaves/index.html","","","Rejected","A","data-en","","localize"
"apps/web","Frontend/apps/web/src/app/(dashboard)/hr/leaves/index.html","","","Cancelled","A","data-en","","localize"
"apps/web","Frontend/apps/web/src/app/(dashboard)/hr/leaves/index.html","","","Loading…","A","data-en","","localize"
"apps/web","Frontend/apps/web/src/app/(dashboard)/hr/leaves/index.html","","","Select an employee…","A","data-en","","localize"
"apps/web","Frontend/apps/web/src/app/(dashboard)/hr/leaves/index.html","","","Select an employee to view their leave balance.","A","data-en","","localize"
"apps/web","Frontend/apps/web/src/app/(dashboard)/hr/leaves/index.html","","","New leave request","A","data-en","","localize"
"apps/web","Frontend/apps/web/src/app/(dashboard)/hr/leaves/index.html","","","Employee *","A","data-en","","localize"
"apps/web","Frontend/apps/web/src/app/(dashboard)/hr/leaves/index.html","","","Leave type *","A","data-en","","localize"
"apps/web","Frontend/apps/web/src/app/(dashboard)/hr/leaves/index.html","","","Annual","A","data-en","","localize"
"apps/web","Frontend/apps/web/src/app/(dashboard)/hr/leaves/index.html","","","Sick","A","data-en","","localize"
"apps/web","Frontend/apps/web/src/app/(dashboard)/hr/leaves/index.html","","","Emergency","A","data-en","","localize"
"apps/web","Frontend/apps/web/src/app/(dashboard)/hr/leaves/index.html","","","Unpaid","A","data-en","","localize"
"apps/web","Frontend/apps/web/src/app/(dashboard)/hr/leaves/index.html","","","Permission (part of a day)","A","data-en","","localize"
"apps/web","Frontend/apps/web/src/app/(dashboard)/hr/leaves/index.html","","","Start date *","A","data-en","","localize"
"apps/web","Frontend/apps/web/src/app/(dashboard)/hr/leaves/index.html","","","End date *","A","data-en","","localize"
"apps/web","Frontend/apps/web/src/app/(dashboard)/hr/leaves/index.html","","","Duration (day fraction, e.g. 0.5)","A","data-en","","localize"
"apps/web","Frontend/apps/web/src/app/(dashboard)/hr/leaves/index.html","","","Reason","A","data-en","","localize"
"apps/web","Frontend/apps/web/src/app/(dashboard)/hr/leaves/index.html","","","Cancel","A","data-en","","localize"
"apps/web","Frontend/apps/web/src/app/(dashboard)/hr/leaves/index.html","","","Submit","A","data-en","","localize"
"apps/web","Frontend/apps/web/src/app/(dashboard)/hr/leaves/index.html","","","Review leave request","A","data-en","","localize"
"apps/web","Frontend/apps/web/src/app/(dashboard)/hr/leaves/index.html","","","Notes","A","data-en","","localize"
"apps/web","Frontend/apps/web/src/app/(dashboard)/hr/leaves/index.html","","","Cancel","A","data-en","","localize"
"apps/web","Frontend/apps/web/src/app/(dashboard)/hr/leaves/index.html","","","Confirm","A","data-en","","localize"
"apps/web","Frontend/apps/web/src/app/(dashboard)/hr/payroll/index.html","","","HR","B","data-en","","leave-technical"
"apps/web","Frontend/apps/web/src/app/(dashboard)/hr/payroll/index.html","","","Payroll","A","data-en","","localize"
"apps/web","Frontend/apps/web/src/app/(dashboard)/hr/payroll/index.html","","","Access Restricted","A","data-en","","localize"
"apps/web","Frontend/apps/web/src/app/(dashboard)/hr/payroll/index.html","","","Payroll is restricted to authorized roles only.","A","data-en","","localize"
"apps/web","Frontend/apps/web/src/app/(dashboard)/hr/payroll/index.html","","","Back to Dashboard","A","data-en","","localize"
"apps/web","Frontend/apps/web/src/app/(dashboard)/hr/payroll/index.html","","","Payroll","A","data-en","","localize"
"apps/web","Frontend/apps/web/src/app/(dashboard)/hr/payroll/index.html","","","Basic salary, overtime, bonuses, allowances, and deductions — by month.","A","data-en","","localize"
"apps/web","Frontend/apps/web/src/app/(dashboard)/hr/payroll/index.html","","","New payroll period","A","data-en","","localize"
"apps/web","Frontend/apps/web/src/app/(dashboard)/hr/payroll/index.html","","","Loading…","A","data-en","","localize"
"apps/web","Frontend/apps/web/src/app/(dashboard)/hr/payroll/index.html","","","New payroll period","A","data-en","","localize"
"apps/web","Frontend/apps/web/src/app/(dashboard)/hr/payroll/index.html","","","Year *","A","data-en","","localize"
"apps/web","Frontend/apps/web/src/app/(dashboard)/hr/payroll/index.html","","","Month *","A","data-en","","localize"
"apps/web","Frontend/apps/web/src/app/(dashboard)/hr/payroll/index.html","","","Cancel","A","data-en","","localize"
"apps/web","Frontend/apps/web/src/app/(dashboard)/hr/payroll/index.html","","","Create","A","data-en","","localize"
"apps/web","Frontend/apps/web/src/app/(dashboard)/hr/payroll/index.html","","","Add adjustment","A","data-en","","localize"
"apps/web","Frontend/apps/web/src/app/(dashboard)/hr/payroll/index.html","","","Employee *","A","data-en","","localize"
"apps/web","Frontend/apps/web/src/app/(dashboard)/hr/payroll/index.html","","","Type *","A","data-en","","localize"
"apps/web","Frontend/apps/web/src/app/(dashboard)/hr/payroll/index.html","","","Bonus","A","data-en","","localize"
"apps/web","Frontend/apps/web/src/app/(dashboard)/hr/payroll/index.html","","","Allowance","A","data-en","","localize"
"apps/web","Frontend/apps/web/src/app/(dashboard)/hr/payroll/index.html","","","Overtime","A","data-en","","localize"
"apps/web","Frontend/apps/web/src/app/(dashboard)/hr/payroll/index.html","","","Deduction","A","data-en","","localize"
"apps/web","Frontend/apps/web/src/app/(dashboard)/hr/payroll/index.html","","","Amount (EGP) *","A","data-en","","localize"
"apps/web","Frontend/apps/web/src/app/(dashboard)/hr/payroll/index.html","","","Reason","A","data-en","","localize"
"apps/web","Frontend/apps/web/src/app/(dashboard)/hr/payroll/index.html","","","Cancel","A","data-en","","localize"
"apps/web","Frontend/apps/web/src/app/(dashboard)/hr/payroll/index.html","","","Add","A","data-en","","localize"
"apps/web","Frontend/apps/web/src/app/(dashboard)/hr/positions/index.html","","","HR","B","data-en","","leave-technical"
"apps/web","Frontend/apps/web/src/app/(dashboard)/hr/positions/index.html","","","Positions","A","data-en","","localize"
"apps/web","Frontend/apps/web/src/app/(dashboard)/hr/positions/index.html","","","Access Restricted","A","data-en","","localize"
"apps/web","Frontend/apps/web/src/app/(dashboard)/hr/positions/index.html","","","Positions are available to owners and managers only.","A","data-en","","localize"
"apps/web","Frontend/apps/web/src/app/(dashboard)/hr/positions/index.html","","","Back to Dashboard","A","data-en","","localize"
"apps/web","Frontend/apps/web/src/app/(dashboard)/hr/positions/index.html","","","Positions","A","data-en","","localize"
"apps/web","Frontend/apps/web/src/app/(dashboard)/hr/positions/index.html","","","Job titles your employees can hold (Personal Trainer, Receptionist, ...).","A","data-en","","localize"
"apps/web","Frontend/apps/web/src/app/(dashboard)/hr/positions/index.html","","","New position","A","data-en","","localize"
"apps/web","Frontend/apps/web/src/app/(dashboard)/hr/positions/index.html","","","All departments","A","data-en","","localize"
"apps/web","Frontend/apps/web/src/app/(dashboard)/hr/positions/index.html","","","Include inactive","A","data-en","","localize"
"apps/web","Frontend/apps/web/src/app/(dashboard)/hr/positions/index.html","","","Loading…","A","data-en","","localize"
"apps/web","Frontend/apps/web/src/app/(dashboard)/hr/positions/index.html","","","New position","A","data-en","","localize"
"apps/web","Frontend/apps/web/src/app/(dashboard)/hr/positions/index.html","","","Name *","A","data-en","","localize"
"apps/web","Frontend/apps/web/src/app/(dashboard)/hr/positions/index.html","","","Name (AR)","A","data-en","","localize"
"apps/web","Frontend/apps/web/src/app/(dashboard)/hr/positions/index.html","","","Department","A","data-en","","localize"
"apps/web","Frontend/apps/web/src/app/(dashboard)/hr/positions/index.html","","","None","A","data-en","","localize"
"apps/web","Frontend/apps/web/src/app/(dashboard)/hr/positions/index.html","","","Default basic salary (EGP)","A","data-en","","localize"
"apps/web","Frontend/apps/web/src/app/(dashboard)/hr/positions/index.html","","","Description","A","data-en","","localize"
"apps/web","Frontend/apps/web/src/app/(dashboard)/hr/positions/index.html","","","Active","A","data-en","","localize"
"apps/web","Frontend/apps/web/src/app/(dashboard)/hr/positions/index.html","","","Cancel","A","data-en","","localize"
"apps/web","Frontend/apps/web/src/app/(dashboard)/hr/positions/index.html","","","Save","A","data-en","","localize"
"apps/web","Frontend/apps/web/src/app/(dashboard)/hr/schedule/index.html","","","HR","B","data-en","","leave-technical"
"apps/web","Frontend/apps/web/src/app/(dashboard)/hr/schedule/index.html","","","Schedule","A","data-en","","localize"
"apps/web","Frontend/apps/web/src/app/(dashboard)/hr/schedule/index.html","","","Access Restricted","A","data-en","","localize"
"apps/web","Frontend/apps/web/src/app/(dashboard)/hr/schedule/index.html","","","The schedule is not available for your role.","A","data-en","","localize"
"apps/web","Frontend/apps/web/src/app/(dashboard)/hr/schedule/index.html","","","Back to Dashboard","A","data-en","","localize"
"apps/web","Frontend/apps/web/src/app/(dashboard)/hr/schedule/index.html","","","Schedule","A","data-en","","localize"
"apps/web","Frontend/apps/web/src/app/(dashboard)/hr/schedule/index.html","","","Who","A","data-en","","localize"
"apps/web","Frontend/apps/web/src/app/(dashboard)/hr/schedule/index.html","","","Shift templates","A","data-en","","localize"
"apps/web","Frontend/apps/web/src/app/(dashboard)/hr/schedule/index.html","","","Bulk assign","A","data-en","","localize"
"apps/web","Frontend/apps/web/src/app/(dashboard)/hr/schedule/index.html","","","Assign shift","A","data-en","","localize"
"apps/web","Frontend/apps/web/src/app/(dashboard)/hr/schedule/index.html","","","Assignments","A","data-en","","localize"
"apps/web","Frontend/apps/web/src/app/(dashboard)/hr/schedule/index.html","","","Shift templates","A","data-en","","localize"
"apps/web","Frontend/apps/web/src/app/(dashboard)/hr/schedule/index.html","","","Today","A","data-en","","localize"
"apps/web","Frontend/apps/web/src/app/(dashboard)/hr/schedule/index.html","","","This week","A","data-en","","localize"
"apps/web","Frontend/apps/web/src/app/(dashboard)/hr/schedule/index.html","","","Custom","A","data-en","","localize"
"apps/web","Frontend/apps/web/src/app/(dashboard)/hr/schedule/index.html","","","All employees","A","data-en","","localize"
"apps/web","Frontend/apps/web/src/app/(dashboard)/hr/schedule/index.html","","","Loading…","A","data-en","","localize"
"apps/web","Frontend/apps/web/src/app/(dashboard)/hr/schedule/index.html","","","Reusable shift times you assign to employees (Morning, Evening, …).","A","data-en","","localize"
"apps/web","Frontend/apps/web/src/app/(dashboard)/hr/schedule/index.html","","","Assign shift","A","data-en","","localize"
"apps/web","Frontend/apps/web/src/app/(dashboard)/hr/schedule/index.html","","","Employee *","A","data-en","","localize"
"apps/web","Frontend/apps/web/src/app/(dashboard)/hr/schedule/index.html","","","Shift template *","A","data-en","","localize"
"apps/web","Frontend/apps/web/src/app/(dashboard)/hr/schedule/index.html","","","Date *","A","data-en","","localize"
"apps/web","Frontend/apps/web/src/app/(dashboard)/hr/schedule/index.html","","","Need a new shift template?","A","data-en","","localize"
"apps/web","Frontend/apps/web/src/app/(dashboard)/hr/schedule/index.html","","","Notes","A","data-en","","localize"
"apps/web","Frontend/apps/web/src/app/(dashboard)/hr/schedule/index.html","","","Cancel","A","data-en","","localize"
"apps/web","Frontend/apps/web/src/app/(dashboard)/hr/schedule/index.html","","","Assign","A","data-en","","localize"
"apps/web","Frontend/apps/web/src/app/(dashboard)/hr/schedule/index.html","","","Bulk assign","A","data-en","","localize"
"apps/web","Frontend/apps/web/src/app/(dashboard)/hr/schedule/index.html","","","Employees *","A","data-en","","localize"
"apps/web","Frontend/apps/web/src/app/(dashboard)/hr/schedule/index.html","","","Shift template *","A","data-en","","localize"
"apps/web","Frontend/apps/web/src/app/(dashboard)/hr/schedule/index.html","","","From *","A","data-en","","localize"
"apps/web","Frontend/apps/web/src/app/(dashboard)/hr/schedule/index.html","","","To *","A","data-en","","localize"
"apps/web","Frontend/apps/web/src/app/(dashboard)/hr/schedule/index.html","","","Need a new shift template?","A","data-en","","localize"
"apps/web","Frontend/apps/web/src/app/(dashboard)/hr/schedule/index.html","","","Cancel","A","data-en","","localize"
"apps/web","Frontend/apps/web/src/app/(dashboard)/hr/schedule/index.html","","","Assign","A","data-en","","localize"
"apps/web","Frontend/apps/web/src/app/(dashboard)/hr/shifts/index.html","","","HR","B","data-en","","leave-technical"
"apps/web","Frontend/apps/web/src/app/(dashboard)/hr/shifts/index.html","","","Shift Templates","A","data-en","","localize"
"apps/web","Frontend/apps/web/src/app/(dashboard)/hr/shifts/index.html","","","Access Restricted","A","data-en","","localize"
"apps/web","Frontend/apps/web/src/app/(dashboard)/hr/shifts/index.html","","","Shift templates are not available for your role.","A","data-en","","localize"
"apps/web","Frontend/apps/web/src/app/(dashboard)/hr/shifts/index.html","","","Back to Dashboard","A","data-en","","localize"
"apps/web","Frontend/apps/web/src/app/(dashboard)/hr/shifts/index.html","","","Back to Schedule","A","data-en","","localize"
"apps/web","Frontend/apps/web/src/app/(dashboard)/hr/shifts/index.html","","","Shift Templates","A","data-en","","localize"
"apps/web","Frontend/apps/web/src/app/(dashboard)/hr/shifts/index.html","","","Reusable work shifts (Morning, Evening, Night, ...) you assign employees to.","A","data-en","","localize"
"apps/web","Frontend/apps/web/src/app/(dashboard)/hr/shifts/index.html","","","New shift template","A","data-en","","localize"
"apps/web","Frontend/apps/web/src/app/(dashboard)/hr/shifts/index.html","","","Include inactive","A","data-en","","localize"
"apps/web","Frontend/apps/web/src/app/(dashboard)/hr/shifts/index.html","","","Loading…","A","data-en","","localize"
"apps/web","Frontend/apps/web/src/app/(dashboard)/hr/shifts/index.html","","","New shift template","A","data-en","","localize"
"apps/web","Frontend/apps/web/src/app/(dashboard)/hr/shifts/index.html","","","Name *","A","data-en","","localize"
"apps/web","Frontend/apps/web/src/app/(dashboard)/hr/shifts/index.html","","","Start time *","A","data-en","","localize"
"apps/web","Frontend/apps/web/src/app/(dashboard)/hr/shifts/index.html","","","End time *","A","data-en","","localize"
"apps/web","Frontend/apps/web/src/app/(dashboard)/hr/shifts/index.html","","","Break (minutes)","A","data-en","","localize"
"apps/web","Frontend/apps/web/src/app/(dashboard)/hr/shifts/index.html","","","Grace period (minutes)","A","data-en","","localize"
"apps/web","Frontend/apps/web/src/app/(dashboard)/hr/shifts/index.html","","","If end time is not after start time, the shift is treated as crossing midnight (e.g. Evening 16:00 → 00:00).","A","data-en","","localize"
"apps/web","Frontend/apps/web/src/app/(dashboard)/hr/shifts/index.html","","","Active","A","data-en","","localize"
"apps/web","Frontend/apps/web/src/app/(dashboard)/hr/shifts/index.html","","","Cancel","A","data-en","","localize"
"apps/web","Frontend/apps/web/src/app/(dashboard)/hr/shifts/index.html","","","Save","A","data-en","","localize"
"apps/web","Frontend/apps/web/src/app/(dashboard)/imports/imports-app.js","","","Need settings.manage","A","toast","","localize"
"apps/web","Frontend/apps/web/src/app/(dashboard)/imports/imports-app.js","","","Need settings.manage","A","toast","","localize"
"apps/web","Frontend/apps/web/src/app/(dashboard)/imports/imports-app.js","","","Choose a file","A","toast","","localize"
"apps/web","Frontend/apps/web/src/app/(dashboard)/imports/imports-app.js","","","File too large (max 5 MB).","A","toast","","localize"
"apps/web","Frontend/apps/web/src/app/(dashboard)/imports/imports-app.js","","","Uploaded — validating…","A","toast","","localize"
"apps/web","Frontend/apps/web/src/app/(dashboard)/imports/imports-app.js","","","Mapping saved — re-validating…","A","toast","","localize"
"apps/web","Frontend/apps/web/src/app/(dashboard)/imports/imports-app.js","","","Rollback completed.","A","toast","","localize"
"apps/web","Frontend/apps/web/src/app/(dashboard)/imports/imports-app.js","","","Need plans.manage to create missing plans.","A","toast","","localize"
"apps/web","Frontend/apps/web/src/app/(dashboard)/imports/imports-app.js","","","No error rows in CSV.","A","toast","","localize"
"apps/web","Frontend/apps/web/src/app/(dashboard)/imports/imports-app.js","","","No PLAN_UNMATCHED plan names found.","A","toast","","localize"
"apps/web","Frontend/apps/web/src/app/(dashboard)/imports/imports-app.js","","","Found ","A","toast","","localize"
"apps/web","Frontend/apps/web/src/app/(dashboard)/imports/imports-app.js","","","No plans to create","A","toast","","localize"
"apps/web","Frontend/apps/web/src/app/(dashboard)/imports/imports-app.js","","","Plans created — re-validating…","A","toast","","localize"
"apps/web","Frontend/apps/web/src/app/(dashboard)/imports/imports-app.js","","","Need settings.manage to use imports.","A","toast","","localize"
"apps/web","Frontend/apps/web/src/app/(dashboard)/inventory/adjustments/adjustments-app.js","","","Inventory","A","data-en","","localize"
"apps/web","Frontend/apps/web/src/app/(dashboard)/inventory/adjustments/adjustments-app.js","","","On Hand","A","data-en","","localize"
"apps/web","Frontend/apps/web/src/app/(dashboard)/inventory/adjustments/adjustments-app.js","","","Adjust quantity","A","data-en","","localize"
"apps/web","Frontend/apps/web/src/app/(dashboard)/inventory/adjustments/index.html","","","Inventory","A","data-en","","localize"
"apps/web","Frontend/apps/web/src/app/(dashboard)/inventory/adjustments/index.html","","","Adjust quantity","A","data-en","","localize"
"apps/web","Frontend/apps/web/src/app/(dashboard)/inventory/adjustments/index.html","","","Back to On Hand","A","data-en","","localize"
"apps/web","Frontend/apps/web/src/app/(dashboard)/inventory/adjustments/index.html","","","Adjust quantity","A","data-en","","localize"
"apps/web","Frontend/apps/web/src/app/(dashboard)/inventory/adjustments/index.html","","","Pick an operational reason, adjust qty (and batch when required), then confirm. Drafts do not change stock until posted.","A","data-en","","localize"
"apps/web","Frontend/apps/web/src/app/(dashboard)/inventory/adjustments/index.html","","","New adjustment","A","data-en","","localize"
"apps/web","Frontend/apps/web/src/app/(dashboard)/inventory/adjustments/index.html","","","Warehouse","A","data-en","","localize"
"apps/web","Frontend/apps/web/src/app/(dashboard)/inventory/adjustments/index.html","","","Why?","A","data-en","","localize"
"apps/web","Frontend/apps/web/src/app/(dashboard)/inventory/adjustments/index.html","","","Opening stock","A","data-en","","localize"
"apps/web","Frontend/apps/web/src/app/(dashboard)/inventory/adjustments/index.html","","","Damage","A","data-en","","localize"
"apps/web","Frontend/apps/web/src/app/(dashboard)/inventory/adjustments/index.html","","","Lost / theft","A","data-en","","localize"
"apps/web","Frontend/apps/web/src/app/(dashboard)/inventory/adjustments/index.html","","","Expired write-off","A","data-en","","localize"
"apps/web","Frontend/apps/web/src/app/(dashboard)/inventory/adjustments/index.html","","","Count correction","A","data-en","","localize"
"apps/web","Frontend/apps/web/src/app/(dashboard)/inventory/adjustments/index.html","","","Internal use","A","data-en","","localize"
"apps/web","Frontend/apps/web/src/app/(dashboard)/inventory/adjustments/index.html","","","Employee use","A","data-en","","localize"
"apps/web","Frontend/apps/web/src/app/(dashboard)/inventory/adjustments/index.html","","","Supplier correction","A","data-en","","localize"
"apps/web","Frontend/apps/web/src/app/(dashboard)/inventory/adjustments/index.html","","","Other (note required)","A","data-en","","localize"
"apps/web","Frontend/apps/web/src/app/(dashboard)/inventory/adjustments/index.html","","","Note","A","data-en","","localize"
"apps/web","Frontend/apps/web/src/app/(dashboard)/inventory/counts/counts-app.js","","","Count created — system qty frozen.","A","toast","","localize"
"apps/web","Frontend/apps/web/src/app/(dashboard)/inventory/counts/index.html","","","Stock Management","A","data-en","","localize"
"apps/web","Frontend/apps/web/src/app/(dashboard)/inventory/counts/index.html","","","Count stock","A","data-en","","localize"
"apps/web","Frontend/apps/web/src/app/(dashboard)/inventory/counts/index.html","","","Count stock","A","data-en","","localize"
"apps/web","Frontend/apps/web/src/app/(dashboard)/inventory/counts/index.html","","","Count shelves, then approve to fix the system numbers.","A","data-en","","localize"
"apps/web","Frontend/apps/web/src/app/(dashboard)/inventory/counts/index.html","","","New count","A","data-en","","localize"
"apps/web","Frontend/apps/web/src/app/(dashboard)/inventory/counts/index.html","","","Status","A","data-en","","localize"
"apps/web","Frontend/apps/web/src/app/(dashboard)/inventory/counts/index.html","","","All","A","data-en","","localize"
"apps/web","Frontend/apps/web/src/app/(dashboard)/inventory/counts/index.html","","","Draft","A","data-en","","localize"
"apps/web","Frontend/apps/web/src/app/(dashboard)/inventory/counts/index.html","","","Waiting approval","A","data-en","","localize"
"apps/web","Frontend/apps/web/src/app/(dashboard)/inventory/counts/index.html","","","Approved","A","data-en","","localize"
"apps/web","Frontend/apps/web/src/app/(dashboard)/inventory/counts/index.html","","","Cancelled","A","data-en","","localize"
"apps/web","Frontend/apps/web/src/app/(dashboard)/inventory/counts/index.html","","","Loading…","A","data-en","","localize"
"apps/web","Frontend/apps/web/src/app/(dashboard)/inventory/counts/index.html","","","Pick a count on the left to enter numbers or approve.","A","data-en","","localize"
"apps/web","Frontend/apps/web/src/app/(dashboard)/inventory/counts/index.html","","","New stock count","A","data-en","","localize"
"apps/web","Frontend/apps/web/src/app/(dashboard)/inventory/counts/index.html","","","Warehouse *","A","data-en","","localize"
"apps/web","Frontend/apps/web/src/app/(dashboard)/inventory/counts/index.html","","","Note","A","data-en","","localize"
"apps/web","Frontend/apps/web/src/app/(dashboard)/inventory/counts/index.html","","","Starts a list of every tracked product in that warehouse so you can type the real shelf count.","A","data-en","","localize"
"apps/web","Frontend/apps/web/src/app/(dashboard)/inventory/counts/index.html","","","Cancel","A","data-en","","localize"
"apps/web","Frontend/apps/web/src/app/(dashboard)/inventory/counts/index.html","","","Create draft","A","data-en","","localize"
"apps/web","Frontend/apps/web/src/app/(dashboard)/inventory/index.html","","","Inventory","A","data-en","","localize"
"apps/web","Frontend/apps/web/src/app/(dashboard)/inventory/index.html","","","Overview","A","data-en","","localize"
"apps/web","Frontend/apps/web/src/app/(dashboard)/inventory/index.html","","","Inventory pulse","A","data-en","","localize"
"apps/web","Frontend/apps/web/src/app/(dashboard)/inventory/index.html","","","See stock health, then open On Hand to manage products.","A","data-en","","localize"
"apps/web","Frontend/apps/web/src/app/(dashboard)/inventory/index.html","","","Refresh","A","data-en","","localize"
"apps/web","Frontend/apps/web/src/app/(dashboard)/inventory/index.html","","","Loading…","A","data-en","","localize"
"apps/web","Frontend/apps/web/src/app/(dashboard)/inventory/index.html","","","Need — restock queue","A","data-en","","localize"
"apps/web","Frontend/apps/web/src/app/(dashboard)/inventory/index.html","","","Draft PO from selected","A","data-en","","localize"
"apps/web","Frontend/apps/web/src/app/(dashboard)/inventory/index.html","","","What do you need to do?","A","data-en","","localize"
"apps/web","Frontend/apps/web/src/app/(dashboard)/inventory/index.html","","","Stock Management","A","data-en","","localize"
"apps/web","Frontend/apps/web/src/app/(dashboard)/inventory/index.html","","","On Hand, Move, and Count in one place.","A","data-en","","localize"
"apps/web","Frontend/apps/web/src/app/(dashboard)/inventory/index.html","","","Move stock","A","data-en","","localize"
"apps/web","Frontend/apps/web/src/app/(dashboard)/inventory/index.html","","","Send products between warehouses.","A","data-en","","localize"
"apps/web","Frontend/apps/web/src/app/(dashboard)/inventory/index.html","","","Count stock","A","data-en","","localize"
"apps/web","Frontend/apps/web/src/app/(dashboard)/inventory/index.html","","","Count shelves, then approve.","A","data-en","","localize"
"apps/web","Frontend/apps/web/src/app/(dashboard)/inventory/index.html","","","Insights","A","data-en","","localize"
"apps/web","Frontend/apps/web/src/app/(dashboard)/inventory/index.html","","","Movements, dead stock, performance.","A","data-en","","localize"
"apps/web","Frontend/apps/web/src/app/(dashboard)/inventory/index.html","","","Setup (less often)","A","data-en","","localize"
"apps/web","Frontend/apps/web/src/app/(dashboard)/inventory/index.html","","","Products","A","data-en","","localize"
"apps/web","Frontend/apps/web/src/app/(dashboard)/inventory/index.html","","","Suppliers","A","data-en","","localize"
"apps/web","Frontend/apps/web/src/app/(dashboard)/inventory/index.html","","","Warehouses","A","data-en","","localize"
"apps/web","Frontend/apps/web/src/app/(dashboard)/inventory/index.html","","","Create draft purchase order","A","data-en","","localize"
"apps/web","Frontend/apps/web/src/app/(dashboard)/inventory/index.html","","","Supplier","A","data-en","","localize"
"apps/web","Frontend/apps/web/src/app/(dashboard)/inventory/index.html","","","Receive into warehouse","A","data-en","","localize"
"apps/web","Frontend/apps/web/src/app/(dashboard)/inventory/index.html","","","Notes (optional)","A","data-en","","localize"
"apps/web","Frontend/apps/web/src/app/(dashboard)/inventory/index.html","","","Cancel","A","data-en","","localize"
"apps/web","Frontend/apps/web/src/app/(dashboard)/inventory/index.html","","","Create draft","A","data-en","","localize"
"apps/web","Frontend/apps/web/src/app/(dashboard)/inventory/products/index.html","","","Catalog","A","data-en","","localize"
"apps/web","Frontend/apps/web/src/app/(dashboard)/inventory/products/index.html","","","Products","A","data-en","","localize"
"apps/web","Frontend/apps/web/src/app/(dashboard)/inventory/products/index.html","","","Products","A","data-en","","localize"
"apps/web","Frontend/apps/web/src/app/(dashboard)/inventory/products/index.html","","","What you sell, the price, and how many you have. Buy from a supplier — no warehouse screens.","A","data-en","","localize"
"apps/web","Frontend/apps/web/src/app/(dashboard)/inventory/products/index.html","","","Purchases","A","data-en","","localize"
"apps/web","Frontend/apps/web/src/app/(dashboard)/inventory/products/index.html","","","Categories","A","data-en","","localize"
"apps/web","Frontend/apps/web/src/app/(dashboard)/inventory/products/index.html","","","New product","A","data-en","","localize"
"apps/web","Frontend/apps/web/src/app/(dashboard)/inventory/products/index.html","","","All categories","A","data-en","","localize"
"apps/web","Frontend/apps/web/src/app/(dashboard)/inventory/products/index.html","","","Low","A","data-en","","localize"
"apps/web","Frontend/apps/web/src/app/(dashboard)/inventory/products/index.html","","","Out","A","data-en","","localize"
"apps/web","Frontend/apps/web/src/app/(dashboard)/inventory/products/index.html","","","Archived","A","data-en","","localize"
"apps/web","Frontend/apps/web/src/app/(dashboard)/inventory/products/index.html","","","List","A","data-en","","localize"
"apps/web","Frontend/apps/web/src/app/(dashboard)/inventory/products/index.html","","","Grid","A","data-en","","localize"
"apps/web","Frontend/apps/web/src/app/(dashboard)/inventory/products/index.html","","","shown","A","data-en","","localize"
"apps/web","Frontend/apps/web/src/app/(dashboard)/inventory/products/index.html","","","active","A","data-en","","localize"
"apps/web","Frontend/apps/web/src/app/(dashboard)/inventory/products/index.html","","","archived","A","data-en","","localize"
"apps/web","Frontend/apps/web/src/app/(dashboard)/inventory/products/index.html","","","Loading…","A","data-en","","localize"
"apps/web","Frontend/apps/web/src/app/(dashboard)/inventory/products/index.html","","","Qty left (sellable)","A","data-en","","localize"
"apps/web","Frontend/apps/web/src/app/(dashboard)/inventory/products/index.html","","","Same number Sale uses when you sell this item","A","data-en","","localize"
"apps/web","Frontend/apps/web/src/app/(dashboard)/inventory/products/index.html","","","Stock goes up when you save.","A","data-en","","localize"
"apps/web","Frontend/apps/web/src/app/(dashboard)/inventory/products/index.html","","","1 · From","A","data-en","","localize"
"apps/web","Frontend/apps/web/src/app/(dashboard)/inventory/products/index.html","","","Supplier *","A","data-en","","localize"
"apps/web","Frontend/apps/web/src/app/(dashboard)/inventory/products/index.html","","","New supplier name","A","data-en","","localize"
"apps/web","Frontend/apps/web/src/app/(dashboard)/inventory/products/index.html","","","Phone","A","data-en","","localize"
"apps/web","Frontend/apps/web/src/app/(dashboard)/inventory/products/index.html","","","2 · How many","A","data-en","","localize"
"apps/web","Frontend/apps/web/src/app/(dashboard)/inventory/products/index.html","","","Qty *","A","data-en","","localize"
"apps/web","Frontend/apps/web/src/app/(dashboard)/inventory/products/index.html","","","Cost each *","A","data-en","","localize"
"apps/web","Frontend/apps/web/src/app/(dashboard)/inventory/products/index.html","","","This purchase","A","data-en","","localize"
"apps/web","Frontend/apps/web/src/app/(dashboard)/inventory/products/index.html","","","Qty × cost","A","data-en","","localize"
"apps/web","Frontend/apps/web/src/app/(dashboard)/inventory/products/index.html","","","3 · Pay now","A","data-en","","localize"
"apps/web","Frontend/apps/web/src/app/(dashboard)/inventory/products/index.html","","","Paid now","A","data-en","","localize"
"apps/web","Frontend/apps/web/src/app/(dashboard)/inventory/products/index.html","","","Leave 0 to pay later. After you save, we show what is still open with this supplier.","A","data-en","","localize"
"apps/web","Frontend/apps/web/src/app/(dashboard)/inventory/products/index.html","","","How you paid","A","data-en","","localize"
"apps/web","Frontend/apps/web/src/app/(dashboard)/inventory/products/index.html","","","Batch #","A","data-en","","localize"
"apps/web","Frontend/apps/web/src/app/(dashboard)/inventory/products/index.html","","","Expires on","A","data-en","","localize"
"apps/web","Frontend/apps/web/src/app/(dashboard)/inventory/products/index.html","","","Notes","A","data-en","","localize"
"apps/web","Frontend/apps/web/src/app/(dashboard)/inventory/products/index.html","","","Save &amp; add stock","A","data-en","","localize"
"apps/web","Frontend/apps/web/src/app/(dashboard)/inventory/products/index.html","","","Name *","A","data-en","","localize"
"apps/web","Frontend/apps/web/src/app/(dashboard)/inventory/products/index.html","","","Sell price *","A","data-en","","localize"
"apps/web","Frontend/apps/web/src/app/(dashboard)/inventory/products/index.html","","","Cost","A","data-en","","localize"
"apps/web","Frontend/apps/web/src/app/(dashboard)/inventory/products/index.html","","","Profit","A","data-en","","localize"
"apps/web","Frontend/apps/web/src/app/(dashboard)/inventory/products/index.html","","","Category","A","data-en","","localize"
"apps/web","Frontend/apps/web/src/app/(dashboard)/inventory/products/index.html","","","Qty now","A","data-en","","localize"
"apps/web","Frontend/apps/web/src/app/(dashboard)/inventory/products/index.html","","","Default supplier","A","data-en","","localize"
"apps/web","Frontend/apps/web/src/app/(dashboard)/inventory/products/index.html","","","The supplier normally used when buying this product.","A","data-en","","localize"
"apps/web","Frontend/apps/web/src/app/(dashboard)/inventory/products/index.html","","","Show in Member App","A","data-en","","localize"
"apps/web","Frontend/apps/web/src/app/(dashboard)/inventory/products/index.html","","","Photo","A","data-en","","localize"
"apps/web","Frontend/apps/web/src/app/(dashboard)/inventory/products/products-app.js","","","Inventory","A","data-en","","localize"
"apps/web","Frontend/apps/web/src/app/(dashboard)/inventory/products/products-app.js","","","Catalog","A","data-en","","localize"
"apps/web","Frontend/apps/web/src/app/(dashboard)/inventory/products/products-app.js","","","Batch/expiry items need Pro Stock Management or Fix quantities desk.","A","toast","","localize"
"apps/web","Frontend/apps/web/src/app/(dashboard)/inventory/products/products-app.js","","","Enter a valid quantity","A","toast","","localize"
"apps/web","Frontend/apps/web/src/app/(dashboard)/inventory/products/products-app.js","","","Qty unchanged","A","toast","","localize"
"apps/web","Frontend/apps/web/src/app/(dashboard)/inventory/products/products-app.js","","","Add stock needs qty > 0","A","toast","","localize"
"apps/web","Frontend/apps/web/src/app/(dashboard)/inventory/products/products-app.js","","","This product is not purchasable","A","toast","","localize"
"apps/web","Frontend/apps/web/src/app/(dashboard)/inventory/products/products-app.js","","","Enter qty bought / أدخل الكمية","A","toast","","localize"
"apps/web","Frontend/apps/web/src/app/(dashboard)/inventory/products/products-app.js","","","Batch # required / رقم التشغيلة مطلوب","A","toast","","localize"
"apps/web","Frontend/apps/web/src/app/(dashboard)/inventory/products/products-app.js","","","Expiry date required / تاريخ الصلاحية مطلوب","A","toast","","localize"
"apps/web","Frontend/apps/web/src/app/(dashboard)/inventory/products/products-app.js","","","Paid now cannot exceed purchase total / المدفوع أكبر من الإجمالي","A","toast","","localize"
"apps/web","Frontend/apps/web/src/app/(dashboard)/inventory/products/products-app.js","","","No default stock location yet. Create one warehouse once in settings/inventory.","A","toast","","localize"
"apps/web","Frontend/apps/web/src/app/(dashboard)/inventory/products/products-app.js","","","Order saved as draft but approve failed: ","A","toast","","localize"
"apps/web","Frontend/apps/web/src/app/(dashboard)/inventory/products/products-app.js","","","Approved, but could not find a line to receive.","A","toast","","localize"
"apps/web","Frontend/apps/web/src/app/(dashboard)/inventory/products/products-app.js","","","Approved, but receive failed: ","A","toast","","localize"
"apps/web","Frontend/apps/web/src/app/(dashboard)/inventory/products/products-app.js","","","Bought and stock updated","A","toast","","localize"
"apps/web","Frontend/apps/web/src/app/(dashboard)/inventory/products/products-app.js","","","Product saved, but opening stock failed: ","A","toast","","localize"
"apps/web","Frontend/apps/web/src/app/(dashboard)/inventory/products/products-app.js","","","Product archived","A","toast","","localize"
"apps/web","Frontend/apps/web/src/app/(dashboard)/inventory/products/products-app.js","","","Product restored","A","toast","","localize"
"apps/web","Frontend/apps/web/src/app/(dashboard)/inventory/products/products-app.js","","","Category name required","A","toast","","localize"
"apps/web","Frontend/apps/web/src/app/(dashboard)/inventory/products/products-app.js","","","Photo uploaded","A","toast","","localize"
"apps/web","Frontend/apps/web/src/app/(dashboard)/inventory/purchase-orders/index.html","","","Catalog","A","data-en","","localize"
"apps/web","Frontend/apps/web/src/app/(dashboard)/inventory/purchase-orders/index.html","","","Purchases","A","data-en","","localize"
"apps/web","Frontend/apps/web/src/app/(dashboard)/inventory/purchase-orders/index.html","","","Back to Products","A","data-en","","localize"
"apps/web","Frontend/apps/web/src/app/(dashboard)/inventory/purchase-orders/index.html","","","Purchases","A","data-en","","localize"
"apps/web","Frontend/apps/web/src/app/(dashboard)/inventory/purchase-orders/index.html","","","What you bought and from whom. Saving a purchase increases product quantity.","A","data-en","","localize"
"apps/web","Frontend/apps/web/src/app/(dashboard)/inventory/purchase-orders/index.html","","","New purchase","A","data-en","","localize"
"apps/web","Frontend/apps/web/src/app/(dashboard)/inventory/purchase-orders/index.html","","","Draft","A","data-en","","localize"
"apps/web","Frontend/apps/web/src/app/(dashboard)/inventory/purchase-orders/index.html","","","To receive","A","data-en","","localize"
"apps/web","Frontend/apps/web/src/app/(dashboard)/inventory/purchase-orders/index.html","","","Received","A","data-en","","localize"
"apps/web","Frontend/apps/web/src/app/(dashboard)/inventory/purchase-orders/index.html","","","Loading…","A","data-en","","localize"
"apps/web","Frontend/apps/web/src/app/(dashboard)/inventory/purchase-orders/index.html","","","New purchase","A","data-en","","localize"
"apps/web","Frontend/apps/web/src/app/(dashboard)/inventory/purchase-orders/index.html","","","Pick a supplier, add products, then save. Quantity on each product goes up.","A","data-en","","localize"
"apps/web","Frontend/apps/web/src/app/(dashboard)/inventory/purchase-orders/index.html","","","Supplier *","A","data-en","","localize"
"apps/web","Frontend/apps/web/src/app/(dashboard)/inventory/purchase-orders/index.html","","","Products","A","data-en","","localize"
"apps/web","Frontend/apps/web/src/app/(dashboard)/inventory/purchase-orders/index.html","","","+ Add product","A","data-en","","localize"
"apps/web","Frontend/apps/web/src/app/(dashboard)/inventory/purchase-orders/index.html","","","Product","A","data-en","","localize"
"apps/web","Frontend/apps/web/src/app/(dashboard)/inventory/purchase-orders/index.html","","","Qty","A","data-en","","localize"
"apps/web","Frontend/apps/web/src/app/(dashboard)/inventory/purchase-orders/index.html","","","Cost","A","data-en","","localize"
"apps/web","Frontend/apps/web/src/app/(dashboard)/inventory/purchase-orders/index.html","","","Total","A","data-en","","localize"
"apps/web","Frontend/apps/web/src/app/(dashboard)/inventory/purchase-orders/index.html","","","Notes","A","data-en","","localize"
"apps/web","Frontend/apps/web/src/app/(dashboard)/inventory/purchase-orders/index.html","","","Cancel","A","data-en","","localize"
"apps/web","Frontend/apps/web/src/app/(dashboard)/inventory/purchase-orders/index.html","","","Save &amp; receive","A","data-en","","localize"
"apps/web","Frontend/apps/web/src/app/(dashboard)/inventory/purchase-orders/index.html","","","Receive","A","data-en","","localize"
"apps/web","Frontend/apps/web/src/app/(dashboard)/inventory/purchase-orders/index.html","","","Enter how many arrived. Quantity on the product will go up.","A","data-en","","localize"
"apps/web","Frontend/apps/web/src/app/(dashboard)/inventory/purchase-orders/index.html","","","Cancel","A","data-en","","localize"
"apps/web","Frontend/apps/web/src/app/(dashboard)/inventory/purchase-orders/index.html","","","Add to stock","A","data-en","","localize"
"apps/web","Frontend/apps/web/src/app/(dashboard)/inventory/purchase-orders/purchase-orders-app.js","","","Catalog","A","data-en","","localize"
"apps/web","Frontend/apps/web/src/app/(dashboard)/inventory/purchase-orders/purchase-orders-app.js","","","Products","A","data-en","","localize"
"apps/web","Frontend/apps/web/src/app/(dashboard)/inventory/purchase-orders/purchase-orders-app.js","","","Buy","A","data-en","","localize"
"apps/web","Frontend/apps/web/src/app/(dashboard)/inventory/purchase-orders/purchase-orders-app.js","","","Inventory","A","data-en","","localize"
"apps/web","Frontend/apps/web/src/app/(dashboard)/inventory/purchase-orders/purchase-orders-app.js","","","On Hand","A","data-en","","localize"
"apps/web","Frontend/apps/web/src/app/(dashboard)/inventory/purchase-orders/purchase-orders-app.js","","","Buy","A","data-en","","localize"
"apps/web","Frontend/apps/web/src/app/(dashboard)/inventory/reports/index.html","","","Inventory","A","data-en","","localize"
"apps/web","Frontend/apps/web/src/app/(dashboard)/inventory/reports/index.html","","","Insights","A","data-en","","localize"
"apps/web","Frontend/apps/web/src/app/(dashboard)/inventory/reports/index.html","","","Insights","A","data-en","","localize"
"apps/web","Frontend/apps/web/src/app/(dashboard)/inventory/reports/index.html","","","Pulse, top sellers, idle stock, and ledger history. Dates use Cairo business days.","A","data-en","","localize"
"apps/web","Frontend/apps/web/src/app/(dashboard)/inventory/reports/index.html","","","Refresh","A","data-en","","localize"
"apps/web","Frontend/apps/web/src/app/(dashboard)/inventory/reports/index.html","","","Summary","A","data-en","","localize"
"apps/web","Frontend/apps/web/src/app/(dashboard)/inventory/reports/index.html","","","Top sellers","A","data-en","","localize"
"apps/web","Frontend/apps/web/src/app/(dashboard)/inventory/reports/index.html","","","Dead stock","A","data-en","","localize"
"apps/web","Frontend/apps/web/src/app/(dashboard)/inventory/reports/index.html","","","Movements","A","data-en","","localize"
"apps/web","Frontend/apps/web/src/app/(dashboard)/inventory/reports/index.html","","","Loading…","A","data-en","","localize"
"apps/web","Frontend/apps/web/src/app/(dashboard)/inventory/reports/index.html","","","7d","B","data-en","","leave-technical"
"apps/web","Frontend/apps/web/src/app/(dashboard)/inventory/reports/index.html","","","30d","A","data-en","","localize"
"apps/web","Frontend/apps/web/src/app/(dashboard)/inventory/reports/index.html","","","90d","A","data-en","","localize"
"apps/web","Frontend/apps/web/src/app/(dashboard)/inventory/reports/index.html","","","From (Cairo)","A","data-en","","localize"
"apps/web","Frontend/apps/web/src/app/(dashboard)/inventory/reports/index.html","","","To (Cairo)","A","data-en","","localize"
"apps/web","Frontend/apps/web/src/app/(dashboard)/inventory/reports/index.html","","","Load","A","data-en","","localize"
"apps/web","Frontend/apps/web/src/app/(dashboard)/inventory/reports/index.html","","","Revenue from retail sales in range. Margin needs financial permission.","A","data-en","","localize"
"apps/web","Frontend/apps/web/src/app/(dashboard)/inventory/reports/index.html","","","Idle at least (days)","A","data-en","","localize"
"apps/web","Frontend/apps/web/src/app/(dashboard)/inventory/reports/index.html","","","Load","A","data-en","","localize"
"apps/web","Frontend/apps/web/src/app/(dashboard)/inventory/reports/index.html","","","Products with on-hand qty and no retail sale in the idle window (or never sold).","A","data-en","","localize"
"apps/web","Frontend/apps/web/src/app/(dashboard)/inventory/reports/index.html","","","7d","B","data-en","","leave-technical"
"apps/web","Frontend/apps/web/src/app/(dashboard)/inventory/reports/index.html","","","30d","A","data-en","","localize"
"apps/web","Frontend/apps/web/src/app/(dashboard)/inventory/reports/index.html","","","90d","A","data-en","","localize"
"apps/web","Frontend/apps/web/src/app/(dashboard)/inventory/reports/index.html","","","From (Cairo)","A","data-en","","localize"
"apps/web","Frontend/apps/web/src/app/(dashboard)/inventory/reports/index.html","","","To (Cairo)","A","data-en","","localize"
"apps/web","Frontend/apps/web/src/app/(dashboard)/inventory/reports/index.html","","","Warehouse","A","data-en","","localize"
"apps/web","Frontend/apps/web/src/app/(dashboard)/inventory/reports/index.html","","","Reason","A","data-en","","localize"
"apps/web","Frontend/apps/web/src/app/(dashboard)/inventory/reports/index.html","","","All","A","data-en","","localize"
"apps/web","Frontend/apps/web/src/app/(dashboard)/inventory/reports/index.html","","","Load","A","data-en","","localize"
"apps/web","Frontend/apps/web/src/app/(dashboard)/inventory/reports/index.html","","","Choose a Cairo date range (max 366 days) and Load.","A","data-en","","localize"
"apps/web","Frontend/apps/web/src/app/(dashboard)/inventory/stock/index.html","","","Stock Management","A","data-en","","localize"
"apps/web","Frontend/apps/web/src/app/(dashboard)/inventory/stock/index.html","","","On Hand","A","data-en","","localize"
"apps/web","Frontend/apps/web/src/app/(dashboard)/inventory/stock/index.html","","","On Hand","A","data-en","","localize"
"apps/web","Frontend/apps/web/src/app/(dashboard)/inventory/stock/index.html","","","See what you can sell right now. Tap a product for details, buy &amp; receive, or fix quantity.","A","data-en","","localize"
"apps/web","Frontend/apps/web/src/app/(dashboard)/inventory/stock/index.html","","","Warehouse","A","data-en","","localize"
"apps/web","Frontend/apps/web/src/app/(dashboard)/inventory/stock/index.html","","","All","A","data-en","","localize"
"apps/web","Frontend/apps/web/src/app/(dashboard)/inventory/stock/index.html","","","Low","A","data-en","","localize"
"apps/web","Frontend/apps/web/src/app/(dashboard)/inventory/stock/index.html","","","Can","A","data-en","","localize"
"apps/web","Frontend/apps/web/src/app/(dashboard)/inventory/stock/index.html","","","Expired","A","data-en","","localize"
"apps/web","Frontend/apps/web/src/app/(dashboard)/inventory/stock/index.html","","","OK","B","data-en","","leave-technical"
"apps/web","Frontend/apps/web/src/app/(dashboard)/inventory/stock/index.html","","","Loading…","A","data-en","","localize"
"apps/web","Frontend/apps/web/src/app/(dashboard)/inventory/stock/index.html","","","Details","A","data-en","","localize"
"apps/web","Frontend/apps/web/src/app/(dashboard)/inventory/stock/index.html","","","Sellable (selected WH)","A","data-en","","localize"
"apps/web","Frontend/apps/web/src/app/(dashboard)/inventory/stock/index.html","","","Buy","A","data-en","","localize"
"apps/web","Frontend/apps/web/src/app/(dashboard)/inventory/stock/index.html","","","Adjust quantity","A","data-en","","localize"
"apps/web","Frontend/apps/web/src/app/(dashboard)/inventory/stock/index.html","","","By warehouse","A","data-en","","localize"
"apps/web","Frontend/apps/web/src/app/(dashboard)/inventory/stock/index.html","","","Recent activity","A","data-en","","localize"
"apps/web","Frontend/apps/web/src/app/(dashboard)/inventory/stock/stock-app.js","","","Inventory","A","data-en","","localize"
"apps/web","Frontend/apps/web/src/app/(dashboard)/inventory/stock/stock-app.js","","","On Hand","A","data-en","","localize"
"apps/web","Frontend/apps/web/src/app/(dashboard)/inventory/stock/stock-app.js","","","Inventory","A","data-en","","localize"
"apps/web","Frontend/apps/web/src/app/(dashboard)/inventory/stock/stock-app.js","","","On Hand","A","data-en","","localize"
"apps/web","Frontend/apps/web/src/app/(dashboard)/inventory/stock-management/index.html","","","Inventory","A","data-en","","localize"
"apps/web","Frontend/apps/web/src/app/(dashboard)/inventory/stock-management/index.html","","","Stock Management","A","data-en","","localize"
"apps/web","Frontend/apps/web/src/app/(dashboard)/inventory/stock-management/index.html","","","Stock Management","A","data-en","","localize"
"apps/web","Frontend/apps/web/src/app/(dashboard)/inventory/stock-management/index.html","","","One place to check stock, move between warehouses, and count shelves.","A","data-en","","localize"
"apps/web","Frontend/apps/web/src/app/(dashboard)/inventory/stock-management/index.html","","","On Hand","A","data-en","","localize"
"apps/web","Frontend/apps/web/src/app/(dashboard)/inventory/stock-management/index.html","","","Move","A","data-en","","localize"
"apps/web","Frontend/apps/web/src/app/(dashboard)/inventory/stock-management/index.html","","","Count","A","data-en","","localize"
"apps/web","Frontend/apps/web/src/app/(dashboard)/inventory/suppliers/index.html","","","Catalog","A","data-en","","localize"
"apps/web","Frontend/apps/web/src/app/(dashboard)/inventory/suppliers/index.html","","","Suppliers","A","data-en","","localize"
"apps/web","Frontend/apps/web/src/app/(dashboard)/inventory/suppliers/index.html","","","Suppliers","A","data-en","","localize"
"apps/web","Frontend/apps/web/src/app/(dashboard)/inventory/suppliers/index.html","","","Contact, products you buy, purchase history, and what you still owe.","A","data-en","","localize"
"apps/web","Frontend/apps/web/src/app/(dashboard)/inventory/suppliers/index.html","","","New supplier","A","data-en","","localize"
"apps/web","Frontend/apps/web/src/app/(dashboard)/inventory/suppliers/index.html","","","Include inactive","A","data-en","","localize"
"apps/web","Frontend/apps/web/src/app/(dashboard)/inventory/suppliers/index.html","","","Loading…","A","data-en","","localize"
"apps/web","Frontend/apps/web/src/app/(dashboard)/inventory/suppliers/index.html","","","New supplier","A","data-en","","localize"
"apps/web","Frontend/apps/web/src/app/(dashboard)/inventory/suppliers/index.html","","","Name *","A","data-en","","localize"
"apps/web","Frontend/apps/web/src/app/(dashboard)/inventory/suppliers/index.html","","","Name (AR)","A","data-en","","localize"
"apps/web","Frontend/apps/web/src/app/(dashboard)/inventory/suppliers/index.html","","","Phone","A","data-en","","localize"
"apps/web","Frontend/apps/web/src/app/(dashboard)/inventory/suppliers/index.html","","","Email","A","data-en","","localize"
"apps/web","Frontend/apps/web/src/app/(dashboard)/inventory/suppliers/index.html","","","Payment terms","A","data-en","","localize"
"apps/web","Frontend/apps/web/src/app/(dashboard)/inventory/suppliers/index.html","","","Address","A","data-en","","localize"
"apps/web","Frontend/apps/web/src/app/(dashboard)/inventory/suppliers/index.html","","","Notes","A","data-en","","localize"
"apps/web","Frontend/apps/web/src/app/(dashboard)/inventory/suppliers/index.html","","","Opening balance (optional)","A","data-en","","localize"
"apps/web","Frontend/apps/web/src/app/(dashboard)/inventory/suppliers/index.html","","","Amount (EGP)","A","data-en","","localize"
"apps/web","Frontend/apps/web/src/app/(dashboard)/inventory/suppliers/index.html","","","Type","A","data-en","","localize"
"apps/web","Frontend/apps/web/src/app/(dashboard)/inventory/suppliers/index.html","","","Owed to supplier (له)","A","data-en","","localize"
"apps/web","Frontend/apps/web/src/app/(dashboard)/inventory/suppliers/index.html","","","Owed by supplier (عليه)","A","data-en","","localize"
"apps/web","Frontend/apps/web/src/app/(dashboard)/inventory/suppliers/index.html","","","Active","A","data-en","","localize"
"apps/web","Frontend/apps/web/src/app/(dashboard)/inventory/suppliers/index.html","","","Cancel","A","data-en","","localize"
"apps/web","Frontend/apps/web/src/app/(dashboard)/inventory/suppliers/index.html","","","Save","A","data-en","","localize"
"apps/web","Frontend/apps/web/src/app/(dashboard)/inventory/suppliers/index.html","","","Record payment","A","data-en","","localize"
"apps/web","Frontend/apps/web/src/app/(dashboard)/inventory/suppliers/index.html","","","Amount (EGP) *","A","data-en","","localize"
"apps/web","Frontend/apps/web/src/app/(dashboard)/inventory/suppliers/index.html","","","Method","A","data-en","","localize"
"apps/web","Frontend/apps/web/src/app/(dashboard)/inventory/suppliers/index.html","","","Cash","A","data-en","","localize"
"apps/web","Frontend/apps/web/src/app/(dashboard)/inventory/suppliers/index.html","","","Card","A","data-en","","localize"
"apps/web","Frontend/apps/web/src/app/(dashboard)/inventory/suppliers/index.html","","","Transfer","A","data-en","","localize"
"apps/web","Frontend/apps/web/src/app/(dashboard)/inventory/suppliers/index.html","","","Other","A","data-en","","localize"
"apps/web","Frontend/apps/web/src/app/(dashboard)/inventory/suppliers/index.html","","","Note","A","data-en","","localize"
"apps/web","Frontend/apps/web/src/app/(dashboard)/inventory/suppliers/index.html","","","Cancel","A","data-en","","localize"
"apps/web","Frontend/apps/web/src/app/(dashboard)/inventory/suppliers/index.html","","","Post payment","A","data-en","","localize"
"apps/web","Frontend/apps/web/src/app/(dashboard)/inventory/suppliers/index.html","","","Account statement","A","data-en","","localize"
"apps/web","Frontend/apps/web/src/app/(dashboard)/inventory/suppliers/index.html","","","Click a row to see what was bought or paid.","A","data-en","","localize"
"apps/web","Frontend/apps/web/src/app/(dashboard)/inventory/suppliers/index.html","","","Close","A","data-en","","localize"
"apps/web","Frontend/apps/web/src/app/(dashboard)/inventory/suppliers/index.html","","","Back to statement","A","data-en","","localize"
"apps/web","Frontend/apps/web/src/app/(dashboard)/inventory/transfers/index.html","","","Stock Management","A","data-en","","localize"
"apps/web","Frontend/apps/web/src/app/(dashboard)/inventory/transfers/index.html","","","Move stock","A","data-en","","localize"
"apps/web","Frontend/apps/web/src/app/(dashboard)/inventory/transfers/index.html","","","Move stock","A","data-en","","localize"
"apps/web","Frontend/apps/web/src/app/(dashboard)/inventory/transfers/index.html","","","Send products from one warehouse to another. Create → send → receive at the other side.","A","data-en","","localize"
"apps/web","Frontend/apps/web/src/app/(dashboard)/inventory/transfers/index.html","","","New transfer","A","data-en","","localize"
"apps/web","Frontend/apps/web/src/app/(dashboard)/inventory/transfers/index.html","","","Status","A","data-en","","localize"
"apps/web","Frontend/apps/web/src/app/(dashboard)/inventory/transfers/index.html","","","All","A","data-en","","localize"
"apps/web","Frontend/apps/web/src/app/(dashboard)/inventory/transfers/index.html","","","Pending","A","data-en","","localize"
"apps/web","Frontend/apps/web/src/app/(dashboard)/inventory/transfers/index.html","","","On the way","A","data-en","","localize"
"apps/web","Frontend/apps/web/src/app/(dashboard)/inventory/transfers/index.html","","","Done","A","data-en","","localize"
"apps/web","Frontend/apps/web/src/app/(dashboard)/inventory/transfers/index.html","","","Cancelled","A","data-en","","localize"
"apps/web","Frontend/apps/web/src/app/(dashboard)/inventory/transfers/index.html","","","Loading…","A","data-en","","localize"
"apps/web","Frontend/apps/web/src/app/(dashboard)/inventory/transfers/index.html","","","Pick a transfer on the left to see next steps.","A","data-en","","localize"
"apps/web","Frontend/apps/web/src/app/(dashboard)/inventory/transfers/index.html","","","New transfer","A","data-en","","localize"
"apps/web","Frontend/apps/web/src/app/(dashboard)/inventory/transfers/index.html","","","From warehouse *","A","data-en","","localize"
"apps/web","Frontend/apps/web/src/app/(dashboard)/inventory/transfers/index.html","","","To warehouse *","A","data-en","","localize"
"apps/web","Frontend/apps/web/src/app/(dashboard)/inventory/transfers/index.html","","","Note","A","data-en","","localize"
"apps/web","Frontend/apps/web/src/app/(dashboard)/inventory/transfers/index.html","","","Lines","A","data-en","","localize"
"apps/web","Frontend/apps/web/src/app/(dashboard)/inventory/transfers/index.html","","","+ Add line","A","data-en","","localize"
"apps/web","Frontend/apps/web/src/app/(dashboard)/inventory/transfers/index.html","","","Cancel","A","data-en","","localize"
"apps/web","Frontend/apps/web/src/app/(dashboard)/inventory/transfers/index.html","","","Create pending","A","data-en","","localize"
"apps/web","Frontend/apps/web/src/app/(dashboard)/inventory/transfers/transfers-app.js","","","Transfer created (pending).","A","toast","","localize"
"apps/web","Frontend/apps/web/src/app/(dashboard)/inventory/warehouses/index.html","","","Inventory","A","data-en","","localize"
"apps/web","Frontend/apps/web/src/app/(dashboard)/inventory/warehouses/index.html","","","Warehouses","A","data-en","","localize"
"apps/web","Frontend/apps/web/src/app/(dashboard)/inventory/warehouses/index.html","","","Warehouses","A","data-en","","localize"
"apps/web","Frontend/apps/web/src/app/(dashboard)/inventory/warehouses/index.html","","","Where products are stored at your gym — not branch locations. One default warehouse.","A","data-en","","localize"
"apps/web","Frontend/apps/web/src/app/(dashboard)/inventory/warehouses/index.html","","","New warehouse","A","data-en","","localize"
"apps/web","Frontend/apps/web/src/app/(dashboard)/inventory/warehouses/index.html","","","Include inactive","A","data-en","","localize"
"apps/web","Frontend/apps/web/src/app/(dashboard)/inventory/warehouses/index.html","","","Default:","A","data-en","","localize"
"apps/web","Frontend/apps/web/src/app/(dashboard)/inventory/warehouses/index.html","","","Loading…","A","data-en","","localize"
"apps/web","Frontend/apps/web/src/app/(dashboard)/inventory/warehouses/warehouses-app.js","","","Default warehouse updated","A","toast","","localize"
"apps/web","Frontend/apps/web/src/app/(dashboard)/invitations/index.html","","","Members","A","data-en","","localize"
"apps/web","Frontend/apps/web/src/app/(dashboard)/invitations/index.html","","","Invitations","A","data-en","","localize"
"apps/web","Frontend/apps/web/src/app/(dashboard)/invitations/index.html","","","Invitations","A","data-en","","localize"
"apps/web","Frontend/apps/web/src/app/(dashboard)/invitations/index.html","","","People members recommended. Call them, update status, then use Trial or Sale if they join.","A","data-en","","localize"
"apps/web","Frontend/apps/web/src/app/(dashboard)/invitations/index.html","","","New invitation","A","data-en","","localize"
"apps/web","Frontend/apps/web/src/app/(dashboard)/invitations/index.html","","","Refresh","A","data-en","","localize"
"apps/web","Frontend/apps/web/src/app/(dashboard)/invitations/invitations-app.js","","","Status saved","A","toast","","localize"
"apps/web","Frontend/apps/web/src/app/(dashboard)/invitations/invitations-app.js","","","Select the member who is inviting","A","toast","","localize"
"apps/web","Frontend/apps/web/src/app/(dashboard)/invitations/invitations-app.js","","","Friend’s name is required","A","toast","","localize"
"apps/web","Frontend/apps/web/src/app/(dashboard)/invitations/invitations-app.js","","","Phone is required","A","toast","","localize"
"apps/web","Frontend/apps/web/src/app/(dashboard)/invitations/invitations-app.js","","","National ID must be 14 digits","A","toast","","localize"
"apps/web","Frontend/apps/web/src/app/(dashboard)/invoices/index.html","","","Invoices","A","data-en","","localize"
"apps/web","Frontend/apps/web/src/app/(dashboard)/invoices/index.html","","","What you sold, and what you bought from suppliers.","A","data-en","","localize"
"apps/web","Frontend/apps/web/src/app/(dashboard)/invoices/index.html","","","Memberships","A","data-en","","localize"
"apps/web","Frontend/apps/web/src/app/(dashboard)/invoices/index.html","","","Products sold","A","data-en","","localize"
"apps/web","Frontend/apps/web/src/app/(dashboard)/invoices/index.html","","","Classes &amp; drop-ins","A","data-en","","localize"
"apps/web","Frontend/apps/web/src/app/(dashboard)/invoices/index.html","","","Suppliers","A","data-en","","localize"
"apps/web","Frontend/apps/web/src/app/(dashboard)/invoices/index.html","","","All","A","data-en","","localize"
"apps/web","Frontend/apps/web/src/app/(dashboard)/invoices/invoices-app.js","","","This invoice is not linked to a sale.","A","toast","","localize"
"apps/web","Frontend/apps/web/src/app/(dashboard)/invoices/invoices-app.js","","","Refund is still loading. Refresh the page.","A","toast","","localize"
"apps/web","Frontend/apps/web/src/app/(dashboard)/invoices/invoices-app.js","","","Invoice resend queued.","A","toast","","localize"
"apps/web","Frontend/apps/web/src/app/(dashboard)/invoices/invoices-app.js","","","Void reason required.","A","toast","","localize"
"apps/web","Frontend/apps/web/src/app/(dashboard)/invoices/invoices-app.js","","","Invoice voided.","A","toast","","localize"
"apps/web","Frontend/apps/web/src/app/(dashboard)/invoices/invoices-app.js","","","Print failed — wait for the invoice to load.","A","toast","","localize"
"apps/web","Frontend/apps/web/src/app/(dashboard)/member-orders/index.html","","","Front desk","A","data-en","","localize"
"apps/web","Frontend/apps/web/src/app/(dashboard)/member-orders/index.html","","","Member Orders","A","data-en","","localize"
"apps/web","Frontend/apps/web/src/app/(dashboard)/member-orders/index.html","","","Member Orders unavailable","A","data-en","","localize"
"apps/web","Frontend/apps/web/src/app/(dashboard)/member-orders/index.html","","","This feature is disabled or you do not have access.","A","data-en","","localize"
"apps/web","Frontend/apps/web/src/app/(dashboard)/member-orders/index.html","","","From the app","A","data-en","","localize"
"apps/web","Frontend/apps/web/src/app/(dashboard)/member-orders/index.html","","","Pack what the member asked for. Tap a row. Take money on Sale only if they still need to pay.","A","data-en","","localize"
"apps/web","Frontend/apps/web/src/app/(dashboard)/member-orders/index.html","","","Refresh","A","data-en","","localize"
"apps/web","Frontend/apps/web/src/app/(dashboard)/member-orders/index.html","","","All","A","data-en","","localize"
"apps/web","Frontend/apps/web/src/app/(dashboard)/member-orders/index.html","","","New","A","data-en","","localize"
"apps/web","Frontend/apps/web/src/app/(dashboard)/member-orders/index.html","","","Preparing","A","data-en","","localize"
"apps/web","Frontend/apps/web/src/app/(dashboard)/member-orders/index.html","","","Ready","A","data-en","","localize"
"apps/web","Frontend/apps/web/src/app/(dashboard)/member-orders/index.html","","","Done","A","data-en","","localize"
"apps/web","Frontend/apps/web/src/app/(dashboard)/member-orders/index.html","","","Couldn","A","data-en","","localize"
"apps/web","Frontend/apps/web/src/app/(dashboard)/member-orders/index.html","","","Who","A","data-en","","localize"
"apps/web","Frontend/apps/web/src/app/(dashboard)/member-orders/index.html","","","What","A","data-en","","localize"
"apps/web","Frontend/apps/web/src/app/(dashboard)/member-orders/index.html","","","Total","A","data-en","","localize"
"apps/web","Frontend/apps/web/src/app/(dashboard)/member-orders/index.html","","","When","A","data-en","","localize"
"apps/web","Frontend/apps/web/src/app/(dashboard)/member-orders/index.html","","","Status","A","data-en","","localize"
"apps/web","Frontend/apps/web/src/app/(dashboard)/member-orders/index.html","","","Loading…","A","data-en","","localize"
"apps/web","Frontend/apps/web/src/app/(dashboard)/member-orders/index.html","","","Close","A","data-en","","localize"
"apps/web","Frontend/apps/web/src/app/(dashboard)/member-orders/index.html","","","Loading…","A","data-en","","localize"
"apps/web","Frontend/apps/web/src/app/(dashboard)/member-orders/index.html","","","Why? (optional)","A","data-en","","localize"
"apps/web","Frontend/apps/web/src/app/(dashboard)/member-orders/index.html","","","Confirm","A","data-en","","localize"
"apps/web","Frontend/apps/web/src/app/(dashboard)/members/index.html","","","Member onboarded","A","data-en","","localize"
"apps/web","Frontend/apps/web/src/app/(dashboard)/members/index.html","","","Invoice","A","data-en","","localize"
"apps/web","Frontend/apps/web/src/app/(dashboard)/members/index.html","","","Print invoice","A","data-en","","localize"
"apps/web","Frontend/apps/web/src/app/(dashboard)/members/index.html","","","Refund","A","data-en","","localize"
"apps/web","Frontend/apps/web/src/app/(dashboard)/members/index.html","","","Barcode card","A","data-en","","localize"
"apps/web","Frontend/apps/web/src/app/(dashboard)/members/index.html","","","Print barcode card","A","data-en","","localize"
"apps/web","Frontend/apps/web/src/app/(dashboard)/members/index.html","","","Done","A","data-en","","localize"
"apps/web","Frontend/apps/web/src/app/(dashboard)/members/member-modals.js","","","Print view not available","A","toast","","localize"
"apps/web","Frontend/apps/web/src/app/(dashboard)/members/member-modals.js","","","Allow pop-ups / try Print again","A","toast","","localize"
"apps/web","Frontend/apps/web/src/app/(dashboard)/members/member-modals.js","","","Member created — select a membership","A","toast","","localize"
"apps/web","Frontend/apps/web/src/app/(dashboard)/members/member-modals.js","","","Onboarding complete — print invoice & card","A","toast","","localize"
"apps/web","Frontend/apps/web/src/app/(dashboard)/members/member-modals.js","","","Member created without membership","A","toast","","localize"
"apps/web","Frontend/apps/web/src/app/(dashboard)/members/member-modals.js","","","Invoice not ready yet","A","toast","","localize"
"apps/web","Frontend/apps/web/src/app/(dashboard)/members/member-modals.js","","","Member id missing","A","toast","","localize"
"apps/web","Frontend/apps/web/src/app/(dashboard)/members/member-modals.js","","","Allow pop-ups / try Print again","A","toast","","localize"
"apps/web","Frontend/apps/web/src/app/(dashboard)/members/member-modals.js","","","Missing members.edit permission","A","toast","","localize"
"apps/web","Frontend/apps/web/src/app/(dashboard)/members/member-modals.js","","","API client missing","A","toast","","localize"
"apps/web","Frontend/apps/web/src/app/(dashboard)/members/member-modals.js","","","Failed to load member data","A","toast","","localize"
"apps/web","Frontend/apps/web/src/app/(dashboard)/members/member-modals.js","","","Member updated successfully","A","toast","","localize"
"apps/web","Frontend/apps/web/src/app/(dashboard)/members/member-modals.js","","","Member id required","A","toast","","localize"
"apps/web","Frontend/apps/web/src/app/(dashboard)/members/member-modals.js","","","Manager or above required to assign","A","toast","","localize"
"apps/web","Frontend/apps/web/src/app/(dashboard)/members/member-modals.js","","","Assign modal missing","A","toast","","localize"
"apps/web","Frontend/apps/web/src/app/(dashboard)/members/member-modals.js","","","Blocked: active membership exists","A","toast","","localize"
"apps/web","Frontend/apps/web/src/app/(dashboard)/members/member-modals.js","","","Missing members.create permission","A","toast","","localize"
"apps/web","Frontend/apps/web/src/app/(dashboard)/members/[id]/index.html","","","Reprint card","A","data-en","","localize"
"apps/web","Frontend/apps/web/src/app/(dashboard)/members/[id]/index.html","","","Access barcode","A","data-en","","localize"
"apps/web","Frontend/apps/web/src/app/(dashboard)/members/[id]/index.html","","","Same code as the printed card — desk scan check-in","A","data-en","","localize"
"apps/web","Frontend/apps/web/src/app/(dashboard)/members/[id]/index.html","","","Reprint barcode card","A","data-en","","localize"
"apps/web","Frontend/apps/web/src/app/(dashboard)/members/[id]/index.html","","","Financial","A","data-en","","localize"
"apps/web","Frontend/apps/web/src/app/(dashboard)/members/[id]/index.html","","","Outstanding","A","data-en","","localize"
"apps/web","Frontend/apps/web/src/app/(dashboard)/members/[id]/index.html","","","Collect Payment","A","data-en","","localize"
"apps/web","Frontend/apps/web/src/app/(dashboard)/members/[id]/index.html","","","View invoices","A","data-en","","localize"
"apps/web","Frontend/apps/web/src/app/(dashboard)/members/[id]/index.html","","","Refund history","A","data-en","","localize"
"apps/web","Frontend/apps/web/src/app/(dashboard)/members/[id]/index.html","","","Member App","A","data-en","","localize"
"apps/web","Frontend/apps/web/src/app/(dashboard)/members/[id]/index.html","","","Status: —","A","data-en","","localize"
"apps/web","Frontend/apps/web/src/app/(dashboard)/members/[id]/index.html","","","Show once to the member — not stored again","A","data-en","","localize"
"apps/web","Frontend/apps/web/src/app/(dashboard)/members/[id]/index.html","","","Generate Activation Code","A","data-en","","localize"
"apps/web","Frontend/apps/web/src/app/(dashboard)/members/[id]/index.html","","","Outstanding sale","A","data-en","","localize"
"apps/web","Frontend/apps/web/src/app/(dashboard)/members/[id]/index.html","","","Amount due (EGP)","A","data-en","","localize"
"apps/web","Frontend/apps/web/src/app/(dashboard)/members/[id]/index.html","","","Method","A","data-en","","localize"
"apps/web","Frontend/apps/web/src/app/(dashboard)/members/[id]/index.html","","","Take payment","A","data-en","","localize"
"apps/web","Frontend/apps/web/src/app/(dashboard)/members/[id]/index.html","","","Barcode card","A","data-en","","localize"
"apps/web","Frontend/apps/web/src/app/(dashboard)/members/[id]/index.html","","","Close","A","data-en","","localize"
"apps/web","Frontend/apps/web/src/app/(dashboard)/members/[id]/index.html","","","Print","A","data-en","","localize"
"apps/web","Frontend/apps/web/src/app/(dashboard)/members/[id]/member-detail.js","","","API client missing — hard-refresh","A","toast","","localize"
"apps/web","Frontend/apps/web/src/app/(dashboard)/members/[id]/member-detail.js","","","Unable to load member","A","toast","","localize"
"apps/web","Frontend/apps/web/src/app/(dashboard)/members/[id]/member-detail.js","","","Failed to refresh","A","toast","","localize"
"apps/web","Frontend/apps/web/src/app/(dashboard)/members/[id]/member-detail.js","","","API client missing — hard-refresh","A","toast","","localize"
"apps/web","Frontend/apps/web/src/app/(dashboard)/members/[id]/member-detail.js","","","Friend’s name is required","A","toast","","localize"
"apps/web","Frontend/apps/web/src/app/(dashboard)/members/[id]/member-detail.js","","","Phone is required","A","toast","","localize"
"apps/web","Frontend/apps/web/src/app/(dashboard)/members/[id]/member-detail.js","","","National ID must be 14 digits","A","toast","","localize"
"apps/web","Frontend/apps/web/src/app/(dashboard)/members/[id]/member-detail.js","","","Manager or above required","A","toast","","localize"
"apps/web","Frontend/apps/web/src/app/(dashboard)/members/[id]/member-detail.js","","","Nothing to cancel","A","toast","","localize"
"apps/web","Frontend/apps/web/src/app/(dashboard)/members/[id]/member-detail.js","","","Manager or above required","A","toast","","localize"
"apps/web","Frontend/apps/web/src/app/(dashboard)/members/[id]/member-detail.js","","","Membership cancelled","A","toast","","localize"
"apps/web","Frontend/apps/web/src/app/(dashboard)/members/[id]/member-detail.js","","","memberships.freeze permission required","A","toast","","localize"
"apps/web","Frontend/apps/web/src/app/(dashboard)/members/[id]/member-detail.js","","","Unfrozen","A","toast","","localize"
"apps/web","Frontend/apps/web/src/app/(dashboard)/members/[id]/member-detail.js","","","memberships.freeze permission required","A","toast","","localize"
"apps/web","Frontend/apps/web/src/app/(dashboard)/members/[id]/member-detail.js","","","Select freeze until date","A","toast","","localize"
"apps/web","Frontend/apps/web/src/app/(dashboard)/members/[id]/member-detail.js","","","Membership frozen","A","toast","","localize"
"apps/web","Frontend/apps/web/src/app/(dashboard)/members/[id]/member-detail.js","","","Only Owners can change account active status","A","toast","","localize"
"apps/web","Frontend/apps/web/src/app/(dashboard)/members/[id]/member-detail.js","","","Account reactivated","A","toast","","localize"
"apps/web","Frontend/apps/web/src/app/(dashboard)/members/[id]/member-detail.js","","","Only Owners can deactivate members","A","toast","","localize"
"apps/web","Frontend/apps/web/src/app/(dashboard)/members/[id]/member-detail.js","","","Member account deactivated (membership unchanged)","A","toast","","localize"
"apps/web","Frontend/apps/web/src/app/(dashboard)/members/[id]/member-detail.js","","","Only Owners can change account status","A","toast","","localize"
"apps/web","Frontend/apps/web/src/app/(dashboard)/members/[id]/member-detail.js","","","Account reactivated","A","toast","","localize"
"apps/web","Frontend/apps/web/src/app/(dashboard)/members/[id]/member-detail.js","","","Please fill in title and message","A","toast","","localize"
"apps/web","Frontend/apps/web/src/app/(dashboard)/members/[id]/member-detail.js","","","Notification sent successfully","A","toast","","localize"
"apps/web","Frontend/apps/web/src/app/(dashboard)/members/[id]/member-detail.js","","","Failed to send notification","A","toast","","localize"
"apps/web","Frontend/apps/web/src/app/(dashboard)/members/[id]/member-detail.js","","","Failed to send notification","A","toast","","localize"
"apps/web","Frontend/apps/web/src/app/(dashboard)/members/[id]/member-detail.js","","","Missing members.edit permission","A","toast","","localize"
"apps/web","Frontend/apps/web/src/app/(dashboard)/members/[id]/member-detail.js","","","Missing members.edit permission","A","toast","","localize"
"apps/web","Frontend/apps/web/src/app/(dashboard)/members/[id]/member-detail.js","","","Manager or above required","A","toast","","localize"
"apps/web","Frontend/apps/web/src/app/(dashboard)/members/[id]/member-detail.js","","","Network error","A","toast","","localize"
"apps/web","Frontend/apps/web/src/app/(dashboard)/memberships/index.html","","","Memberships","A","data-en","","localize"
"apps/web","Frontend/apps/web/src/app/(dashboard)/memberships/index.html","","","Active","A","data-en","","localize"
"apps/web","Frontend/apps/web/src/app/(dashboard)/memberships/index.html","","","Frozen","A","data-en","","localize"
"apps/web","Frontend/apps/web/src/app/(dashboard)/memberships/index.html","","","Expired","A","data-en","","localize"
"apps/web","Frontend/apps/web/src/app/(dashboard)/memberships/index.html","","","Print","A","data-en","","localize"
"apps/web","Frontend/apps/web/src/app/(dashboard)/memberships/index.html","","","Close","A","data-en","","localize"
"apps/web","Frontend/apps/web/src/app/(dashboard)/memberships/index.html","","","Member card","A","data-en","","localize"
"apps/web","Frontend/apps/web/src/app/(dashboard)/notifications/index.html","","","Notifications","A","data-en","","localize"
"apps/web","Frontend/apps/web/src/app/(dashboard)/notifications/index.html","","","Notifications","A","data-en","","localize"
"apps/web","Frontend/apps/web/src/app/(dashboard)/notifications/index.html","","","Actionable alerts for your desk — not an audit log.","A","data-en","","localize"
"apps/web","Frontend/apps/web/src/app/(dashboard)/notifications/index.html","","","Inbox","A","data-en","","localize"
"apps/web","Frontend/apps/web/src/app/(dashboard)/notifications/index.html","","","Send to members","A","data-en","","localize"
"apps/web","Frontend/apps/web/src/app/(dashboard)/notifications/index.html","","","All","A","data-en","","localize"
"apps/web","Frontend/apps/web/src/app/(dashboard)/notifications/index.html","","","Unread","A","data-en","","localize"
"apps/web","Frontend/apps/web/src/app/(dashboard)/notifications/index.html","","","Mark all as read","A","data-en","","localize"
"apps/web","Frontend/apps/web/src/app/(dashboard)/notifications/index.html","","","Loading…","A","data-en","","localize"
"apps/web","Frontend/apps/web/src/app/(dashboard)/notifications/index.html","","","Send Notification","A","data-en","","localize"
"apps/web","Frontend/apps/web/src/app/(dashboard)/notifications/index.html","","","Target Audience","A","data-en","","localize"
"apps/web","Frontend/apps/web/src/app/(dashboard)/notifications/index.html","","","All active members","A","data-en","","localize"
"apps/web","Frontend/apps/web/src/app/(dashboard)/notifications/index.html","","","Specific members","A","data-en","","localize"
"apps/web","Frontend/apps/web/src/app/(dashboard)/notifications/index.html","","","Message Content","A","data-en","","localize"
"apps/web","Frontend/apps/web/src/app/(dashboard)/notifications/index.html","","","Delivery Channel","A","data-en","","localize"
"apps/web","Frontend/apps/web/src/app/(dashboard)/notifications/index.html","","","Send Now","A","data-en","","localize"
"apps/web","Frontend/apps/web/src/app/(dashboard)/notifications/index.html","","","Sent History","A","data-en","","localize"
"apps/web","Frontend/apps/web/src/app/(dashboard)/offers/offers-app.js","","","Could not load offers (","A","toast","","localize"
"apps/web","Frontend/apps/web/src/app/(dashboard)/offers/offers-app.js","","","Moved browser offers into the gym","A","toast","","localize"
"apps/web","Frontend/apps/web/src/app/(dashboard)/offers/offers-app.js","","","Duplicate failed","A","toast","","localize"
"apps/web","Frontend/apps/web/src/app/(dashboard)/offers/offers-app.js","","","Duplicated as draft","A","toast","","localize"
"apps/web","Frontend/apps/web/src/app/(dashboard)/offers/offers-app.js","","","Could not end offer","A","toast","","localize"
"apps/web","Frontend/apps/web/src/app/(dashboard)/offers/offers-app.js","","","Offer ended","A","toast","","localize"
"apps/web","Frontend/apps/web/src/app/(dashboard)/offers/offers-app.js","","","Creating offers needs plans.manage","A","toast","","localize"
"apps/web","Frontend/apps/web/src/app/(dashboard)/offers/offers-app.js","","","Offer name is required","A","toast","","localize"
"apps/web","Frontend/apps/web/src/app/(dashboard)/offers/offers-app.js","","","Start and end dates are required","A","toast","","localize"
"apps/web","Frontend/apps/web/src/app/(dashboard)/offers/offers-app.js","","","End date must be on or after start date","A","toast","","localize"
"apps/web","Frontend/apps/web/src/app/(dashboard)/offers/offers-app.js","","","Buy and Get must be at least 1","A","toast","","localize"
"apps/web","Frontend/apps/web/src/app/(dashboard)/offers/offers-app.js","","","Discount value must be greater than 0","A","toast","","localize"
"apps/web","Frontend/apps/web/src/app/(dashboard)/offers/offers-app.js","","","Promo code is required for code redemption","A","toast","","localize"
"apps/web","Frontend/apps/web/src/app/(dashboard)/offers/offers-app.js","","","Fix required fields before publishing","A","toast","","localize"
"apps/web","Frontend/apps/web/src/app/(dashboard)/offers/offers-app.js","","","Offer name is required","A","toast","","localize"
"apps/web","Frontend/apps/web/src/app/(dashboard)/offers/offers-app.js","","","API client missing","A","toast","","localize"
"apps/web","Frontend/apps/web/src/app/(dashboard)/plans/plans-app.js","","","Plan soft-deleted (inactive)","A","toast","","localize"
"apps/web","Frontend/apps/web/src/app/(dashboard)/pos/index.html","","","Open a cash shift first","A","data-en","","localize"
"apps/web","Frontend/apps/web/src/app/(dashboard)/pos/index.html","","","Cash sales need an open drawer. Open a shift, then come back here.","A","data-en","","localize"
"apps/web","Frontend/apps/web/src/app/(dashboard)/pos/index.html","","","Open shift","A","data-en","","localize"
"apps/web","Frontend/apps/web/src/app/(dashboard)/pos/index.html","","","Sales are turned off for this gym","A","data-en","","localize"
"apps/web","Frontend/apps/web/src/app/(dashboard)/pos/index.html","","","Ask the owner to enable Sales on the subscription. You cannot complete POS sales until then.","A","data-en","","localize"
"apps/web","Frontend/apps/web/src/app/(dashboard)/pos/index.html","","","Sale","A","data-en","","localize"
"apps/web","Frontend/apps/web/src/app/(dashboard)/pos/index.html","","","Scan or tap, take cash or card, print. Memberships stay in Members.","A","data-en","","localize"
"apps/web","Frontend/apps/web/src/app/(dashboard)/pos/index.html","","","Offers","A","data-en","","localize"
"apps/web","Frontend/apps/web/src/app/(dashboard)/pos/index.html","","","New sale","A","data-en","","localize"
"apps/web","Frontend/apps/web/src/app/(dashboard)/pos/index.html","","","Inventory is off for this gym","A","data-en","","localize"
"apps/web","Frontend/apps/web/src/app/(dashboard)/pos/index.html","","","Retail stock sales need the inventory feature. Memberships are managed in Members.","A","data-en","","localize"
"apps/web","Frontend/apps/web/src/app/(dashboard)/pos/index.html","","","Products","A","data-en","","localize"
"apps/web","Frontend/apps/web/src/app/(dashboard)/pos/index.html","","","Tap to add","A","data-en","","localize"
"apps/web","Frontend/apps/web/src/app/(dashboard)/pos/index.html","","","Warehouse","A","data-en","","localize"
"apps/web","Frontend/apps/web/src/app/(dashboard)/pos/index.html","","","Add","A","data-en","","localize"
"apps/web","Frontend/apps/web/src/app/(dashboard)/pos/index.html","","","Loading products…","A","data-en","","localize"
"apps/web","Frontend/apps/web/src/app/(dashboard)/pos/index.html","","","Ticket","A","data-en","","localize"
"apps/web","Frontend/apps/web/src/app/(dashboard)/pos/index.html","","","Waiting for the first item","A","data-en","","localize"
"apps/web","Frontend/apps/web/src/app/(dashboard)/pos/index.html","","","Scan or tap a product. Pay appears after that.","A","data-en","","localize"
"apps/web","Frontend/apps/web/src/app/(dashboard)/pos/index.html","","","Pay","A","data-en","","localize"
"apps/web","Frontend/apps/web/src/app/(dashboard)/pos/index.html","","","Cash","A","data-en","","localize"
"apps/web","Frontend/apps/web/src/app/(dashboard)/pos/index.html","","","Card","A","data-en","","localize"
"apps/web","Frontend/apps/web/src/app/(dashboard)/pos/index.html","","","Member phone / split pay","A","data-en","","localize"
"apps/web","Frontend/apps/web/src/app/(dashboard)/pos/index.html","","","Add another payment","A","data-en","","localize"
"apps/web","Frontend/apps/web/src/app/(dashboard)/pos/index.html","","","Paid now","A","data-en","","localize"
"apps/web","Frontend/apps/web/src/app/(dashboard)/pos/index.html","","","Total","A","data-en","","localize"
"apps/web","Frontend/apps/web/src/app/(dashboard)/pos/index.html","","","Customer pays part now (leave balance due)","A","data-en","","localize"
"apps/web","Frontend/apps/web/src/app/(dashboard)/pos/index.html","","","Due date","A","data-en","","localize"
"apps/web","Frontend/apps/web/src/app/(dashboard)/pos/index.html","","","If they pay less than the total, turn on partial payment above.","A","data-en","","localize"
"apps/web","Frontend/apps/web/src/app/(dashboard)/pos/index.html","","","Shift","A","data-en","","localize"
"apps/web","Frontend/apps/web/src/app/(dashboard)/pos/index.html","","","To collect","A","data-en","","localize"
"apps/web","Frontend/apps/web/src/app/(dashboard)/pos/index.html","","","Take money","A","data-en","","localize"
"apps/web","Frontend/apps/web/src/app/(dashboard)/pos/index.html","","","Print","A","data-en","","localize"
"apps/web","Frontend/apps/web/src/app/(dashboard)/pos/index.html","","","Close","A","data-en","","localize"
"apps/web","Frontend/apps/web/src/app/(dashboard)/pos/index.html","","","Receipt","A","data-en","","localize"
"apps/web","Frontend/apps/web/src/app/(dashboard)/pos/pos-app.js","","","Method","A","data-en","","localize"
"apps/web","Frontend/apps/web/src/app/(dashboard)/pos/pos-app.js","","","Amount","A","data-en","","localize"
"apps/web","Frontend/apps/web/src/app/(dashboard)/promo-codes/promo-codes-app.js","","","Deactivate failed (","A","toast","","localize"
"apps/web","Frontend/apps/web/src/app/(dashboard)/promo-codes/promo-codes-app.js","","","Deactivated","A","toast","","localize"
"apps/web","Frontend/apps/web/src/app/(dashboard)/promo-codes/promo-codes-app.js","","","plans.manage required","A","toast","","localize"
"apps/web","Frontend/apps/web/src/app/(dashboard)/promo-codes/promo-codes-app.js","","","Saved","A","toast","","localize"
"apps/web","Frontend/apps/web/src/app/(dashboard)/reports/reports-app.js","","","Open a shift before recording a cash running cost","A","toast","","localize"
"apps/web","Frontend/apps/web/src/app/(dashboard)/reports/reports-app.js","","","Running cost recorded","A","toast","","localize"
"apps/web","Frontend/apps/web/src/app/(dashboard)/reports/reports-app.js","","","Expense voided","A","toast","","localize"
"apps/web","Frontend/apps/web/src/app/(dashboard)/reports/reports-app.js","","","Unable to void expense","A","toast","","localize"
"apps/web","Frontend/apps/web/src/app/(dashboard)/reports/reports-app.js","","","Nothing to export","A","toast","","localize"
"apps/web","Frontend/apps/web/src/app/(dashboard)/reports/reports-app.js","","","CSV exported","A","toast","","localize"
"apps/web","Frontend/apps/web/src/app/(dashboard)/roles/roles-app.js","","","Tasks saved. Staff pick them up on next login or within about 15 minutes.","A","toast","","localize"
"apps/web","Frontend/apps/web/src/app/(dashboard)/roles/roles-app.js","","","Restored gym default for this job.","A","toast","","localize"
"apps/web","Frontend/apps/web/src/app/(dashboard)/settings/index.html","","","Appearance","A","data-en","","localize"
"apps/web","Frontend/apps/web/src/app/(dashboard)/settings/index.html","","","Inventory alerts","A","data-en","","localize"
"apps/web","Frontend/apps/web/src/app/(dashboard)/settings/index.html","","","Inventory alerts","A","data-en","","localize"
"apps/web","Frontend/apps/web/src/app/(dashboard)/settings/index.html","","","Daily 08:00 Cairo","A","data-en","","localize"
"apps/web","Frontend/apps/web/src/app/(dashboard)/settings/index.html","","","Notify roles (comma-separated)","A","data-en","","localize"
"apps/web","Frontend/apps/web/src/app/(dashboard)/settings/index.html","","","Staff roles receiving low-stock / expiry notifications. Default: Owner, Manager.","A","data-en","","localize"
"apps/web","Frontend/apps/web/src/app/(dashboard)/settings/index.html","","","Expiry windows (days, comma-separated)","A","data-en","","localize"
"apps/web","Frontend/apps/web/src/app/(dashboard)/settings/index.html","","","Batches expiring within each window generate alerts. Default: 90, 30, 7.","A","data-en","","localize"
"apps/web","Frontend/apps/web/src/app/(dashboard)/settings/index.html","","","Applied by the nightly low-stock job.","A","data-en","","localize"
"apps/web","Frontend/apps/web/src/app/(dashboard)/settings/index.html","","","Save alert settings","A","data-en","","localize"
"apps/web","Frontend/apps/web/src/app/(dashboard)/settings/settings-app.js","","","Could not load gym settings","A","toast","","localize"
"apps/web","Frontend/apps/web/src/app/(dashboard)/settings/settings-app.js","","","Gym name (EN + AR) is required","A","toast","","localize"
"apps/web","Frontend/apps/web/src/app/(dashboard)/settings/settings-app.js","","","Maximum inside must be between 1 and 9999","A","toast","","localize"
"apps/web","Frontend/apps/web/src/app/(dashboard)/settings/settings-app.js","","","Gym code copied!","A","toast","","localize"
"apps/web","Frontend/apps/web/src/app/(dashboard)/settings/settings-app.js","","","Logo removed","A","toast","","localize"
"apps/web","Frontend/apps/web/src/app/(dashboard)/settings/settings-app.js","","","Only JPEG/PNG/WebP/GIF","A","toast","","localize"
"apps/web","Frontend/apps/web/src/app/(dashboard)/settings/settings-app.js","","","File too large. Max 2MB","A","toast","","localize"
"apps/web","Frontend/apps/web/src/app/(dashboard)/settings/settings-app.js","","","Uploading logo…","A","toast","","localize"
"apps/web","Frontend/apps/web/src/app/(dashboard)/settings/settings-app.js","","","Logo uploaded","A","toast","","localize"
"apps/web","Frontend/apps/web/src/app/(dashboard)/settings/settings-app.js","","","Tax settings saved (audited)","A","toast","","localize"
"apps/web","Frontend/apps/web/src/app/(dashboard)/settings/settings-app.js","","","Inventory alert settings saved","A","toast","","localize"
"apps/web","Frontend/apps/web/src/app/(dashboard)/settings/settings-app.js","","","No gym code for poster","A","toast","","localize"
"apps/web","Frontend/apps/web/src/app/(dashboard)/settings/settings-app.js","","","QR image downloaded","A","toast","","localize"
"apps/web","Frontend/apps/web/src/app/(dashboard)/settings/settings-app.js","","","Popup blocked — allow popups to download/print","A","toast","","localize"
"apps/web","Frontend/apps/web/src/app/(dashboard)/settings/settings-app.js","","","Poster opened — use Save / Print from the browser","A","toast","","localize"
"apps/web","Frontend/apps/web/src/app/(dashboard)/settings/settings-app.js","","","No QR poster to print","A","toast","","localize"
"apps/web","Frontend/apps/web/src/app/(dashboard)/settings/settings-app.js","","","Popup blocked — allow popups to print","A","toast","","localize"
"apps/web","Frontend/apps/web/src/app/(dashboard)/shifts/index.html","","","Shifts module disabled","A","data-en","","localize"
"apps/web","Frontend/apps/web/src/app/(dashboard)/shifts/index.html","","","This tenant has feature flag shifts off (FEATURE_DISABLED).","A","data-en","","localize"
"apps/web","Frontend/apps/web/src/app/(dashboard)/shifts/index.html","","","Cash Drawer / Shifts","A","data-en","","localize"
"apps/web","Frontend/apps/web/src/app/(dashboard)/shifts/index.html","","","Blind count: expected cash stays hidden while the shift is open.","A","data-en","","localize"
"apps/web","Frontend/apps/web/src/app/(dashboard)/shifts/index.html","","","Z-Reports","A","data-en","","localize"
"apps/web","Frontend/apps/web/src/app/(dashboard)/shifts/index.html","","","Refresh","A","data-en","","localize"
"apps/web","Frontend/apps/web/src/app/(dashboard)/shifts/index.html","","","My Shift","A","data-en","","localize"
"apps/web","Frontend/apps/web/src/app/(dashboard)/shifts/index.html","","","All Drawers","A","data-en","","localize"
"apps/web","Frontend/apps/web/src/app/(dashboard)/shifts/index.html","","","History","A","data-en","","localize"
"apps/web","Frontend/apps/web/src/app/(dashboard)/shifts/index.html","","","Current shift","A","data-en","","localize"
"apps/web","Frontend/apps/web/src/app/(dashboard)/shifts/index.html","","","Actions","A","data-en","","localize"
"apps/web","Frontend/apps/web/src/app/(dashboard)/shifts/index.html","","","Cash Movements","A","data-en","","localize"
"apps/web","Frontend/apps/web/src/app/(dashboard)/shifts/index.html","","","Record","A","data-en","","localize"
"apps/web","Frontend/apps/web/src/app/(dashboard)/shifts/index.html","","","Today","A","data-en","","localize"
"apps/web","Frontend/apps/web/src/app/(dashboard)/shifts/index.html","","","View all","A","data-en","","localize"
"apps/web","Frontend/apps/web/src/app/(dashboard)/shifts/index.html","","","When","A","data-en","","localize"
"apps/web","Frontend/apps/web/src/app/(dashboard)/shifts/index.html","","","Type","A","data-en","","localize"
"apps/web","Frontend/apps/web/src/app/(dashboard)/shifts/index.html","","","Amount","A","data-en","","localize"
"apps/web","Frontend/apps/web/src/app/(dashboard)/shifts/index.html","","","Reason","A","data-en","","localize"
"apps/web","Frontend/apps/web/src/app/(dashboard)/shifts/index.html","","","Open drawers summary","A","data-en","","localize"
"apps/web","Frontend/apps/web/src/app/(dashboard)/shifts/index.html","","","Total in drawers","A","data-en","","localize"
"apps/web","Frontend/apps/web/src/app/(dashboard)/shifts/index.html","","","Shift history","A","data-en","","localize"
"apps/web","Frontend/apps/web/src/app/(dashboard)/shifts/index.html","","","From","A","data-en","","localize"
"apps/web","Frontend/apps/web/src/app/(dashboard)/shifts/index.html","","","To","B","data-en","","leave-technical"
"apps/web","Frontend/apps/web/src/app/(dashboard)/shifts/index.html","","","Staff","A","data-en","","localize"
"apps/web","Frontend/apps/web/src/app/(dashboard)/shifts/index.html","","","Apply","A","data-en","","localize"
"apps/web","Frontend/apps/web/src/app/(dashboard)/shifts/index.html","","","Staff","A","data-en","","localize"
"apps/web","Frontend/apps/web/src/app/(dashboard)/shifts/index.html","","","Opened","A","data-en","","localize"
"apps/web","Frontend/apps/web/src/app/(dashboard)/shifts/index.html","","","Closed","A","data-en","","localize"
"apps/web","Frontend/apps/web/src/app/(dashboard)/shifts/index.html","","","Float","A","data-en","","localize"
"apps/web","Frontend/apps/web/src/app/(dashboard)/shifts/index.html","","","Expected","A","data-en","","localize"
"apps/web","Frontend/apps/web/src/app/(dashboard)/shifts/index.html","","","Counted","A","data-en","","localize"
"apps/web","Frontend/apps/web/src/app/(dashboard)/shifts/index.html","","","Variance","A","data-en","","localize"
"apps/web","Frontend/apps/web/src/app/(dashboard)/shifts/index.html","","","Status","A","data-en","","localize"
"apps/web","Frontend/apps/web/src/app/(dashboard)/shifts/index.html","","","Record cash movement","A","data-en","","localize"
"apps/web","Frontend/apps/web/src/app/(dashboard)/shifts/index.html","","","Staff may record paid in / paid out / float adjust only. Sale and refund rows are system-written.","A","data-en","","localize"
"apps/web","Frontend/apps/web/src/app/(dashboard)/shifts/index.html","","","Cancel","A","data-en","","localize"
"apps/web","Frontend/apps/web/src/app/(dashboard)/shifts/index.html","","","Record","A","data-en","","localize"
"apps/web","Frontend/apps/web/src/app/(dashboard)/shifts/index.html","","","Force close this shift?","A","data-en","","localize"
"apps/web","Frontend/apps/web/src/app/(dashboard)/shifts/index.html","","","This will close another staff member","A","data-en","","localize"
"apps/web","Frontend/apps/web/src/app/(dashboard)/shifts/index.html","","","Cancel","A","data-en","","localize"
"apps/web","Frontend/apps/web/src/app/(dashboard)/shifts/index.html","","","Yes, force close","A","data-en","","localize"
"apps/web","Frontend/apps/web/src/app/(dashboard)/shifts/shifts-app.js","","","Enter a valid opening float.","A","toast","","localize"
"apps/web","Frontend/apps/web/src/app/(dashboard)/shifts/shifts-app.js","","","Shift opened.","A","toast","","localize"
"apps/web","Frontend/apps/web/src/app/(dashboard)/shifts/shifts-app.js","","","Enter counted cash.","A","toast","","localize"
"apps/web","Frontend/apps/web/src/app/(dashboard)/shifts/shifts-app.js","","","Shift closed. Expected ","A","toast","","localize"
"apps/web","Frontend/apps/web/src/app/(dashboard)/shifts/shifts-app.js","","","Missing shift.open permission.","A","toast","","localize"
"apps/web","Frontend/apps/web/src/app/(dashboard)/shifts/shifts-app.js","","","Enter a non-zero amount.","A","toast","","localize"
"apps/web","Frontend/apps/web/src/app/(dashboard)/shifts/shifts-app.js","","","Movement recorded.","A","toast","","localize"
"apps/web","Frontend/apps/web/src/app/(dashboard)/shifts/shifts-app.js","","","Shift approved.","A","toast","","localize"
"apps/web","Frontend/apps/web/src/app/(dashboard)/shifts/shifts-app.js","","","Shift force-closed.","A","toast","","localize"
"apps/web","Frontend/apps/web/src/app/(dashboard)/staff/staff-app.js","","","Could not load staff","A","toast","","localize"
"apps/web","Frontend/apps/web/src/app/(dashboard)/staff/staff-app.js","","","Password must be 6+ characters with upper, lower, and a number","A","toast","","localize"
"apps/web","Frontend/apps/web/src/app/(dashboard)/staff/staff-app.js","","","Staff member created","A","toast","","localize"
"apps/web","Frontend/apps/web/src/app/(dashboard)/staff/staff-app.js","","","Photo updated","A","toast","","localize"
"apps/web","Frontend/apps/web/src/app/(dashboard)/staff/staff-app.js","","","Staff updated","A","toast","","localize"
"apps/web","Frontend/apps/web/src/app/(dashboard)/staff/staff-app.js","","","Password must be 6+ characters with upper, lower, and a number","A","toast","","localize"
"apps/web","Frontend/apps/web/src/app/(dashboard)/staff/staff-app.js","","","Password reset successfully","A","toast","","localize"
"apps/web","Frontend/apps/web/src/app/(dashboard)/trials/trials-app.js","","","Need sales.sell","A","toast","","localize"
"apps/web","Frontend/apps/web/src/app/(dashboard)/trials/trials-app.js","","","Trial confirmed — profile seeded from response.","A","toast","","localize"
"apps/web","Frontend/apps/web/src/app/(dashboard)/z-report/z-report-app.js","","","We couldn't export this PDF. Try again.","A","toast","","localize"
"apps/web","Frontend/apps/web/src/app/(dashboard)/z-report/z-report-app.js","","","PDF downloaded.","A","toast","","localize"
"apps/web","Frontend/apps/web/src/app/(dashboard)/z-report/z-report-app.js","","","Nothing to export","A","toast","","localize"
"apps/web","Frontend/apps/web/src/app/(dashboard)/z-report/z-report-app.js","","","CSV exported","A","toast","","localize"
"apps/admin","Frontend/apps/admin/src/App.tsx","","","Member Orders","A","string-literal","","localize"
"apps/admin","Frontend/apps/admin/src/App.tsx","","","شاشة تنفيذ طلبات الأعضاء موجودة في واجهة الويب (/dashboard/member-orders/).","A","string-literal","","localize"
"apps/admin","Frontend/apps/admin/src/App.tsx","","","Call Sheet","A","string-literal","","localize"
"apps/admin","Frontend/apps/admin/src/App.tsx","","","Not feature-flagged — always available when sales.sell is granted.","A","string-literal","","localize"
"apps/admin","Frontend/apps/admin/src/App.tsx","","","غير خاضع لعلم الميزة — متاح دائماً مع صلاحية sales.sell.","A","string-literal","","localize"
"apps/admin","Frontend/apps/admin/src/App.tsx","","","Promo Codes","A","string-literal","","localize"
"apps/admin","Frontend/apps/admin/src/App.tsx","",""," element={<Navigate to=","A","string-literal","","localize"
"apps/admin","Frontend/apps/admin/src/App.tsx","",""," element={<Navigate to=","A","string-literal","","localize"
"apps/admin","Frontend/apps/admin/src/components/ImpersonationBanner.tsx","","","border-b border-amber-600 bg-amber-500 px-4 py-2 text-center text-sm font-semibold text-amber-950","A","string-literal","","localize"
"apps/admin","Frontend/apps/admin/src/components/PlaceholderPage.tsx","","","rounded-[16px] border border-[var(--lbd)] bg-white p-8","A","string-literal","","localize"
"apps/admin","Frontend/apps/admin/src/components/PlaceholderPage.tsx","","","font-[family-name:var(--fd)] text-2xl font-bold text-[var(--ltp)]","A","string-literal","","localize"
"apps/admin","Frontend/apps/admin/src/components/PlaceholderPage.tsx","","","mt-2 text-sm text-[var(--ltt)]","A","string-literal","","localize"
"apps/admin","Frontend/apps/admin/src/components/PlaceholderPage.tsx","","","Coming in a later prompt.","A","string-literal","","localize"
"apps/admin","Frontend/apps/admin/src/components/RequireAccess.tsx","","","text-sm text-[var(--ltt)]","A","string-literal","","localize"
"apps/admin","Frontend/apps/admin/src/components/RequireAccess.tsx","","","Checking module availability…","A","string-literal","","localize"
"apps/admin","Frontend/apps/admin/src/components/ui/form.tsx","","","border-[var(--lbd)] bg-white text-[var(--ltp)] hover:border-[var(--l500)] hover:text-[var(--l600)]","A","string-literal","","localize"
"apps/admin","Frontend/apps/admin/src/components/ui/form.tsx","","","border-[var(--dng500)] bg-[var(--dng500)] text-white hover:border-[var(--dng600)] hover:bg-[var(--dng600)]","A","string-literal","","localize"
"apps/admin","Frontend/apps/admin/src/components/ui/form.tsx","","","border-transparent bg-transparent text-[var(--lts)] hover:bg-[var(--ls2)] hover:text-[var(--ltp)]","A","string-literal","","localize"
"apps/admin","Frontend/apps/admin/src/components/ui/form.tsx","","","absolute inset-0 flex items-center justify-center","A","string-literal","","localize"
"apps/admin","Frontend/apps/admin/src/components/ui/form.tsx","","","h-[20px] w-[20px] animate-spin rounded-full border-[3px] border-[rgba(13,13,13,0.2)] border-t-[var(--c900)]","A","string-literal","","localize"
"apps/admin","Frontend/apps/admin/src/components/ui/form.tsx","","","mb-1.5 block text-[13px] font-semibold text-[var(--lts)]","A","string-literal","","localize"
"apps/admin","Frontend/apps/admin/src/components/ui/form.tsx","","","mt-1 text-xs text-[var(--dng600)]","A","string-literal","","localize"
"apps/admin","Frontend/apps/admin/src/components/ui/form.tsx","","","mt-1 text-[11px] text-[var(--ltt)]","A","string-literal","","localize"
"apps/admin","Frontend/apps/admin/src/components/ui/form.tsx","","","mb-1.5 block text-[13px] font-semibold text-[var(--lts)]","A","string-literal","","localize"
"apps/admin","Frontend/apps/admin/src/components/ui/form.tsx","","","mt-1 text-xs text-[var(--dng600)]","A","string-literal","","localize"
"apps/admin","Frontend/apps/admin/src/components/ui/form.tsx","","","mt-1 text-[11px] text-[var(--ltt)]","A","string-literal","","localize"
"apps/admin","Frontend/apps/admin/src/components/ui/form.tsx","","","mb-1.5 block text-[13px] font-semibold text-[var(--lts)]","A","string-literal","","localize"
"apps/admin","Frontend/apps/admin/src/components/ui/form.tsx","","","mt-1 text-xs text-[var(--dng600)]","A","string-literal","","localize"
"apps/admin","Frontend/apps/admin/src/components/ui/form.tsx","","","mt-1 text-[11px] text-[var(--ltt)]","A","string-literal","","localize"
"apps/admin","Frontend/apps/admin/src/components/ui/form.tsx","","","mt-0.5 h-[18px] w-[18px] shrink-0","A","string-literal","","localize"
"apps/admin","Frontend/apps/admin/src/config/nav.selftest.ts","","",").replace(/\//g, ","A","string-literal","","localize"
"apps/admin","Frontend/apps/admin/src/config/nav.selftest.ts","","",").replace(/=+$/, ","A","string-literal","","localize"
"apps/admin","Frontend/apps/admin/src/config/nav.selftest.ts","","",") === eKeys.join(","A","string-literal","","localize"
"apps/admin","Frontend/apps/admin/src/config/nav.selftest.ts","","",") === expected[k].join(","A","string-literal","","localize"
"apps/admin","Frontend/apps/admin/src/config/nav.selftest.ts","","","front-desk remains","A","string-literal","","localize"
"apps/admin","Frontend/apps/admin/src/config/nav.selftest.ts","","","FEATURE_DISABLED sales hides POS","B","string-literal","","leave-technical"
"apps/admin","Frontend/apps/admin/src/config/nav.selftest.ts","","","Call Sheet never feature-flag-gated","A","string-literal","","localize"
"apps/admin","Frontend/apps/admin/src/config/nav.selftest.ts","","","Debtors is not a primary nav module","A","string-literal","","localize"
"apps/admin","Frontend/apps/admin/src/config/nav.selftest.ts","","","Refunds is not a primary nav module","A","string-literal","","localize"
"apps/admin","Frontend/apps/admin/src/config/nav.selftest.ts","","","trials removed from product IA","A","string-literal","","localize"
"apps/admin","Frontend/apps/admin/src/config/nav.selftest.ts","","","promo flagged with sales","A","string-literal","","localize"
"apps/admin","Frontend/apps/admin/src/config/nav.selftest.ts","","","plans.manage claim shows Plans regardless of role name","A","string-literal","","localize"
"apps/admin","Frontend/apps/admin/src/config/nav.selftest.ts","","","Staff stays OwnerOnly even with full perms","A","string-literal","","localize"
"apps/admin","Frontend/apps/admin/src/config/nav.selftest.ts","","","Roles stays OwnerOnly even with full perms","A","string-literal","","localize"
"apps/admin","Frontend/apps/admin/src/config/nav.selftest.ts","","","nav.selftest: OK (Owner/Manager/Trainer/Receptionist fixtures)","A","string-literal","","localize"
"apps/admin","Frontend/apps/admin/src/config/nav.ts","","","Front desk","A","string-literal","","localize"
"apps/admin","Frontend/apps/admin/src/config/nav.ts","","","Member Orders","A","string-literal","","localize"
"apps/admin","Frontend/apps/admin/src/config/nav.ts","","","Call Sheet","A","string-literal","","localize"
"apps/admin","Frontend/apps/admin/src/config/nav.ts","","","Offers & Promotions","A","string-literal","","localize"
"apps/admin","Frontend/apps/admin/src/features/auth/MemberOtpStubPage.tsx","","","OTP sent (5 minute window).","A","string-literal","","localize"
"apps/admin","Frontend/apps/admin/src/features/auth/MemberOtpStubPage.tsx","","","mx-auto flex min-h-screen max-w-md flex-col justify-center px-6 py-12","A","string-literal","","localize"
"apps/admin","Frontend/apps/admin/src/features/auth/MemberOtpStubPage.tsx","","","mb-6 text-sm font-medium text-[var(--t500)]","A","string-literal","","localize"
"apps/admin","Frontend/apps/admin/src/features/auth/MemberOtpStubPage.tsx","","","mb-1 font-[family-name:var(--fd)] text-2xl font-bold","A","string-literal","","localize"
"apps/admin","Frontend/apps/admin/src/features/auth/MemberOtpStubPage.tsx","","","mb-8 text-sm text-[var(--ltt)]","A","string-literal","","localize"
"apps/admin","Frontend/apps/admin/src/features/auth/MemberOtpStubPage.tsx","","","Gym code","A","string-literal","","localize"
"apps/admin","Frontend/apps/admin/src/features/auth/MemberOtpStubPage.tsx","","","6-digit OTP","A","string-literal","","localize"
"apps/admin","Frontend/apps/admin/src/features/auth/MemberOtpStubPage.tsx","","","mt-4 w-full text-sm text-[var(--t500)]","A","string-literal","","localize"
"apps/admin","Frontend/apps/admin/src/features/auth/StaffLoginPage.tsx","","","Arabic-first bilingual staff UI","A","jsx-text","","localize"
"apps/admin","Frontend/apps/admin/src/features/auth/StaffLoginPage.tsx","","","Welcome back","A","jsx-text","","localize"
"apps/admin","Frontend/apps/admin/src/features/auth/StaffLoginPage.tsx","","","flex min-h-screen overflow-hidden max-[900px]:flex-col","A","string-literal","","localize"
"apps/admin","Frontend/apps/admin/src/features/auth/StaffLoginPage.tsx","","","pointer-events-none absolute inset-0","A","string-literal","","localize"
"apps/admin","Frontend/apps/admin/src/features/auth/StaffLoginPage.tsx","","","relative z-10 w-full max-w-[380px]","A","string-literal","","localize"
"apps/admin","Frontend/apps/admin/src/features/auth/StaffLoginPage.tsx","","","mb-10 flex items-center gap-3","A","string-literal","","localize"
"apps/admin","Frontend/apps/admin/src/features/auth/StaffLoginPage.tsx","","","h-12 w-12 shrink-0","A","string-literal","","localize"
"apps/admin","Frontend/apps/admin/src/features/auth/StaffLoginPage.tsx","","","font-[family-name:var(--fd)] text-[28px] font-bold tracking-tight text-[var(--l400)]","A","string-literal","","localize"
"apps/admin","Frontend/apps/admin/src/features/auth/StaffLoginPage.tsx","","","mb-2 font-[family-name:var(--fd)] text-[22px] font-semibold leading-snug","A","string-literal","","localize"
"apps/admin","Frontend/apps/admin/src/features/auth/StaffLoginPage.tsx","","","mb-10 text-[15px] text-[var(--c400)]","A","string-literal","","localize"
"apps/admin","Frontend/apps/admin/src/features/auth/StaffLoginPage.tsx","","","flex flex-col gap-5 text-sm text-[var(--c400)]","A","string-literal","","localize"
"apps/admin","Frontend/apps/admin/src/features/auth/StaffLoginPage.tsx","","","absolute inset-x-0 bottom-0 h-1 bg-gradient-to-r from-[var(--l500)] to-[var(--t500)]","A","string-literal","","localize"
"apps/admin","Frontend/apps/admin/src/features/auth/StaffLoginPage.tsx","","","flex w-[60%] items-center justify-center bg-[var(--ls1)] px-16 py-12 max-[900px]:w-full max-[900px]:px-6","A","string-literal","","localize"
"apps/admin","Frontend/apps/admin/src/features/auth/StaffLoginPage.tsx","","","w-full max-w-[440px]","A","string-literal","","localize"
"apps/admin","Frontend/apps/admin/src/features/auth/StaffLoginPage.tsx","","","mb-1 font-[family-name:var(--fd)] text-[28px] font-bold","A","string-literal","","localize"
"apps/admin","Frontend/apps/admin/src/features/auth/StaffLoginPage.tsx","","","mb-8 text-[15px] text-[var(--ltt)]","A","string-literal","","localize"
"apps/admin","Frontend/apps/admin/src/features/auth/StaffLoginPage.tsx","","","Gym code","A","string-literal","","localize"
"apps/admin","Frontend/apps/admin/src/features/auth/StaffLoginPage.tsx","","","Provided by your gym admin · كود الصالة","A","string-literal","","localize"
"apps/admin","Frontend/apps/admin/src/features/auth/StaffLoginPage.tsx","","","-mt-3 mb-5 text-left text-[13px] font-medium text-[var(--t500)] hover:text-[var(--t400)]","A","string-literal","","localize"
"apps/admin","Frontend/apps/admin/src/features/auth/StaffLoginPage.tsx","","","Hide password","A","string-literal","","localize"
"apps/admin","Frontend/apps/admin/src/features/auth/StaffLoginPage.tsx","","","Show password","A","string-literal","","localize"
"apps/admin","Frontend/apps/admin/src/features/auth/StaffLoginPage.tsx","","","mt-8 text-center text-[13px] text-[var(--ltt)]","A","string-literal","","localize"
"apps/admin","Frontend/apps/admin/src/features/auth/StaffLoginPage.tsx","","","font-medium text-[var(--t500)] hover:text-[var(--t400)]","A","string-literal","","localize"
"apps/admin","Frontend/apps/admin/src/features/dashboard/DashboardPage.tsx","","","Open a shift first / افتح وردية أولاً","A","string-literal","","localize"
"apps/admin","Frontend/apps/admin/src/features/dashboard/DashboardPage.tsx","","","mx-auto max-w-3xl space-y-6","A","string-literal","","localize"
"apps/admin","Frontend/apps/admin/src/features/dashboard/DashboardPage.tsx","","","font-[family-name:var(--fd)] text-2xl font-bold","A","string-literal","","localize"
"apps/admin","Frontend/apps/admin/src/features/dashboard/DashboardPage.tsx","","","text-sm text-[var(--ltt)]","A","string-literal","","localize"
"apps/admin","Frontend/apps/admin/src/features/dashboard/DashboardPage.tsx","","","rounded-[16px] border border-[var(--lbd)] bg-white p-6","A","string-literal","","localize"
"apps/admin","Frontend/apps/admin/src/features/dashboard/DashboardPage.tsx","","","mb-3 font-[family-name:var(--fd)] text-sm font-bold uppercase tracking-wide text-[var(--ltt)]","A","string-literal","","localize"
"apps/admin","Frontend/apps/admin/src/features/dashboard/DashboardPage.tsx","","","Permissions (perm claims)","A","string-literal","","localize"
"apps/admin","Frontend/apps/admin/src/features/dashboard/DashboardPage.tsx","","","الصلاحيات (perm)","A","string-literal","","localize"
"apps/admin","Frontend/apps/admin/src/features/dashboard/DashboardPage.tsx","","","flex flex-wrap gap-2","A","string-literal","","localize"
"apps/admin","Frontend/apps/admin/src/features/dashboard/DashboardPage.tsx","","","text-sm text-[var(--ltt)]","A","string-literal","","localize"
"apps/admin","Frontend/apps/admin/src/features/dashboard/DashboardPage.tsx","","","mt-3 text-xs text-[var(--ltt)]","A","string-literal","","localize"
"apps/admin","Frontend/apps/admin/src/features/dashboard/DashboardPage.tsx","","","Plans / Settings require plans.manage or Owner — a Receptionist token hides them from nav.","A","string-literal","","localize"
"apps/admin","Frontend/apps/admin/src/features/dashboard/DashboardPage.tsx","","","الباقات / الإعدادات تتطلب plans.manage أو Owner — توكن Receptionist يخفيها من القائمة.","A","string-literal","","localize"
"apps/admin","Frontend/apps/admin/src/features/dashboard/DashboardPage.tsx","","","rounded-[16px] border border-[var(--lbd)] bg-white p-6","A","string-literal","","localize"
"apps/admin","Frontend/apps/admin/src/features/dashboard/DashboardPage.tsx","","","mb-3 font-[family-name:var(--fd)] text-sm font-bold uppercase tracking-wide text-[var(--ltt)]","A","string-literal","","localize"
"apps/admin","Frontend/apps/admin/src/features/dashboard/DashboardPage.tsx","","","Feature modules","A","string-literal","","localize"
"apps/admin","Frontend/apps/admin/src/features/dashboard/DashboardPage.tsx","","","font-normal normal-case","A","string-literal","","localize"
"apps/admin","Frontend/apps/admin/src/features/dashboard/DashboardPage.tsx","","","grid gap-2 sm:grid-cols-2","A","string-literal","","localize"
"apps/admin","Frontend/apps/admin/src/features/dashboard/DashboardPage.tsx","","","border-[rgba(34,197,94,0.35)] bg-[rgba(34,197,94,0.08)] text-[var(--suc600,#16A34A)]","A","string-literal","","localize"
"apps/admin","Frontend/apps/admin/src/features/dashboard/DashboardPage.tsx","","","border-[rgba(239,68,68,0.35)] bg-[rgba(239,68,68,0.08)] text-[var(--dng600)]","A","string-literal","","localize"
"apps/admin","Frontend/apps/admin/src/features/dashboard/DashboardPage.tsx","","","mt-3 text-xs text-[var(--ltt)]","A","string-literal","","localize"
"apps/admin","Frontend/apps/admin/src/features/dashboard/DashboardPage.tsx","","","rounded-[16px] border border-[var(--lbd)] bg-white p-6","A","string-literal","","localize"
"apps/admin","Frontend/apps/admin/src/features/dashboard/DashboardPage.tsx","","","mb-2 font-[family-name:var(--fd)] text-sm font-bold uppercase tracking-wide text-[var(--ltt)]","A","string-literal","","localize"
"apps/admin","Frontend/apps/admin/src/features/dashboard/DashboardPage.tsx","","","Bilingual message convention","A","string-literal","","localize"
"apps/admin","Frontend/apps/admin/src/features/dashboard/DashboardPage.tsx","","","text-sm text-[var(--ltp)]","A","string-literal","","localize"
"apps/admin","Frontend/apps/admin/src/features/dashboard/DashboardPage.tsx","","","mt-1 text-xs text-[var(--ltt)]","A","string-literal","","localize"
"apps/admin","Frontend/apps/admin/src/features/members/member-format.ts","","","Pending payment","A","string-literal","","localize"
"apps/admin","Frontend/apps/admin/src/features/members/MemberDetailPage.tsx","","","Member deactivated.","A","string-literal","","localize"
"apps/admin","Frontend/apps/admin/src/features/members/MemberDetailPage.tsx","","","text-sm text-[var(--ltt)]","A","string-literal","","localize"
"apps/admin","Frontend/apps/admin/src/features/members/MemberDetailPage.tsx","","","Back to list","A","string-literal","","localize"
"apps/admin","Frontend/apps/admin/src/features/members/MemberDetailPage.tsx","","","mx-auto max-w-5xl","A","string-literal","","localize"
"apps/admin","Frontend/apps/admin/src/features/members/MemberDetailPage.tsx","","","mb-6 flex flex-wrap items-start justify-between gap-4","A","string-literal","","localize"
"apps/admin","Frontend/apps/admin/src/features/members/MemberDetailPage.tsx","","","text-sm text-[var(--l600)]","A","string-literal","","localize"
"apps/admin","Frontend/apps/admin/src/features/members/MemberDetailPage.tsx","","","mt-2 font-[family-name:var(--fd)] text-2xl font-bold text-[var(--ltp)]","A","string-literal","","localize"
"apps/admin","Frontend/apps/admin/src/features/members/MemberDetailPage.tsx","","","mt-1 text-sm text-[var(--ltt)]","A","string-literal","","localize"
"apps/admin","Frontend/apps/admin/src/features/members/MemberDetailPage.tsx","","","flex flex-wrap gap-2","A","string-literal","","localize"
"apps/admin","Frontend/apps/admin/src/features/members/MemberDetailPage.tsx","","","grid gap-4 lg:grid-cols-2","A","string-literal","","localize"
"apps/admin","Frontend/apps/admin/src/features/members/MemberDetailPage.tsx","","","rounded-[var(--rmd)] border border-[var(--lbd)] bg-white p-5","A","string-literal","","localize"
"apps/admin","Frontend/apps/admin/src/features/members/MemberDetailPage.tsx","","","mb-4 font-[family-name:var(--fd)] text-lg font-semibold","A","string-literal","","localize"
"apps/admin","Frontend/apps/admin/src/features/members/MemberDetailPage.tsx","","","grid gap-3 text-sm","A","string-literal","","localize"
"apps/admin","Frontend/apps/admin/src/features/members/MemberDetailPage.tsx","","","Date of birth","A","string-literal","","localize"
"apps/admin","Frontend/apps/admin/src/features/members/MemberDetailPage.tsx","","","Invitation quota","A","string-literal","","localize"
"apps/admin","Frontend/apps/admin/src/features/members/MemberDetailPage.tsx","","","rounded-[var(--rmd)] border border-[var(--lbd)] bg-white p-5","A","string-literal","","localize"
"apps/admin","Frontend/apps/admin/src/features/members/MemberDetailPage.tsx","","","mb-4 font-[family-name:var(--fd)] text-lg font-semibold","A","string-literal","","localize"
"apps/admin","Frontend/apps/admin/src/features/members/MemberDetailPage.tsx","","","Current membership","A","string-literal","","localize"
"apps/admin","Frontend/apps/admin/src/features/members/MemberDetailPage.tsx","","","text-sm text-[var(--ltt)]","A","string-literal","","localize"
"apps/admin","Frontend/apps/admin/src/features/members/MemberDetailPage.tsx","","","No current membership — this is a valid state.","A","string-literal","","localize"
"apps/admin","Frontend/apps/admin/src/features/members/MemberDetailPage.tsx","","","grid gap-3 text-sm","A","string-literal","","localize"
"apps/admin","Frontend/apps/admin/src/features/members/MemberDetailPage.tsx","","","Sessions left","A","string-literal","","localize"
"apps/admin","Frontend/apps/admin/src/features/members/MemberDetailPage.tsx","","","Frozen until","A","string-literal","","localize"
"apps/admin","Frontend/apps/admin/src/features/members/MemberDetailPage.tsx","","","Amount paid","A","string-literal","","localize"
"apps/admin","Frontend/apps/admin/src/features/members/MemberDetailPage.tsx","","","Payment method","A","string-literal","","localize"
"apps/admin","Frontend/apps/admin/src/features/members/MemberDetailPage.tsx","","","rounded-[var(--rmd)] border border-[var(--lbd)] bg-white p-5","A","string-literal","","localize"
"apps/admin","Frontend/apps/admin/src/features/members/MemberDetailPage.tsx","","","mb-4 font-[family-name:var(--fd)] text-lg font-semibold","A","string-literal","","localize"
"apps/admin","Frontend/apps/admin/src/features/members/MemberDetailPage.tsx","","","Recent attendance","A","string-literal","","localize"
"apps/admin","Frontend/apps/admin/src/features/members/MemberDetailPage.tsx","","","text-sm text-[var(--ltt)]","A","string-literal","","localize"
"apps/admin","Frontend/apps/admin/src/features/members/MemberDetailPage.tsx","","","No recent check-ins.","A","string-literal","","localize"
"apps/admin","Frontend/apps/admin/src/features/members/MemberDetailPage.tsx","","","flex flex-col gap-2","A","string-literal","","localize"
"apps/admin","Frontend/apps/admin/src/features/members/MemberDetailPage.tsx","","","flex items-center justify-between gap-3 border-t border-[var(--lbd)] pt-2 text-sm","A","string-literal","","localize"
"apps/admin","Frontend/apps/admin/src/features/members/MemberDetailPage.tsx","","","text-xs text-[var(--ltt)]","A","string-literal","","localize"
"apps/admin","Frontend/apps/admin/src/features/members/MemberDetailPage.tsx","","","text-xs text-[var(--ltt)]","A","string-literal","","localize"
"apps/admin","Frontend/apps/admin/src/features/members/MemberDetailPage.tsx","","","Freeze membership","A","string-literal","","localize"
"apps/admin","Frontend/apps/admin/src/features/members/MemberDetailPage.tsx","","","Choose a freeze-until date.","A","string-literal","","localize"
"apps/admin","Frontend/apps/admin/src/features/members/MemberDetailPage.tsx","","","Frozen until","A","string-literal","","localize"
"apps/admin","Frontend/apps/admin/src/features/members/MemberDetailPage.tsx","","","Reason (optional)","A","string-literal","","localize"
"apps/admin","Frontend/apps/admin/src/features/members/MemberDetailPage.tsx","","","mt-2 flex justify-end gap-2","A","string-literal","","localize"
"apps/admin","Frontend/apps/admin/src/features/members/MemberDetailPage.tsx","","","Confirm freeze","A","string-literal","","localize"
"apps/admin","Frontend/apps/admin/src/features/members/MemberDetailPage.tsx","","","Deactivate member?","A","string-literal","","localize"
"apps/admin","Frontend/apps/admin/src/features/members/MemberDetailPage.tsx","","","mb-5 text-sm text-[var(--lts)]","A","string-literal","","localize"
"apps/admin","Frontend/apps/admin/src/features/members/MemberDetailPage.tsx","","","Only Owners can deactivate. The member will be marked inactive (OwnerOnly policy — not a members.* permission).","A","string-literal","","localize"
"apps/admin","Frontend/apps/admin/src/features/members/MemberDetailPage.tsx","","","المالك فقط يمكنه الإلغاء. سيُعلَّم العضو كغير نشط (سياسة OwnerOnly — وليست صلاحية members.*).","A","string-literal","","localize"
"apps/admin","Frontend/apps/admin/src/features/members/MemberDetailPage.tsx","","","flex justify-end gap-2","A","string-literal","","localize"
"apps/admin","Frontend/apps/admin/src/features/members/MemberDetailPage.tsx","","","flex items-start justify-between gap-4 border-b border-[var(--ls3)] pb-2 last:border-0","A","string-literal","","localize"
"apps/admin","Frontend/apps/admin/src/features/members/MemberDetailPage.tsx","","","shrink-0 text-[var(--ltt)]","A","string-literal","","localize"
"apps/admin","Frontend/apps/admin/src/features/members/MemberDetailPage.tsx","","","text-end font-medium text-[var(--ltp)]","A","string-literal","","localize"
"apps/admin","Frontend/apps/admin/src/features/members/MemberDetailPage.tsx","","","fixed inset-0 z-50 flex items-center justify-center bg-black/40 p-4","A","string-literal","","localize"
"apps/admin","Frontend/apps/admin/src/features/members/MemberDetailPage.tsx","","","w-full max-w-md rounded-[var(--rmd)] border border-[var(--lbd)] bg-white p-5 shadow-lg","A","string-literal","","localize"
"apps/admin","Frontend/apps/admin/src/features/members/MemberDetailPage.tsx","","","mb-4 flex items-center justify-between gap-3","A","string-literal","","localize"
"apps/admin","Frontend/apps/admin/src/features/members/MemberDetailPage.tsx","","","font-[family-name:var(--fd)] text-lg font-semibold","A","string-literal","","localize"
"apps/admin","Frontend/apps/admin/src/features/members/MemberDetailPage.tsx","","","text-sm text-[var(--ltt)] hover:text-[var(--ltp)]","A","string-literal","","localize"
"apps/admin","Frontend/apps/admin/src/features/members/MemberFormPage.tsx","","","Full name (EN/AR), phone, and date of birth are required.","A","string-literal","","localize"
"apps/admin","Frontend/apps/admin/src/features/members/MemberFormPage.tsx","","","text-sm text-[var(--ltt)]","A","string-literal","","localize"
"apps/admin","Frontend/apps/admin/src/features/members/MemberFormPage.tsx","","","mx-auto max-w-2xl","A","string-literal","","localize"
"apps/admin","Frontend/apps/admin/src/features/members/MemberFormPage.tsx","","","text-sm text-[var(--l600)]","A","string-literal","","localize"
"apps/admin","Frontend/apps/admin/src/features/members/MemberFormPage.tsx","","","mt-3 font-[family-name:var(--fd)] text-2xl font-bold text-[var(--ltp)]","A","string-literal","","localize"
"apps/admin","Frontend/apps/admin/src/features/members/MemberFormPage.tsx","","","Add member","A","string-literal","","localize"
"apps/admin","Frontend/apps/admin/src/features/members/MemberFormPage.tsx","","","Edit member","A","string-literal","","localize"
"apps/admin","Frontend/apps/admin/src/features/members/MemberFormPage.tsx","","","rounded-[var(--rmd)] border border-[var(--lbd)] bg-white p-6","A","string-literal","","localize"
"apps/admin","Frontend/apps/admin/src/features/members/MemberFormPage.tsx","","","grid gap-0 sm:grid-cols-2 sm:gap-4","A","string-literal","","localize"
"apps/admin","Frontend/apps/admin/src/features/members/MemberFormPage.tsx","","","Full name (EN)","A","string-literal","","localize"
"apps/admin","Frontend/apps/admin/src/features/members/MemberFormPage.tsx","","","Full name (AR)","A","string-literal","","localize"
"apps/admin","Frontend/apps/admin/src/features/members/MemberFormPage.tsx","","","grid gap-0 sm:grid-cols-2 sm:gap-4","A","string-literal","","localize"
"apps/admin","Frontend/apps/admin/src/features/members/MemberFormPage.tsx","","","Date of birth","A","string-literal","","localize"
"apps/admin","Frontend/apps/admin/src/features/members/MemberFormPage.tsx","","","grid gap-0 sm:grid-cols-2 sm:gap-4","A","string-literal","","localize"
"apps/admin","Frontend/apps/admin/src/features/members/MemberFormPage.tsx","","","National ID","A","string-literal","","localize"
"apps/admin","Frontend/apps/admin/src/features/members/MemberFormPage.tsx","","","Emergency contact","A","string-literal","","localize"
"apps/admin","Frontend/apps/admin/src/features/members/MemberFormPage.tsx","","","w-full sm:w-auto sm:min-w-[160px]","A","string-literal","","localize"
"apps/admin","Frontend/apps/admin/src/features/members/MemberFormPage.tsx","","","Create member","A","string-literal","","localize"
"apps/admin","Frontend/apps/admin/src/features/members/MemberFormPage.tsx","","","Save changes","A","string-literal","","localize"
"apps/admin","Frontend/apps/admin/src/features/members/MembersListPage.tsx","","","mx-auto max-w-6xl","A","string-literal","","localize"
"apps/admin","Frontend/apps/admin/src/features/members/MembersListPage.tsx","","","mb-6 flex flex-wrap items-end justify-between gap-4","A","string-literal","","localize"
"apps/admin","Frontend/apps/admin/src/features/members/MembersListPage.tsx","","","font-[family-name:var(--fd)] text-2xl font-bold text-[var(--ltp)]","A","string-literal","","localize"
"apps/admin","Frontend/apps/admin/src/features/members/MembersListPage.tsx","","","mt-1 text-sm text-[var(--ltt)]","A","string-literal","","localize"
"apps/admin","Frontend/apps/admin/src/features/members/MembersListPage.tsx","","","Search, filter, and open member profiles.","A","string-literal","","localize"
"apps/admin","Frontend/apps/admin/src/features/members/MembersListPage.tsx","","","Add member","A","string-literal","","localize"
"apps/admin","Frontend/apps/admin/src/features/members/MembersListPage.tsx","","","mb-4 grid gap-3 sm:grid-cols-[1fr_200px]","A","string-literal","","localize"
"apps/admin","Frontend/apps/admin/src/features/members/MembersListPage.tsx","","","Name, phone, or member #","A","string-literal","","localize"
"apps/admin","Frontend/apps/admin/src/features/members/MembersListPage.tsx","","","Active membership","A","string-literal","","localize"
"apps/admin","Frontend/apps/admin/src/features/members/MembersListPage.tsx","","","No active membership","A","string-literal","","localize"
"apps/admin","Frontend/apps/admin/src/features/members/MembersListPage.tsx","","","overflow-hidden rounded-[var(--rmd)] border border-[var(--lbd)] bg-white","A","string-literal","","localize"
"apps/admin","Frontend/apps/admin/src/features/members/MembersListPage.tsx","","","w-full min-w-[720px] text-start text-sm","A","string-literal","","localize"
"apps/admin","Frontend/apps/admin/src/features/members/MembersListPage.tsx","","","bg-[var(--ls2)] text-[12px] uppercase tracking-wide text-[var(--ltt)]","A","string-literal","","localize"
"apps/admin","Frontend/apps/admin/src/features/members/MembersListPage.tsx","","","px-4 py-3 font-semibold","A","string-literal","","localize"
"apps/admin","Frontend/apps/admin/src/features/members/MembersListPage.tsx","","","px-4 py-3 font-semibold","A","string-literal","","localize"
"apps/admin","Frontend/apps/admin/src/features/members/MembersListPage.tsx","","","px-4 py-3 font-semibold","A","string-literal","","localize"
"apps/admin","Frontend/apps/admin/src/features/members/MembersListPage.tsx","","","px-4 py-3 font-semibold","A","string-literal","","localize"
"apps/admin","Frontend/apps/admin/src/features/members/MembersListPage.tsx","","","px-4 py-3 font-semibold","A","string-literal","","localize"
"apps/admin","Frontend/apps/admin/src/features/members/MembersListPage.tsx","","","px-4 py-10 text-center text-[var(--ltt)]","A","string-literal","","localize"
"apps/admin","Frontend/apps/admin/src/features/members/MembersListPage.tsx","","","px-4 py-10 text-center text-[var(--ltt)]","A","string-literal","","localize"
"apps/admin","Frontend/apps/admin/src/features/members/MembersListPage.tsx","","","No members found.","A","string-literal","","localize"
"apps/admin","Frontend/apps/admin/src/features/members/MembersListPage.tsx","","","border-t border-[var(--lbd)] transition-colors hover:bg-[var(--ls2)]","A","string-literal","","localize"
"apps/admin","Frontend/apps/admin/src/features/members/MembersListPage.tsx","","","font-semibold text-[var(--ltp)] hover:text-[var(--l600)]","A","string-literal","","localize"
"apps/admin","Frontend/apps/admin/src/features/members/MembersListPage.tsx","","","text-xs text-[var(--ltt)]","A","string-literal","","localize"
"apps/admin","Frontend/apps/admin/src/features/members/MembersListPage.tsx","","","mt-1 inline-block text-[11px] font-semibold text-[var(--dng600)]","A","string-literal","","localize"
"apps/admin","Frontend/apps/admin/src/features/members/MembersListPage.tsx","","","px-4 py-3 text-[var(--lts)]","A","string-literal","","localize"
"apps/admin","Frontend/apps/admin/src/features/members/MembersListPage.tsx","","","px-4 py-3 text-[var(--lts)]","A","string-literal","","localize"
"apps/admin","Frontend/apps/admin/src/features/members/MembersListPage.tsx","","",", m.activePlanAr ?? ","A","string-literal","","localize"
"apps/admin","Frontend/apps/admin/src/features/members/MembersListPage.tsx","","",", locale) || ","A","string-literal","","localize"
"apps/admin","Frontend/apps/admin/src/features/members/MembersListPage.tsx","","","bg-[rgba(160,224,64,0.18)] text-[var(--l600)]","A","string-literal","","localize"
"apps/admin","Frontend/apps/admin/src/features/members/MembersListPage.tsx","","","bg-[var(--inf100)] text-[var(--inftxt)]","A","string-literal","","localize"
"apps/admin","Frontend/apps/admin/src/features/members/MembersListPage.tsx","","","bg-[var(--ls3)] text-[var(--lts)]","A","string-literal","","localize"
"apps/admin","Frontend/apps/admin/src/features/members/MembersListPage.tsx","","","px-4 py-3 text-[var(--lts)]","A","string-literal","","localize"
"apps/admin","Frontend/apps/admin/src/features/members/MembersListPage.tsx","","","flex items-center justify-between gap-3 border-t border-[var(--lbd)] px-4 py-3","A","string-literal","","localize"
"apps/admin","Frontend/apps/admin/src/features/members/MembersListPage.tsx","","","text-xs text-[var(--ltt)]","A","string-literal","","localize"
"apps/admin","Frontend/apps/admin/src/features/members/MembersListPage.tsx","","","flex gap-2","A","string-literal","","localize"
"apps/admin","Frontend/apps/admin/src/hooks/useCan.ts","","","useCan({ kind: 'permission', value: 'sales.sell' })","A","string-literal","","localize"
"apps/admin","Frontend/apps/admin/src/layout/AppShell.tsx","","","flex min-h-screen bg-[var(--lbg)]","A","string-literal","","localize"
"apps/admin","Frontend/apps/admin/src/layout/AppShell.tsx","","","flex min-w-0 flex-1 flex-col","A","string-literal","","localize"
"apps/admin","Frontend/apps/admin/src/layout/AppShell.tsx","","","flex-1 overflow-auto p-6","A","string-literal","","localize"
"apps/admin","Frontend/apps/admin/src/layout/Sidebar.tsx","","","flex w-64 shrink-0 flex-col border-[var(--c700)] bg-[var(--c900)] text-[var(--dtp)] max-lg:w-56 border-e","A","string-literal","","localize"
"apps/admin","Frontend/apps/admin/src/layout/Sidebar.tsx","","","flex items-center gap-3 border-b border-[var(--c700)] px-5 py-5","A","string-literal","","localize"
"apps/admin","Frontend/apps/admin/src/layout/Sidebar.tsx","","","h-9 w-9 shrink-0","A","string-literal","","localize"
"apps/admin","Frontend/apps/admin/src/layout/Sidebar.tsx","","","font-[family-name:var(--fd)] text-lg font-bold text-[var(--l400)]","A","string-literal","","localize"
"apps/admin","Frontend/apps/admin/src/layout/Sidebar.tsx","","","text-[11px] text-[var(--c400)]","A","string-literal","","localize"
"apps/admin","Frontend/apps/admin/src/layout/Sidebar.tsx","","","Checking modules…","A","string-literal","","localize"
"apps/admin","Frontend/apps/admin/src/layout/Sidebar.tsx","","","Staff console","A","string-literal","","localize"
"apps/admin","Frontend/apps/admin/src/layout/Sidebar.tsx","","","flex-1 overflow-y-auto px-3 py-4","A","string-literal","","localize"
"apps/admin","Frontend/apps/admin/src/layout/Sidebar.tsx","","","flex flex-col gap-4","A","string-literal","","localize"
"apps/admin","Frontend/apps/admin/src/layout/Sidebar.tsx","","","mb-1.5 px-3 text-[10px] font-bold uppercase tracking-wider text-[var(--c500)]","A","string-literal","","localize"
"apps/admin","Frontend/apps/admin/src/layout/Sidebar.tsx","","","flex flex-col gap-1","A","string-literal","","localize"
"apps/admin","Frontend/apps/admin/src/layout/Sidebar.tsx","","","bg-[rgba(160,224,64,0.12)] text-[var(--l400)]","A","string-literal","","localize"
"apps/admin","Frontend/apps/admin/src/layout/Sidebar.tsx","","","text-[var(--c200)] hover:bg-[var(--c800)] hover:text-white","A","string-literal","","localize"
"apps/admin","Frontend/apps/admin/src/layout/Sidebar.tsx","","","h-4 w-4 shrink-0 opacity-80","A","string-literal","","localize"
"apps/admin","Frontend/apps/admin/src/layout/TopBar.tsx","","","flex h-14 items-center justify-between gap-4 border-b border-[var(--lbd)] bg-white px-6","A","string-literal","","localize"
"apps/admin","Frontend/apps/admin/src/layout/TopBar.tsx","","","truncate text-sm font-semibold text-[var(--ltp)]","A","string-literal","","localize"
"apps/admin","Frontend/apps/admin/src/layout/TopBar.tsx","","","truncate text-xs text-[var(--ltt)]","A","string-literal","","localize"
"apps/admin","Frontend/apps/admin/src/layout/TopBar.tsx","","","flex items-center gap-2","A","string-literal","","localize"
"apps/admin","Frontend/apps/admin/src/layout/TopBar.tsx","","","Toggle language / RTL","A","string-literal","","localize"
"apps/admin","Frontend/apps/admin/src/layout/TopBar.tsx","","","Sign out","A","string-literal","","localize"
"apps/admin","Frontend/apps/admin/src/lib/api/client.ts","","","Session expired. Please sign in again.","A","string-literal","","localize"
"apps/admin","Frontend/apps/admin/src/lib/api/client.ts","","","Session expired. Please sign in again.","A","string-literal","","localize"
"apps/admin","Frontend/apps/admin/src/lib/api/client.ts","","","Request failed","A","string-literal","","localize"
"apps/admin","Frontend/apps/admin/src/lib/api/errors.selftest.ts","","","Open a shift first / افتح وردية أولاً","A","string-literal","","localize"
"apps/admin","Frontend/apps/admin/src/lib/api/errors.selftest.ts","","","ProblemDetails title should be code","A","string-literal","","localize"
"apps/admin","Frontend/apps/admin/src/lib/api/errors.selftest.ts","","","Open a shift","A","string-literal","","localize"
"apps/admin","Frontend/apps/admin/src/lib/api/errors.selftest.ts","","","detail should be display message","A","string-literal","","localize"
"apps/admin","Frontend/apps/admin/src/lib/api/errors.selftest.ts","","","Invalid gym code.","A","string-literal","","localize"
"apps/admin","Frontend/apps/admin/src/lib/api/errors.selftest.ts","","","Invalid gym code.","A","string-literal","","localize"
"apps/admin","Frontend/apps/admin/src/lib/api/errors.selftest.ts","","","ad-hoc error field","A","string-literal","","localize"
"apps/admin","Frontend/apps/admin/src/lib/api/errors.selftest.ts","","","Not found","A","string-literal","","localize"
"apps/admin","Frontend/apps/admin/src/lib/api/errors.selftest.ts","","","Not found","A","string-literal","","localize"
"apps/admin","Frontend/apps/admin/src/lib/api/errors.selftest.ts","","","ad-hoc message field","A","string-literal","","localize"
"apps/admin","Frontend/apps/admin/src/lib/api/errors.selftest.ts","","","errors.selftest: OK","A","string-literal","","localize"
"apps/admin","Frontend/apps/admin/src/lib/api/errors.ts","","","Request failed","A","string-literal","","localize"
"apps/admin","Frontend/apps/admin/src/lib/api/errors.ts","","","Request failed","A","string-literal","","localize"
"apps/admin","Frontend/apps/admin/src/lib/api/errors.ts","","","Request failed","A","string-literal","","localize"
"apps/admin","Frontend/apps/admin/src/lib/api/errors.ts","","","Something went wrong","A","string-literal","","localize"
"apps/admin","Frontend/apps/admin/src/lib/i18n/bilingual.selftest.ts","","","Open a shift first / افتح وردية أولاً","A","string-literal","","localize"
"apps/admin","Frontend/apps/admin/src/lib/i18n/bilingual.selftest.ts","","","Open a shift first","A","string-literal","","localize"
"apps/admin","Frontend/apps/admin/src/lib/i18n/bilingual.selftest.ts","","","en side","A","string-literal","","localize"
"apps/admin","Frontend/apps/admin/src/lib/i18n/bilingual.selftest.ts","","","ar side","A","string-literal","","localize"
"apps/admin","Frontend/apps/admin/src/lib/i18n/bilingual.selftest.ts","","","ar pick","A","string-literal","","localize"
"apps/admin","Frontend/apps/admin/src/lib/i18n/bilingual.selftest.ts","","","Open a shift first","A","string-literal","","localize"
"apps/admin","Frontend/apps/admin/src/lib/i18n/bilingual.selftest.ts","","","en pick","A","string-literal","","localize"
"apps/admin","Frontend/apps/admin/src/lib/i18n/bilingual.selftest.ts","","","explicit fields","A","string-literal","","localize"
"apps/admin","Frontend/apps/admin/src/lib/i18n/bilingual.selftest.ts","","","catalog en","A","string-literal","","localize"
"apps/admin","Frontend/apps/admin/src/lib/i18n/bilingual.selftest.ts","","","catalog ar","A","string-literal","","localize"
"apps/admin","Frontend/apps/admin/src/lib/i18n/bilingual.selftest.ts","","","bilingual.selftest: OK","A","string-literal","","localize"
"apps/admin","Frontend/apps/admin/src/lib/impersonation-handoff.ts","","",").replace(/_/g, ","A","string-literal","","localize"
"apps/admin","Frontend/apps/admin/src/lib/impersonation-handoff.ts","","","Support session","A","string-literal","","localize"
"apps/admin","Frontend/apps/admin/src/lib/permissions.ts","","",").replace(/_/g, ","A","string-literal","","localize"
"apps/platform-console","Frontend/apps/platform-console/src/App.tsx","",""," element={<Navigate to=","A","string-literal","","localize"
"apps/platform-console","Frontend/apps/platform-console/src/App.tsx","",""," element={<Navigate to=","A","string-literal","","localize"
"apps/platform-console","Frontend/apps/platform-console/src/components/Badges.test.tsx","","","s own production components against this app","A","string-literal","","localize"
"apps/platform-console","Frontend/apps/platform-console/src/components/Badges.test.tsx","","","Badges (real render)","A","string-literal","","localize"
"apps/platform-console","Frontend/apps/platform-console/src/components/Badges.test.tsx","","","renders a known tier label","A","string-literal","","localize"
"apps/platform-console","Frontend/apps/platform-console/src/components/Badges.test.tsx","","","renders a known status label with underscores replaced","A","string-literal","","localize"
"apps/platform-console","Frontend/apps/platform-console/src/components/Badges.test.tsx","","","past due","A","string-literal","","localize"
"apps/platform-console","Frontend/apps/platform-console/src/components/Badges.test.tsx","","","renders a risk band label uppercased via CSS, text content unchanged","A","string-literal","","localize"
"apps/platform-console","Frontend/apps/platform-console/src/components/Badges.test.tsx","","","at risk","A","string-literal","","localize"
"apps/platform-console","Frontend/apps/platform-console/src/components/Badges.test.tsx","","","renders a placeholder for a missing value instead of crashing","A","string-literal","","localize"
"apps/platform-console","Frontend/apps/platform-console/src/components/Badges.tsx","","","bg-gray-100 text-gray-800 ring-1 ring-gray-200","A","string-literal","","localize"
"apps/platform-console","Frontend/apps/platform-console/src/components/Badges.tsx","","","bg-blue-50 text-blue-800 ring-1 ring-blue-200","A","string-literal","","localize"
"apps/platform-console","Frontend/apps/platform-console/src/components/Badges.tsx","","","bg-violet-50 text-violet-800 ring-1 ring-violet-200","A","string-literal","","localize"
"apps/platform-console","Frontend/apps/platform-console/src/components/Badges.tsx","","","bg-amber-50 text-amber-900 ring-1 ring-amber-200","A","string-literal","","localize"
"apps/platform-console","Frontend/apps/platform-console/src/components/Badges.tsx","","","bg-blue-50 text-blue-800 ring-1 ring-blue-200","A","string-literal","","localize"
"apps/platform-console","Frontend/apps/platform-console/src/components/Badges.tsx","","","bg-emerald-50 text-emerald-800 ring-1 ring-emerald-200","A","string-literal","","localize"
"apps/platform-console","Frontend/apps/platform-console/src/components/Badges.tsx","","","bg-amber-50 text-amber-900 ring-1 ring-amber-200","A","string-literal","","localize"
"apps/platform-console","Frontend/apps/platform-console/src/components/Badges.tsx","","","bg-red-50 text-red-800 ring-1 ring-red-200","A","string-literal","","localize"
"apps/platform-console","Frontend/apps/platform-console/src/components/Badges.tsx","","","bg-gray-100 text-gray-600 ring-1 ring-gray-200","A","string-literal","","localize"
"apps/platform-console","Frontend/apps/platform-console/src/components/Badges.tsx","","","bg-blue-50 text-blue-800 ring-1 ring-blue-200","A","string-literal","","localize"
"apps/platform-console","Frontend/apps/platform-console/src/components/Badges.tsx","","","bg-emerald-50 text-emerald-800 ring-1 ring-emerald-200","A","string-literal","","localize"
"apps/platform-console","Frontend/apps/platform-console/src/components/Badges.tsx","","","bg-red-50 text-red-800 ring-1 ring-red-200","A","string-literal","","localize"
"apps/platform-console","Frontend/apps/platform-console/src/components/Badges.tsx","","","bg-gray-100 text-gray-600 ring-1 ring-gray-200","A","string-literal","","localize"
"apps/platform-console","Frontend/apps/platform-console/src/components/Badges.tsx","","","bg-emerald-50 text-emerald-800 ring-1 ring-emerald-200","A","string-literal","","localize"
"apps/platform-console","Frontend/apps/platform-console/src/components/Badges.tsx","","","bg-gray-100 text-gray-800 ring-1 ring-gray-200","A","string-literal","","localize"
"apps/platform-console","Frontend/apps/platform-console/src/components/Badges.tsx","","","bg-amber-50 text-amber-900 ring-1 ring-amber-200","A","string-literal","","localize"
"apps/platform-console","Frontend/apps/platform-console/src/components/Badges.tsx","","","bg-red-50 text-red-800 ring-1 ring-red-200","A","string-literal","","localize"
"apps/platform-console","Frontend/apps/platform-console/src/components/Badges.tsx","","","bg-gray-100 text-gray-800 ring-1 ring-gray-200","A","string-literal","","localize"
"apps/platform-console","Frontend/apps/platform-console/src/components/Badges.tsx","","","bg-gray-100 text-gray-800 ring-1 ring-gray-200","A","string-literal","","localize"
"apps/platform-console","Frontend/apps/platform-console/src/components/Badges.tsx","","","bg-gray-100 text-gray-800 ring-1 ring-gray-200","A","string-literal","","localize"
"apps/platform-console","Frontend/apps/platform-console/src/components/ConfirmDialog.tsx","","","flex flex-col gap-3 p-5","A","string-literal","","localize"
"apps/platform-console","Frontend/apps/platform-console/src/components/ConfirmDialog.tsx","","","text-lg font-semibold text-gray-900","A","string-literal","","localize"
"apps/platform-console","Frontend/apps/platform-console/src/components/ConfirmDialog.tsx","","","text-sm text-gray-700","A","string-literal","","localize"
"apps/platform-console","Frontend/apps/platform-console/src/components/ConfirmDialog.tsx","","","rounded border border-red-200 bg-red-50 px-3 py-2 text-sm text-red-800","A","string-literal","","localize"
"apps/platform-console","Frontend/apps/platform-console/src/components/ConfirmDialog.tsx","","","mt-1 flex justify-end gap-2","A","string-literal","","localize"
"apps/platform-console","Frontend/apps/platform-console/src/components/ConfirmDialog.tsx","","","rounded-[var(--radius)] border border-gray-300 px-3 py-1.5 text-sm text-gray-700 hover:bg-gray-50 disabled:opacity-50","A","string-literal","","localize"
"apps/platform-console","Frontend/apps/platform-console/src/components/ConfirmDialog.tsx","","","bg-red-600 text-white hover:bg-red-700","A","string-literal","","localize"
"apps/platform-console","Frontend/apps/platform-console/src/components/ConfirmDialog.tsx","","","bg-blue-600 text-white hover:bg-blue-700","A","string-literal","","localize"
"apps/platform-console","Frontend/apps/platform-console/src/components/ImpersonationSessionBanner.tsx","","","flex flex-wrap items-center justify-between gap-2 border-b border-amber-200 bg-amber-50 px-4 py-2 text-sm text-amber-900","A","string-literal","","localize"
"apps/platform-console","Frontend/apps/platform-console/src/components/ImpersonationSessionBanner.tsx","","","rounded border border-amber-300 px-2 py-0.5 text-xs text-amber-900 hover:bg-amber-100","A","string-literal","","localize"
"apps/platform-console","Frontend/apps/platform-console/src/components/InternalStrip.tsx","","","font-semibold text-blue-600","A","string-literal","","localize"
"apps/platform-console","Frontend/apps/platform-console/src/components/InternalStrip.tsx","","","hidden sm:inline text-gray-500","A","string-literal","","localize"
"apps/platform-console","Frontend/apps/platform-console/src/components/OtpInput.tsx","","","One-time code","A","string-literal","","localize"
"apps/platform-console","Frontend/apps/platform-console/src/components/OtpInput.tsx","","",").slice(0, length).split(","A","string-literal","","localize"
"apps/platform-console","Frontend/apps/platform-console/src/components/OtpInput.tsx","","","flex gap-2","A","string-literal","","localize"
"apps/platform-console","Frontend/apps/platform-console/src/components/RenewalFilter.test.ts","","","is ""all"" for an empty value","A","string-literal","","localize"
"apps/platform-console","Frontend/apps/platform-console/src/components/RenewalFilter.test.ts","","","recognizes the exact 7-day and 30-day thresholds","A","string-literal","","localize"
"apps/platform-console","Frontend/apps/platform-console/src/components/RenewalFilter.test.ts","","","falls back to ""custom"" for any other date","A","string-literal","","localize"
"apps/platform-console","Frontend/apps/platform-console/src/components/RenewalFilter.tsx","","","7 days","A","string-literal","","localize"
"apps/platform-console","Frontend/apps/platform-console/src/components/RenewalFilter.tsx","","","30 days","A","string-literal","","localize"
"apps/platform-console","Frontend/apps/platform-console/src/components/RenewalFilter.tsx","","","flex flex-wrap items-center gap-2","A","string-literal","","localize"
"apps/platform-console","Frontend/apps/platform-console/src/components/RenewalFilter.tsx","","","flex gap-1 rounded-[var(--radius)] border border-gray-200 bg-white p-0.5 text-sm","A","string-literal","","localize"
"apps/platform-console","Frontend/apps/platform-console/src/components/RenewalFilter.tsx","","","flex items-center gap-1.5 text-sm text-gray-500","A","string-literal","","localize"
"apps/platform-console","Frontend/apps/platform-console/src/components/RenewalFilter.tsx","","","rounded-[var(--radius)] border border-gray-300 bg-white px-2 py-1 text-gray-900","A","string-literal","","localize"
"apps/platform-console","Frontend/apps/platform-console/src/components/ToastHost.tsx","","","border-red-200 bg-red-50 text-red-800","A","string-literal","","localize"
"apps/platform-console","Frontend/apps/platform-console/src/components/ToastHost.tsx","","","border-emerald-200 bg-emerald-50 text-emerald-800","A","string-literal","","localize"
"apps/platform-console","Frontend/apps/platform-console/src/components/ToastHost.tsx","","","border-gray-200 bg-white text-gray-900","A","string-literal","","localize"
"apps/platform-console","Frontend/apps/platform-console/src/features/audit/AuditLogPage.tsx","","","Audit Log","A","jsx-text","","localize"
"apps/platform-console","Frontend/apps/platform-console/src/features/audit/AuditLogPage.tsx","","","Tenant ID","A","jsx-text","","localize"
"apps/platform-console","Frontend/apps/platform-console/src/features/audit/AuditLogPage.tsx","","","Action","A","jsx-text","","localize"
"apps/platform-console","Frontend/apps/platform-console/src/features/audit/AuditLogPage.tsx","","","From","A","jsx-text","","localize"
"apps/platform-console","Frontend/apps/platform-console/src/features/audit/AuditLogPage.tsx","","","Timestamp","A","jsx-text","","localize"
"apps/platform-console","Frontend/apps/platform-console/src/features/audit/AuditLogPage.tsx","","","Tenant","A","jsx-text","","localize"
"apps/platform-console","Frontend/apps/platform-console/src/features/audit/AuditLogPage.tsx","","","Action","A","jsx-text","","localize"
"apps/platform-console","Frontend/apps/platform-console/src/features/audit/AuditLogPage.tsx","","","Actor","A","jsx-text","","localize"
"apps/platform-console","Frontend/apps/platform-console/src/features/audit/AuditLogPage.tsx","","","Details","A","jsx-text","","localize"
"apps/platform-console","Frontend/apps/platform-console/src/features/audit/AuditLogPage.tsx","","","flex flex-col gap-4","A","string-literal","","localize"
"apps/platform-console","Frontend/apps/platform-console/src/features/audit/AuditLogPage.tsx","","","text-2xl font-semibold text-gray-900","A","string-literal","","localize"
"apps/platform-console","Frontend/apps/platform-console/src/features/audit/AuditLogPage.tsx","","","text-sm text-gray-500","A","string-literal","","localize"
"apps/platform-console","Frontend/apps/platform-console/src/features/audit/AuditLogPage.tsx","","","flex flex-col gap-3 rounded-[var(--radius)] border border-gray-200 bg-white p-4","A","string-literal","","localize"
"apps/platform-console","Frontend/apps/platform-console/src/features/audit/AuditLogPage.tsx","","","grid gap-3 sm:grid-cols-2 lg:grid-cols-5","A","string-literal","","localize"
"apps/platform-console","Frontend/apps/platform-console/src/features/audit/AuditLogPage.tsx","","","flex flex-col gap-1 text-sm","A","string-literal","","localize"
"apps/platform-console","Frontend/apps/platform-console/src/features/audit/AuditLogPage.tsx","","","Paste a tenant GUID","A","string-literal","","localize"
"apps/platform-console","Frontend/apps/platform-console/src/features/audit/AuditLogPage.tsx","","","rounded-[var(--radius)] border border-gray-300 bg-white px-3 py-2","A","string-literal","","localize"
"apps/platform-console","Frontend/apps/platform-console/src/features/audit/AuditLogPage.tsx","","","flex flex-col gap-1 text-sm","A","string-literal","","localize"
"apps/platform-console","Frontend/apps/platform-console/src/features/audit/AuditLogPage.tsx","","","e.g. platform.tenant.force_suspend","A","string-literal","","localize"
"apps/platform-console","Frontend/apps/platform-console/src/features/audit/AuditLogPage.tsx","","","rounded-[var(--radius)] border border-gray-300 bg-white px-3 py-2","A","string-literal","","localize"
"apps/platform-console","Frontend/apps/platform-console/src/features/audit/AuditLogPage.tsx","","","flex flex-col gap-1 text-sm","A","string-literal","","localize"
"apps/platform-console","Frontend/apps/platform-console/src/features/audit/AuditLogPage.tsx","","","Filter loaded rows","A","string-literal","","localize"
"apps/platform-console","Frontend/apps/platform-console/src/features/audit/AuditLogPage.tsx","","","rounded-[var(--radius)] border border-gray-300 bg-white px-3 py-2","A","string-literal","","localize"
"apps/platform-console","Frontend/apps/platform-console/src/features/audit/AuditLogPage.tsx","","","flex flex-col gap-1 text-sm","A","string-literal","","localize"
"apps/platform-console","Frontend/apps/platform-console/src/features/audit/AuditLogPage.tsx","","","rounded-[var(--radius)] border border-gray-300 bg-white px-3 py-2","A","string-literal","","localize"
"apps/platform-console","Frontend/apps/platform-console/src/features/audit/AuditLogPage.tsx","","","flex flex-col gap-1 text-sm","A","string-literal","","localize"
"apps/platform-console","Frontend/apps/platform-console/src/features/audit/AuditLogPage.tsx","","","rounded-[var(--radius)] border border-gray-300 bg-white px-3 py-2","A","string-literal","","localize"
"apps/platform-console","Frontend/apps/platform-console/src/features/audit/AuditLogPage.tsx","","","text-xs text-gray-500","A","string-literal","","localize"
"apps/platform-console","Frontend/apps/platform-console/src/features/audit/AuditLogPage.tsx","","","overflow-x-auto rounded-[var(--radius)] border border-gray-200","A","string-literal","","localize"
"apps/platform-console","Frontend/apps/platform-console/src/features/audit/AuditLogPage.tsx","","","min-w-full text-left text-sm","A","string-literal","","localize"
"apps/platform-console","Frontend/apps/platform-console/src/features/audit/AuditLogPage.tsx","","","bg-gray-50 text-gray-500","A","string-literal","","localize"
"apps/platform-console","Frontend/apps/platform-console/src/features/audit/AuditLogPage.tsx","","","px-3 py-2 font-medium","A","string-literal","","localize"
"apps/platform-console","Frontend/apps/platform-console/src/features/audit/AuditLogPage.tsx","","","px-3 py-2 font-medium","A","string-literal","","localize"
"apps/platform-console","Frontend/apps/platform-console/src/features/audit/AuditLogPage.tsx","","","px-3 py-2 font-medium","A","string-literal","","localize"
"apps/platform-console","Frontend/apps/platform-console/src/features/audit/AuditLogPage.tsx","","","px-3 py-2 font-medium","A","string-literal","","localize"
"apps/platform-console","Frontend/apps/platform-console/src/features/audit/AuditLogPage.tsx","","","px-3 py-2 font-medium","A","string-literal","","localize"
"apps/platform-console","Frontend/apps/platform-console/src/features/audit/AuditLogPage.tsx","","","border-t border-gray-200","A","string-literal","","localize"
"apps/platform-console","Frontend/apps/platform-console/src/features/audit/AuditLogPage.tsx","","","h-4 animate-pulse rounded bg-gray-200","A","string-literal","","localize"
"apps/platform-console","Frontend/apps/platform-console/src/features/audit/AuditLogPage.tsx","","","px-3 py-8 text-center text-red-600","A","string-literal","","localize"
"apps/platform-console","Frontend/apps/platform-console/src/features/audit/AuditLogPage.tsx","","","Failed to load the audit log.","A","string-literal","","localize"
"apps/platform-console","Frontend/apps/platform-console/src/features/audit/AuditLogPage.tsx","","","px-3 py-8 text-center text-gray-500","A","string-literal","","localize"
"apps/platform-console","Frontend/apps/platform-console/src/features/audit/AuditLogPage.tsx","","","border-t border-gray-200 align-top","A","string-literal","","localize"
"apps/platform-console","Frontend/apps/platform-console/src/features/audit/AuditLogPage.tsx","","","px-3 py-2 whitespace-nowrap text-gray-500","A","string-literal","","localize"
"apps/platform-console","Frontend/apps/platform-console/src/features/audit/AuditLogPage.tsx","","","text-blue-600 underline-offset-2 hover:underline","A","string-literal","","localize"
"apps/platform-console","Frontend/apps/platform-console/src/features/audit/AuditLogPage.tsx","","","font-[var(--mono)] text-[10px] text-gray-400","A","string-literal","","localize"
"apps/platform-console","Frontend/apps/platform-console/src/features/audit/AuditLogPage.tsx","","","font-[var(--mono)] text-xs text-gray-500","A","string-literal","","localize"
"apps/platform-console","Frontend/apps/platform-console/src/features/audit/AuditLogPage.tsx","","","px-3 py-2 text-gray-500","A","string-literal","","localize"
"apps/platform-console","Frontend/apps/platform-console/src/features/audit/AuditLogPage.tsx","","","flex items-center justify-between text-sm text-gray-500","A","string-literal","","localize"
"apps/platform-console","Frontend/apps/platform-console/src/features/audit/AuditLogPage.tsx","",""," · updating…","A","string-literal","","localize"
"apps/platform-console","Frontend/apps/platform-console/src/features/audit/AuditLogPage.tsx","","","flex gap-2","A","string-literal","","localize"
"apps/platform-console","Frontend/apps/platform-console/src/features/audit/AuditLogPage.tsx","","","rounded border border-gray-200 px-3 py-1 disabled:opacity-40","A","string-literal","","localize"
"apps/platform-console","Frontend/apps/platform-console/src/features/audit/AuditLogPage.tsx","","","rounded border border-gray-200 px-3 py-1 disabled:opacity-40","A","string-literal","","localize"
"apps/platform-console","Frontend/apps/platform-console/src/features/auth/auth-store.test.ts","","","Ops User","A","string-literal","","localize"
"apps/platform-console","Frontend/apps/platform-console/src/features/auth/auth-store.test.ts","","","auth state machine","A","string-literal","","localize"
"apps/platform-console","Frontend/apps/platform-console/src/features/auth/auth-store.test.ts","","","routes login → mfa_setup_required into setup phase without access token","A","string-literal","","localize"
"apps/platform-console","Frontend/apps/platform-console/src/features/auth/auth-store.test.ts","","","routes login → MFA_REQUIRED into challenge phase","A","string-literal","","localize"
"apps/platform-console","Frontend/apps/platform-console/src/features/auth/auth-store.test.ts","","","successful enrollment/challenge → authenticated","A","string-literal","","localize"
"apps/platform-console","Frontend/apps/platform-console/src/features/auth/auth-store.test.ts","","","logout clears memory token","A","string-literal","","localize"
"apps/platform-console","Frontend/apps/platform-console/src/features/auth/LoginPage.tsx","","","Sign in","A","jsx-text","","localize"
"apps/platform-console","Frontend/apps/platform-console/src/features/auth/LoginPage.tsx","","","Email","A","jsx-text","","localize"
"apps/platform-console","Frontend/apps/platform-console/src/features/auth/LoginPage.tsx","","","Password","A","jsx-text","","localize"
"apps/platform-console","Frontend/apps/platform-console/src/features/auth/LoginPage.tsx","","","Invalid email or password.","A","string-literal","","localize"
"apps/platform-console","Frontend/apps/platform-console/src/features/auth/LoginPage.tsx","","","Unable to reach the platform API. Check the API is running.","A","string-literal","","localize"
"apps/platform-console","Frontend/apps/platform-console/src/features/auth/LoginPage.tsx","","","mx-auto flex max-w-md flex-col gap-6 px-4 py-16","A","string-literal","","localize"
"apps/platform-console","Frontend/apps/platform-console/src/features/auth/LoginPage.tsx","","","text-2xl font-semibold text-gray-900","A","string-literal","","localize"
"apps/platform-console","Frontend/apps/platform-console/src/features/auth/LoginPage.tsx","","","mt-2 text-sm text-gray-500","A","string-literal","","localize"
"apps/platform-console","Frontend/apps/platform-console/src/features/auth/LoginPage.tsx","","","flex flex-col gap-4 rounded-[var(--radius)] border border-gray-200 bg-white p-6","A","string-literal","","localize"
"apps/platform-console","Frontend/apps/platform-console/src/features/auth/LoginPage.tsx","","","flex flex-col gap-1 text-sm","A","string-literal","","localize"
"apps/platform-console","Frontend/apps/platform-console/src/features/auth/LoginPage.tsx","","","rounded-[var(--radius)] border border-gray-300 bg-white px-3 py-2 text-gray-900","A","string-literal","","localize"
"apps/platform-console","Frontend/apps/platform-console/src/features/auth/LoginPage.tsx","","","flex flex-col gap-1 text-sm","A","string-literal","","localize"
"apps/platform-console","Frontend/apps/platform-console/src/features/auth/LoginPage.tsx","","","rounded-[var(--radius)] border border-gray-300 bg-white px-3 py-2 text-gray-900","A","string-literal","","localize"
"apps/platform-console","Frontend/apps/platform-console/src/features/auth/LoginPage.tsx","","","rounded-[var(--radius)] border border-red-200 bg-red-50 px-3 py-2 text-sm text-red-800","A","string-literal","","localize"
"apps/platform-console","Frontend/apps/platform-console/src/features/auth/LoginPage.tsx","","","rounded-[var(--radius)] bg-blue-600 px-4 py-2 font-medium text-white hover:bg-blue-700 disabled:opacity-60","A","string-literal","","localize"
"apps/platform-console","Frontend/apps/platform-console/src/features/auth/LoginPage.tsx","","","Signing in…","A","string-literal","","localize"
"apps/platform-console","Frontend/apps/platform-console/src/features/auth/MfaChallengePage.tsx","","","Enter authenticator code","A","jsx-text","","localize"
"apps/platform-console","Frontend/apps/platform-console/src/features/auth/MfaChallengePage.tsx","","","Incorrect code — check your authenticator app and try again.","A","string-literal","","localize"
"apps/platform-console","Frontend/apps/platform-console/src/features/auth/MfaChallengePage.tsx","","","Authentication failed. Please try again.","A","string-literal","","localize"
"apps/platform-console","Frontend/apps/platform-console/src/features/auth/MfaChallengePage.tsx","","","Unable to verify code. Please try again.","A","string-literal","","localize"
"apps/platform-console","Frontend/apps/platform-console/src/features/auth/MfaChallengePage.tsx","","","mx-auto flex max-w-md flex-col gap-6 px-4 py-12","A","string-literal","","localize"
"apps/platform-console","Frontend/apps/platform-console/src/features/auth/MfaChallengePage.tsx","","","text-2xl font-semibold text-gray-900","A","string-literal","","localize"
"apps/platform-console","Frontend/apps/platform-console/src/features/auth/MfaChallengePage.tsx","","","mt-2 text-sm text-gray-500","A","string-literal","","localize"
"apps/platform-console","Frontend/apps/platform-console/src/features/auth/MfaChallengePage.tsx","","","flex flex-col gap-4 rounded-[var(--radius)] border border-gray-200 bg-white p-6","A","string-literal","","localize"
"apps/platform-console","Frontend/apps/platform-console/src/features/auth/MfaChallengePage.tsx","","","text-xs text-gray-500","A","string-literal","","localize"
"apps/platform-console","Frontend/apps/platform-console/src/features/auth/MfaChallengePage.tsx","","","rounded-[var(--radius)] border border-red-200 bg-red-50 px-3 py-2 text-sm text-red-800","A","string-literal","","localize"
"apps/platform-console","Frontend/apps/platform-console/src/features/auth/MfaChallengePage.tsx","","","rounded-[var(--radius)] bg-blue-600 px-4 py-2 font-medium text-white hover:bg-blue-700 disabled:opacity-60","A","string-literal","","localize"
"apps/platform-console","Frontend/apps/platform-console/src/features/auth/MfaChallengePage.tsx","","","text-center text-sm text-gray-500 underline","A","string-literal","","localize"
"apps/platform-console","Frontend/apps/platform-console/src/features/auth/MfaSetupPage.tsx","","","Set up authenticator","A","jsx-text","","localize"
"apps/platform-console","Frontend/apps/platform-console/src/features/auth/MfaSetupPage.tsx","","","This setup link expired. Please log in again.","A","string-literal","","localize"
"apps/platform-console","Frontend/apps/platform-console/src/features/auth/MfaSetupPage.tsx","","","Incorrect code — check your authenticator app and try again.","A","string-literal","","localize"
"apps/platform-console","Frontend/apps/platform-console/src/features/auth/MfaSetupPage.tsx","","","Unable to complete MFA setup. Please try again.","A","string-literal","","localize"
"apps/platform-console","Frontend/apps/platform-console/src/features/auth/MfaSetupPage.tsx","","","mx-auto flex max-w-lg flex-col gap-6 px-4 py-12","A","string-literal","","localize"
"apps/platform-console","Frontend/apps/platform-console/src/features/auth/MfaSetupPage.tsx","","","text-2xl font-semibold text-gray-900","A","string-literal","","localize"
"apps/platform-console","Frontend/apps/platform-console/src/features/auth/MfaSetupPage.tsx","","","mt-2 text-sm text-gray-500","A","string-literal","","localize"
"apps/platform-console","Frontend/apps/platform-console/src/features/auth/MfaSetupPage.tsx","","","rounded-[var(--radius)] border border-gray-200 bg-white p-6","A","string-literal","","localize"
"apps/platform-console","Frontend/apps/platform-console/src/features/auth/MfaSetupPage.tsx","","","mb-4 flex justify-center rounded bg-white p-4","A","string-literal","","localize"
"apps/platform-console","Frontend/apps/platform-console/src/features/auth/MfaSetupPage.tsx","","","mb-4 text-sm text-gray-700","A","string-literal","","localize"
"apps/platform-console","Frontend/apps/platform-console/src/features/auth/MfaSetupPage.tsx","","","select-all rounded bg-white px-2 py-1 font-[var(--mono)] text-blue-600","A","string-literal","","localize"
"apps/platform-console","Frontend/apps/platform-console/src/features/auth/MfaSetupPage.tsx","","","flex flex-col gap-4","A","string-literal","","localize"
"apps/platform-console","Frontend/apps/platform-console/src/features/auth/MfaSetupPage.tsx","","","rounded-[var(--radius)] border border-red-200 bg-red-50 px-3 py-2 text-sm text-red-800","A","string-literal","","localize"
"apps/platform-console","Frontend/apps/platform-console/src/features/auth/MfaSetupPage.tsx","","","rounded-[var(--radius)] bg-blue-600 px-4 py-2 font-medium text-white hover:bg-blue-700 disabled:opacity-60","A","string-literal","","localize"
"apps/platform-console","Frontend/apps/platform-console/src/features/auth/MfaSetupPage.tsx","","","Enable MFA & continue","A","string-literal","","localize"
"apps/platform-console","Frontend/apps/platform-console/src/features/auth/route-guards.test.ts","","","route protection","A","string-literal","","localize"
"apps/platform-console","Frontend/apps/platform-console/src/features/auth/route-guards.test.ts","","","unauthenticated /tenants redirects to login","A","string-literal","","localize"
"apps/platform-console","Frontend/apps/platform-console/src/features/auth/route-guards.test.ts","","","mfa setup incomplete cannot reach tenants","A","string-literal","","localize"
"apps/platform-console","Frontend/apps/platform-console/src/features/auth/route-guards.test.ts","","","mfa challenge incomplete cannot reach tenants","A","string-literal","","localize"
"apps/platform-console","Frontend/apps/platform-console/src/features/auth/route-guards.test.ts","","","authenticated reaches tenants","A","string-literal","","localize"
"apps/platform-console","Frontend/apps/platform-console/src/features/metrics/metrics.msw.test.ts","","","from and to (yyyy-MM-dd) are required.","A","string-literal","","localize"
"apps/platform-console","Frontend/apps/platform-console/src/features/metrics/metrics.msw.test.ts","","","from and to (yyyy-MM-dd) are required.","A","string-literal","","localize"
"apps/platform-console","Frontend/apps/platform-console/src/features/metrics/metrics.msw.test.ts","","","from and to (yyyy-MM-dd) are required.","A","string-literal","","localize"
"apps/platform-console","Frontend/apps/platform-console/src/features/metrics/metrics.msw.test.ts","","","metrics API (MSW)","A","string-literal","","localize"
"apps/platform-console","Frontend/apps/platform-console/src/features/metrics/metrics.msw.test.ts","","","loads MRR snapshot and formats EGP without re-dividing annual","A","string-literal","","localize"
"apps/platform-console","Frontend/apps/platform-console/src/features/metrics/metrics.msw.test.ts","","","requires from/to for movement (400)","A","string-literal","","localize"
"apps/platform-console","Frontend/apps/platform-console/src/features/metrics/metrics.msw.test.ts","","","loads movement, churn, conversion, and tier distribution","A","string-literal","","localize"
"apps/platform-console","Frontend/apps/platform-console/src/features/metrics/MetricsPage.tsx","","","Metrics","A","jsx-text","","localize"
"apps/platform-console","Frontend/apps/platform-console/src/features/metrics/MetricsPage.tsx","","","Range from","A","jsx-text","","localize"
"apps/platform-console","Frontend/apps/platform-console/src/features/metrics/MetricsPage.tsx","","","Range to","A","jsx-text","","localize"
"apps/platform-console","Frontend/apps/platform-console/src/features/metrics/MetricsPage.tsx","","","No paying tenants as of this date.","A","jsx-text","","localize"
"apps/platform-console","Frontend/apps/platform-console/src/features/metrics/MetricsPage.tsx","","","Cohort","A","jsx-text","","localize"
"apps/platform-console","Frontend/apps/platform-console/src/features/metrics/MetricsPage.tsx","","","Signed up","A","jsx-text","","localize"
"apps/platform-console","Frontend/apps/platform-console/src/features/metrics/MetricsPage.tsx","","","Still paying","A","jsx-text","","localize"
"apps/platform-console","Frontend/apps/platform-console/src/features/metrics/MetricsPage.tsx","","","Retention","A","jsx-text","","localize"
"apps/platform-console","Frontend/apps/platform-console/src/features/metrics/MetricsPage.tsx","","","No cohort rows for this range.","A","jsx-text","","localize"
"apps/platform-console","Frontend/apps/platform-console/src/features/metrics/MetricsPage.tsx","","","No trials started in this range.","A","jsx-text","","localize"
"apps/platform-console","Frontend/apps/platform-console/src/features/metrics/MetricsPage.tsx","","","No paying tenants as of this date.","A","jsx-text","","localize"
"apps/platform-console","Frontend/apps/platform-console/src/features/metrics/MetricsPage.tsx","","","border-t border-gray-200 pt-6 first:border-t-0 first:pt-0","A","string-literal","","localize"
"apps/platform-console","Frontend/apps/platform-console/src/features/metrics/MetricsPage.tsx","","","text-lg font-semibold text-gray-900","A","string-literal","","localize"
"apps/platform-console","Frontend/apps/platform-console/src/features/metrics/MetricsPage.tsx","","","mt-0.5 text-sm text-gray-500","A","string-literal","","localize"
"apps/platform-console","Frontend/apps/platform-console/src/features/metrics/MetricsPage.tsx","","","text-xs uppercase tracking-wide text-gray-500","A","string-literal","","localize"
"apps/platform-console","Frontend/apps/platform-console/src/features/metrics/MetricsPage.tsx","","","mt-1 text-xl font-semibold tabular-nums text-gray-900","A","string-literal","","localize"
"apps/platform-console","Frontend/apps/platform-console/src/features/metrics/MetricsPage.tsx","","","grid gap-3 sm:grid-cols-3","A","string-literal","","localize"
"apps/platform-console","Frontend/apps/platform-console/src/features/metrics/MetricsPage.tsx","","","h-12 animate-pulse rounded bg-gray-200","A","string-literal","","localize"
"apps/platform-console","Frontend/apps/platform-console/src/features/metrics/MetricsPage.tsx","","","Failed to load","A","string-literal","","localize"
"apps/platform-console","Frontend/apps/platform-console/src/features/metrics/MetricsPage.tsx","","","text-sm text-red-600","A","string-literal","","localize"
"apps/platform-console","Frontend/apps/platform-console/src/features/metrics/MetricsPage.tsx","","","from and to are required for movement, churn, and conversion.","A","string-literal","","localize"
"apps/platform-console","Frontend/apps/platform-console/src/features/metrics/MetricsPage.tsx","","","Use yyyy-MM-dd for from and to.","A","string-literal","","localize"
"apps/platform-console","Frontend/apps/platform-console/src/features/metrics/MetricsPage.tsx","","","from must be on or before to.","A","string-literal","","localize"
"apps/platform-console","Frontend/apps/platform-console/src/features/metrics/MetricsPage.tsx","","","flex flex-col gap-8","A","string-literal","","localize"
"apps/platform-console","Frontend/apps/platform-console/src/features/metrics/MetricsPage.tsx","","","text-2xl font-semibold text-gray-900","A","string-literal","","localize"
"apps/platform-console","Frontend/apps/platform-console/src/features/metrics/MetricsPage.tsx","","","text-sm text-gray-500","A","string-literal","","localize"
"apps/platform-console","Frontend/apps/platform-console/src/features/metrics/MetricsPage.tsx","","","flex flex-wrap gap-4 border-b border-gray-200 pb-4","A","string-literal","","localize"
"apps/platform-console","Frontend/apps/platform-console/src/features/metrics/MetricsPage.tsx","","","flex flex-col gap-1 text-sm","A","string-literal","","localize"
"apps/platform-console","Frontend/apps/platform-console/src/features/metrics/MetricsPage.tsx","","","rounded-[var(--radius)] border border-gray-300 bg-white px-3 py-2","A","string-literal","","localize"
"apps/platform-console","Frontend/apps/platform-console/src/features/metrics/MetricsPage.tsx","","","flex flex-col gap-1 text-sm","A","string-literal","","localize"
"apps/platform-console","Frontend/apps/platform-console/src/features/metrics/MetricsPage.tsx","","","rounded-[var(--radius)] border border-gray-300 bg-white px-3 py-2","A","string-literal","","localize"
"apps/platform-console","Frontend/apps/platform-console/src/features/metrics/MetricsPage.tsx","","","flex flex-col gap-1 text-sm","A","string-literal","","localize"
"apps/platform-console","Frontend/apps/platform-console/src/features/metrics/MetricsPage.tsx","","","rounded-[var(--radius)] border border-gray-300 bg-white px-3 py-2","A","string-literal","","localize"
"apps/platform-console","Frontend/apps/platform-console/src/features/metrics/MetricsPage.tsx","","","text-sm text-gray-500","A","string-literal","","localize"
"apps/platform-console","Frontend/apps/platform-console/src/features/metrics/MetricsPage.tsx","","","grid gap-6 sm:grid-cols-3","A","string-literal","","localize"
"apps/platform-console","Frontend/apps/platform-console/src/features/metrics/MetricsPage.tsx","","","Paying tenants","A","string-literal","","localize"
"apps/platform-console","Frontend/apps/platform-console/src/features/metrics/MetricsPage.tsx","","","sm:col-span-3 text-xs text-gray-500","A","string-literal","","localize"
"apps/platform-console","Frontend/apps/platform-console/src/features/metrics/MetricsPage.tsx","","","MRR movement","A","string-literal","","localize"
"apps/platform-console","Frontend/apps/platform-console/src/features/metrics/MetricsPage.tsx","","","Set a valid date range","A","string-literal","","localize"
"apps/platform-console","Frontend/apps/platform-console/src/features/metrics/MetricsPage.tsx","","","text-sm text-amber-800","A","string-literal","","localize"
"apps/platform-console","Frontend/apps/platform-console/src/features/metrics/MetricsPage.tsx","","","grid gap-6 sm:grid-cols-3 lg:grid-cols-5","A","string-literal","","localize"
"apps/platform-console","Frontend/apps/platform-console/src/features/metrics/MetricsPage.tsx","","","sm:col-span-3 lg:col-span-5 text-xs text-gray-500","A","string-literal","","localize"
"apps/platform-console","Frontend/apps/platform-console/src/features/metrics/MetricsPage.tsx","","","Does not reconcile","A","string-literal","","localize"
"apps/platform-console","Frontend/apps/platform-console/src/features/metrics/MetricsPage.tsx","","","Set a valid date range","A","string-literal","","localize"
"apps/platform-console","Frontend/apps/platform-console/src/features/metrics/MetricsPage.tsx","","","text-sm text-amber-800","A","string-literal","","localize"
"apps/platform-console","Frontend/apps/platform-console/src/features/metrics/MetricsPage.tsx","","","flex flex-col gap-4","A","string-literal","","localize"
"apps/platform-console","Frontend/apps/platform-console/src/features/metrics/MetricsPage.tsx","","","grid gap-6 sm:grid-cols-3","A","string-literal","","localize"
"apps/platform-console","Frontend/apps/platform-console/src/features/metrics/MetricsPage.tsx","","","Gross churn rate","A","string-literal","","localize"
"apps/platform-console","Frontend/apps/platform-console/src/features/metrics/MetricsPage.tsx","","","Churned MRR","A","string-literal","","localize"
"apps/platform-console","Frontend/apps/platform-console/src/features/metrics/MetricsPage.tsx","","","Churned tenants","A","string-literal","","localize"
"apps/platform-console","Frontend/apps/platform-console/src/features/metrics/MetricsPage.tsx","","","mb-2 text-sm font-medium text-gray-700","A","string-literal","","localize"
"apps/platform-console","Frontend/apps/platform-console/src/features/metrics/MetricsPage.tsx","","","min-w-full text-left text-sm","A","string-literal","","localize"
"apps/platform-console","Frontend/apps/platform-console/src/features/metrics/MetricsPage.tsx","","","py-1 pr-4 font-medium","A","string-literal","","localize"
"apps/platform-console","Frontend/apps/platform-console/src/features/metrics/MetricsPage.tsx","","","py-1 pr-4 font-medium","A","string-literal","","localize"
"apps/platform-console","Frontend/apps/platform-console/src/features/metrics/MetricsPage.tsx","","","py-1 pr-4 font-medium","A","string-literal","","localize"
"apps/platform-console","Frontend/apps/platform-console/src/features/metrics/MetricsPage.tsx","","","py-1 font-medium","A","string-literal","","localize"
"apps/platform-console","Frontend/apps/platform-console/src/features/metrics/MetricsPage.tsx","","","border-t border-gray-200","A","string-literal","","localize"
"apps/platform-console","Frontend/apps/platform-console/src/features/metrics/MetricsPage.tsx","","","py-1.5 pr-4 font-[var(--mono)] text-gray-800","A","string-literal","","localize"
"apps/platform-console","Frontend/apps/platform-console/src/features/metrics/MetricsPage.tsx","","","py-1.5 pr-4 tabular-nums","A","string-literal","","localize"
"apps/platform-console","Frontend/apps/platform-console/src/features/metrics/MetricsPage.tsx","","","py-1.5 pr-4 tabular-nums","A","string-literal","","localize"
"apps/platform-console","Frontend/apps/platform-console/src/features/metrics/MetricsPage.tsx","","","py-1.5 tabular-nums","A","string-literal","","localize"
"apps/platform-console","Frontend/apps/platform-console/src/features/metrics/MetricsPage.tsx","","","text-sm text-gray-500","A","string-literal","","localize"
"apps/platform-console","Frontend/apps/platform-console/src/features/metrics/MetricsPage.tsx","","","Trial → paid conversion","A","string-literal","","localize"
"apps/platform-console","Frontend/apps/platform-console/src/features/metrics/MetricsPage.tsx","","","Set a valid date range","A","string-literal","","localize"
"apps/platform-console","Frontend/apps/platform-console/src/features/metrics/MetricsPage.tsx","","","text-sm text-amber-800","A","string-literal","","localize"
"apps/platform-console","Frontend/apps/platform-console/src/features/metrics/MetricsPage.tsx","","","text-sm text-gray-500","A","string-literal","","localize"
"apps/platform-console","Frontend/apps/platform-console/src/features/metrics/MetricsPage.tsx","","","grid gap-6 sm:grid-cols-3","A","string-literal","","localize"
"apps/platform-console","Frontend/apps/platform-console/src/features/metrics/MetricsPage.tsx","","","Trials started","A","string-literal","","localize"
"apps/platform-console","Frontend/apps/platform-console/src/features/metrics/MetricsPage.tsx","","","Converted to paid","A","string-literal","","localize"
"apps/platform-console","Frontend/apps/platform-console/src/features/metrics/MetricsPage.tsx","","","Conversion rate","A","string-literal","","localize"
"apps/platform-console","Frontend/apps/platform-console/src/features/metrics/MetricsPage.tsx","","","Tier distribution","A","string-literal","","localize"
"apps/platform-console","Frontend/apps/platform-console/src/features/metrics/MetricsPage.tsx","","","text-sm text-gray-500","A","string-literal","","localize"
"apps/platform-console","Frontend/apps/platform-console/src/features/metrics/MetricsPage.tsx","","","flex flex-col gap-4","A","string-literal","","localize"
"apps/platform-console","Frontend/apps/platform-console/src/features/metrics/MetricsPage.tsx","","","grid gap-6 sm:grid-cols-2","A","string-literal","","localize"
"apps/platform-console","Frontend/apps/platform-console/src/features/metrics/MetricsPage.tsx","","","Total MRR","A","string-literal","","localize"
"apps/platform-console","Frontend/apps/platform-console/src/features/metrics/MetricsPage.tsx","","","Paying tenants","A","string-literal","","localize"
"apps/platform-console","Frontend/apps/platform-console/src/features/metrics/MetricsPage.tsx","","","flex flex-col gap-3","A","string-literal","","localize"
"apps/platform-console","Frontend/apps/platform-console/src/features/metrics/MetricsPage.tsx","","","mb-1 flex flex-wrap items-baseline justify-between gap-2 text-sm","A","string-literal","","localize"
"apps/platform-console","Frontend/apps/platform-console/src/features/metrics/MetricsPage.tsx","","","capitalize text-gray-800","A","string-literal","","localize"
"apps/platform-console","Frontend/apps/platform-console/src/features/metrics/MetricsPage.tsx","","","tabular-nums text-gray-500","A","string-literal","","localize"
"apps/platform-console","Frontend/apps/platform-console/src/features/metrics/MetricsPage.tsx","","","h-2 overflow-hidden rounded bg-gray-200","A","string-literal","","localize"
"apps/platform-console","Frontend/apps/platform-console/src/features/metrics/MetricsPage.tsx","","","h-full bg-blue-600","A","string-literal","","localize"
"apps/platform-console","Frontend/apps/platform-console/src/features/overview/overview.msw.test.ts","","",", status: ","A","string-literal","","localize"
"apps/platform-console","Frontend/apps/platform-console/src/features/overview/overview.msw.test.ts","","",", status: ","A","string-literal","","localize"
"apps/platform-console","Frontend/apps/platform-console/src/features/overview/overview.msw.test.ts","","",", status: ","A","string-literal","","localize"
"apps/platform-console","Frontend/apps/platform-console/src/features/overview/overview.msw.test.ts","","",", status: ","A","string-literal","","localize"
"apps/platform-console","Frontend/apps/platform-console/src/features/overview/overview.msw.test.ts","","",", status: ","A","string-literal","","localize"
"apps/platform-console","Frontend/apps/platform-console/src/features/overview/overview.msw.test.ts","","","reads totalCount per status without fetching full tenant rows","A","string-literal","","localize"
"apps/platform-console","Frontend/apps/platform-console/src/features/overview/OverviewPage.tsx","","","Dashboard","A","jsx-text","","localize"
"apps/platform-console","Frontend/apps/platform-console/src/features/overview/OverviewPage.tsx","","","Risk queue","A","jsx-text","","localize"
"apps/platform-console","Frontend/apps/platform-console/src/features/overview/OverviewPage.tsx","","","Trials","A","jsx-text","","localize"
"apps/platform-console","Frontend/apps/platform-console/src/features/overview/OverviewPage.tsx","","","Usage alerts","A","jsx-text","","localize"
"apps/platform-console","Frontend/apps/platform-console/src/features/overview/OverviewPage.tsx","","","Past due","A","jsx-text","","localize"
"apps/platform-console","Frontend/apps/platform-console/src/features/overview/OverviewPage.tsx","","","Orphaned provisioning","A","jsx-text","","localize"
"apps/platform-console","Frontend/apps/platform-console/src/features/overview/OverviewPage.tsx","","","New","A","jsx-text","","localize"
"apps/platform-console","Frontend/apps/platform-console/src/features/overview/OverviewPage.tsx","","","Expansion","A","jsx-text","","localize"
"apps/platform-console","Frontend/apps/platform-console/src/features/overview/OverviewPage.tsx","","","Contraction","A","jsx-text","","localize"
"apps/platform-console","Frontend/apps/platform-console/src/features/overview/OverviewPage.tsx","","","Churned","A","jsx-text","","localize"
"apps/platform-console","Frontend/apps/platform-console/src/features/overview/OverviewPage.tsx","","","Next 7 days","A","jsx-text","","localize"
"apps/platform-console","Frontend/apps/platform-console/src/features/overview/OverviewPage.tsx","","","Next 30 days","A","jsx-text","","localize"
"apps/platform-console","Frontend/apps/platform-console/src/features/overview/OverviewPage.tsx","","","rounded-[var(--radius)] border border-gray-200 bg-white p-4","A","string-literal","","localize"
"apps/platform-console","Frontend/apps/platform-console/src/features/overview/OverviewPage.tsx","","","mb-3 flex flex-wrap items-center justify-between gap-2","A","string-literal","","localize"
"apps/platform-console","Frontend/apps/platform-console/src/features/overview/OverviewPage.tsx","","","text-lg font-medium text-gray-900","A","string-literal","","localize"
"apps/platform-console","Frontend/apps/platform-console/src/features/overview/OverviewPage.tsx","","","flex flex-col gap-2","A","string-literal","","localize"
"apps/platform-console","Frontend/apps/platform-console/src/features/overview/OverviewPage.tsx","","","h-8 animate-pulse rounded bg-gray-200","A","string-literal","","localize"
"apps/platform-console","Frontend/apps/platform-console/src/features/overview/OverviewPage.tsx","","","Failed to load.","A","string-literal","","localize"
"apps/platform-console","Frontend/apps/platform-console/src/features/overview/OverviewPage.tsx","","","text-sm text-red-600","A","string-literal","","localize"
"apps/platform-console","Frontend/apps/platform-console/src/features/overview/OverviewPage.tsx","","","text-sm text-gray-500","A","string-literal","","localize"
"apps/platform-console","Frontend/apps/platform-console/src/features/overview/OverviewPage.tsx","","","Nothing to show.","A","string-literal","","localize"
"apps/platform-console","Frontend/apps/platform-console/src/features/overview/OverviewPage.tsx","","","rounded-[var(--radius)] border border-gray-200 bg-white p-4","A","string-literal","","localize"
"apps/platform-console","Frontend/apps/platform-console/src/features/overview/OverviewPage.tsx","","","text-xs uppercase tracking-wide text-gray-500","A","string-literal","","localize"
"apps/platform-console","Frontend/apps/platform-console/src/features/overview/OverviewPage.tsx","","","mt-2 h-7 w-20 animate-pulse rounded bg-gray-200","A","string-literal","","localize"
"apps/platform-console","Frontend/apps/platform-console/src/features/overview/OverviewPage.tsx","","","mt-1 text-lg text-gray-400","A","string-literal","","localize"
"apps/platform-console","Frontend/apps/platform-console/src/features/overview/OverviewPage.tsx","","","mt-1 text-2xl font-semibold tabular-nums text-gray-900","A","string-literal","","localize"
"apps/platform-console","Frontend/apps/platform-console/src/features/overview/OverviewPage.tsx","","","flex flex-col gap-6","A","string-literal","","localize"
"apps/platform-console","Frontend/apps/platform-console/src/features/overview/OverviewPage.tsx","","","text-[22px] font-bold tracking-tight text-gray-900","A","string-literal","","localize"
"apps/platform-console","Frontend/apps/platform-console/src/features/overview/OverviewPage.tsx","","","mt-1 text-[13.5px] text-gray-500","A","string-literal","","localize"
"apps/platform-console","Frontend/apps/platform-console/src/features/overview/OverviewPage.tsx","","","mb-2 text-xs font-bold uppercase tracking-wider text-gray-500","A","string-literal","","localize"
"apps/platform-console","Frontend/apps/platform-console/src/features/overview/OverviewPage.tsx","","","grid gap-3 sm:grid-cols-2 lg:grid-cols-6","A","string-literal","","localize"
"apps/platform-console","Frontend/apps/platform-console/src/features/overview/OverviewPage.tsx","","","text-xs font-semibold text-gray-500","A","string-literal","","localize"
"apps/platform-console","Frontend/apps/platform-console/src/features/overview/OverviewPage.tsx","","","mt-1 text-[26px] font-bold tabular-nums tracking-tight text-gray-900","A","string-literal","","localize"
"apps/platform-console","Frontend/apps/platform-console/src/features/overview/OverviewPage.tsx","","","text-[11.5px] text-gray-400","A","string-literal","","localize"
"apps/platform-console","Frontend/apps/platform-console/src/features/overview/OverviewPage.tsx","","","text-xs font-semibold text-gray-500","A","string-literal","","localize"
"apps/platform-console","Frontend/apps/platform-console/src/features/overview/OverviewPage.tsx","","","mt-1 text-[26px] font-bold tabular-nums tracking-tight text-gray-900","A","string-literal","","localize"
"apps/platform-console","Frontend/apps/platform-console/src/features/overview/OverviewPage.tsx","","","text-[11.5px] text-gray-400","A","string-literal","","localize"
"apps/platform-console","Frontend/apps/platform-console/src/features/overview/OverviewPage.tsx","","","text-xs font-semibold text-gray-500","A","string-literal","","localize"
"apps/platform-console","Frontend/apps/platform-console/src/features/overview/OverviewPage.tsx","","","mt-1 text-[26px] font-bold tabular-nums tracking-tight text-gray-900","A","string-literal","","localize"
"apps/platform-console","Frontend/apps/platform-console/src/features/overview/OverviewPage.tsx","","","text-[11.5px] text-gray-400","A","string-literal","","localize"
"apps/platform-console","Frontend/apps/platform-console/src/features/overview/OverviewPage.tsx","","","text-xs font-semibold text-gray-500","A","string-literal","","localize"
"apps/platform-console","Frontend/apps/platform-console/src/features/overview/OverviewPage.tsx","","","mt-1 text-[26px] font-bold tabular-nums tracking-tight text-gray-900","A","string-literal","","localize"
"apps/platform-console","Frontend/apps/platform-console/src/features/overview/OverviewPage.tsx","","","text-[11.5px] text-gray-400","A","string-literal","","localize"
"apps/platform-console","Frontend/apps/platform-console/src/features/overview/OverviewPage.tsx","","","text-xs font-semibold text-gray-500","A","string-literal","","localize"
"apps/platform-console","Frontend/apps/platform-console/src/features/overview/OverviewPage.tsx","","","mt-1 text-[26px] font-bold tabular-nums tracking-tight text-gray-900","A","string-literal","","localize"
"apps/platform-console","Frontend/apps/platform-console/src/features/overview/OverviewPage.tsx","","","text-[11.5px] text-gray-400","A","string-literal","","localize"
"apps/platform-console","Frontend/apps/platform-console/src/features/overview/OverviewPage.tsx","","","text-xs font-semibold text-gray-500","A","string-literal","","localize"
"apps/platform-console","Frontend/apps/platform-console/src/features/overview/OverviewPage.tsx","","","mt-1 text-[26px] font-bold tabular-nums tracking-tight text-gray-900","A","string-literal","","localize"
"apps/platform-console","Frontend/apps/platform-console/src/features/overview/OverviewPage.tsx","","","text-[11.5px] text-gray-400","A","string-literal","","localize"
"apps/platform-console","Frontend/apps/platform-console/src/features/overview/OverviewPage.tsx","","","grid gap-3 sm:grid-cols-3 lg:grid-cols-6","A","string-literal","","localize"
"apps/platform-console","Frontend/apps/platform-console/src/features/overview/OverviewPage.tsx","","","Total Tenants","A","string-literal","","localize"
"apps/platform-console","Frontend/apps/platform-console/src/features/overview/OverviewPage.tsx","","","Gross Churn (MTD)","A","string-literal","","localize"
"apps/platform-console","Frontend/apps/platform-console/src/features/overview/OverviewPage.tsx","","","grid gap-4 lg:grid-cols-2","A","string-literal","","localize"
"apps/platform-console","Frontend/apps/platform-console/src/features/overview/OverviewPage.tsx","","","Revenue / MRR movement","A","string-literal","","localize"
"apps/platform-console","Frontend/apps/platform-console/src/features/overview/OverviewPage.tsx","","","text-sm text-blue-600 underline-offset-2 hover:underline","A","string-literal","","localize"
"apps/platform-console","Frontend/apps/platform-console/src/features/overview/OverviewPage.tsx","","","grid grid-cols-2 gap-4 sm:grid-cols-4","A","string-literal","","localize"
"apps/platform-console","Frontend/apps/platform-console/src/features/overview/OverviewPage.tsx","","","text-xs text-gray-500","A","string-literal","","localize"
"apps/platform-console","Frontend/apps/platform-console/src/features/overview/OverviewPage.tsx","","","text-lg font-semibold tabular-nums text-emerald-700","A","string-literal","","localize"
"apps/platform-console","Frontend/apps/platform-console/src/features/overview/OverviewPage.tsx","","","text-xs text-gray-500","A","string-literal","","localize"
"apps/platform-console","Frontend/apps/platform-console/src/features/overview/OverviewPage.tsx","","","text-lg font-semibold tabular-nums text-emerald-700","A","string-literal","","localize"
"apps/platform-console","Frontend/apps/platform-console/src/features/overview/OverviewPage.tsx","","","text-xs text-gray-500","A","string-literal","","localize"
"apps/platform-console","Frontend/apps/platform-console/src/features/overview/OverviewPage.tsx","","","text-lg font-semibold tabular-nums text-amber-800","A","string-literal","","localize"
"apps/platform-console","Frontend/apps/platform-console/src/features/overview/OverviewPage.tsx","","","text-xs text-gray-500","A","string-literal","","localize"
"apps/platform-console","Frontend/apps/platform-console/src/features/overview/OverviewPage.tsx","","","text-lg font-semibold tabular-nums text-red-600","A","string-literal","","localize"
"apps/platform-console","Frontend/apps/platform-console/src/features/overview/OverviewPage.tsx","","","Customer Health","A","string-literal","","localize"
"apps/platform-console","Frontend/apps/platform-console/src/features/overview/OverviewPage.tsx","","","text-sm text-blue-600 underline-offset-2 hover:underline","A","string-literal","","localize"
"apps/platform-console","Frontend/apps/platform-console/src/features/overview/OverviewPage.tsx","","","grid grid-cols-3 gap-3","A","string-literal","","localize"
"apps/platform-console","Frontend/apps/platform-console/src/features/overview/OverviewPage.tsx","","","Needs Attention","A","string-literal","","localize"
"apps/platform-console","Frontend/apps/platform-console/src/features/overview/OverviewPage.tsx","","","At Risk","A","string-literal","","localize"
"apps/platform-console","Frontend/apps/platform-console/src/features/overview/OverviewPage.tsx","","","Needs Attention","A","string-literal","","localize"
"apps/platform-console","Frontend/apps/platform-console/src/features/overview/OverviewPage.tsx","","","rounded-[var(--radius)] border border-gray-200 p-3 transition hover:border-gray-300","A","string-literal","","localize"
"apps/platform-console","Frontend/apps/platform-console/src/features/overview/OverviewPage.tsx","","","text-xs text-gray-500","A","string-literal","","localize"
"apps/platform-console","Frontend/apps/platform-console/src/features/overview/OverviewPage.tsx","","","mt-1 h-6 w-10 animate-pulse rounded bg-gray-200","A","string-literal","","localize"
"apps/platform-console","Frontend/apps/platform-console/src/features/overview/OverviewPage.tsx","","","mt-1 text-lg text-gray-400","A","string-literal","","localize"
"apps/platform-console","Frontend/apps/platform-console/src/features/overview/OverviewPage.tsx","","","grid gap-4 lg:grid-cols-2","A","string-literal","","localize"
"apps/platform-console","Frontend/apps/platform-console/src/features/overview/OverviewPage.tsx","","","text-sm text-blue-600 underline-offset-2 hover:underline","A","string-literal","","localize"
"apps/platform-console","Frontend/apps/platform-console/src/features/overview/OverviewPage.tsx","","","No tenants in at_risk or critical right now.","A","string-literal","","localize"
"apps/platform-console","Frontend/apps/platform-console/src/features/overview/OverviewPage.tsx","","","mb-3 flex gap-4 text-sm text-gray-500","A","string-literal","","localize"
"apps/platform-console","Frontend/apps/platform-console/src/features/overview/OverviewPage.tsx","","","font-semibold text-gray-800","A","string-literal","","localize"
"apps/platform-console","Frontend/apps/platform-console/src/features/overview/OverviewPage.tsx","","","font-semibold text-amber-800","A","string-literal","","localize"
"apps/platform-console","Frontend/apps/platform-console/src/features/overview/OverviewPage.tsx","","","flex flex-col divide-y divide-gray-200","A","string-literal","","localize"
"apps/platform-console","Frontend/apps/platform-console/src/features/overview/OverviewPage.tsx","","","flex items-center justify-between gap-2 py-2 text-sm","A","string-literal","","localize"
"apps/platform-console","Frontend/apps/platform-console/src/features/overview/OverviewPage.tsx","","","text-blue-600 underline-offset-2 hover:underline","A","string-literal","","localize"
"apps/platform-console","Frontend/apps/platform-console/src/features/overview/OverviewPage.tsx","","","flex items-center gap-2","A","string-literal","","localize"
"apps/platform-console","Frontend/apps/platform-console/src/features/overview/OverviewPage.tsx","","","tabular-nums text-gray-700","A","string-literal","","localize"
"apps/platform-console","Frontend/apps/platform-console/src/features/overview/OverviewPage.tsx","","","text-sm text-blue-600 underline-offset-2 hover:underline","A","string-literal","","localize"
"apps/platform-console","Frontend/apps/platform-console/src/features/overview/OverviewPage.tsx","","","grid grid-cols-2 gap-3","A","string-literal","","localize"
"apps/platform-console","Frontend/apps/platform-console/src/features/overview/OverviewPage.tsx","","","rounded-[var(--radius)] border border-gray-200 p-3 transition hover:border-gray-300","A","string-literal","","localize"
"apps/platform-console","Frontend/apps/platform-console/src/features/overview/OverviewPage.tsx","","","text-xs text-gray-500","A","string-literal","","localize"
"apps/platform-console","Frontend/apps/platform-console/src/features/overview/OverviewPage.tsx","","","mt-1 h-6 w-10 animate-pulse rounded bg-gray-200","A","string-literal","","localize"
"apps/platform-console","Frontend/apps/platform-console/src/features/overview/OverviewPage.tsx","","","mt-1 text-lg text-gray-400","A","string-literal","","localize"
"apps/platform-console","Frontend/apps/platform-console/src/features/overview/OverviewPage.tsx","","","mt-1 text-xl font-semibold tabular-nums text-gray-900","A","string-literal","","localize"
"apps/platform-console","Frontend/apps/platform-console/src/features/overview/OverviewPage.tsx","","","rounded-[var(--radius)] border border-gray-200 p-3 transition hover:border-gray-300","A","string-literal","","localize"
"apps/platform-console","Frontend/apps/platform-console/src/features/overview/OverviewPage.tsx","","","text-xs text-gray-500","A","string-literal","","localize"
"apps/platform-console","Frontend/apps/platform-console/src/features/overview/OverviewPage.tsx","","","mt-1 h-6 w-10 animate-pulse rounded bg-gray-200","A","string-literal","","localize"
"apps/platform-console","Frontend/apps/platform-console/src/features/overview/OverviewPage.tsx","","","mt-1 text-lg text-gray-400","A","string-literal","","localize"
"apps/platform-console","Frontend/apps/platform-console/src/features/overview/OverviewPage.tsx","","","mt-1 text-xl font-semibold tabular-nums text-gray-900","A","string-literal","","localize"
"apps/platform-console","Frontend/apps/platform-console/src/features/overview/OverviewPage.tsx","","","mt-3 text-xs text-gray-500","A","string-literal","","localize"
"apps/platform-console","Frontend/apps/platform-console/src/features/overview/OverviewPage.tsx","","","Recently cancelled","A","string-literal","","localize"
"apps/platform-console","Frontend/apps/platform-console/src/features/overview/OverviewPage.tsx","","","t shown — there","A","string-literal","","localize"
"apps/platform-console","Frontend/apps/platform-console/src/features/overview/OverviewPage.tsx","","","cancelled last week","A","string-literal","","localize"
"apps/platform-console","Frontend/apps/platform-console/src/features/overview/OverviewPage.tsx","","","cancelled 6 months ago.","A","string-literal","","localize"
"apps/platform-console","Frontend/apps/platform-console/src/features/overview/OverviewPage.tsx","","","Usage Alerts","A","string-literal","","localize"
"apps/platform-console","Frontend/apps/platform-console/src/features/overview/OverviewPage.tsx","","","text-sm text-blue-600 underline-offset-2 hover:underline","A","string-literal","","localize"
"apps/platform-console","Frontend/apps/platform-console/src/features/overview/OverviewPage.tsx","","","No tenants are approaching their usage limits.","A","string-literal","","localize"
"apps/platform-console","Frontend/apps/platform-console/src/features/overview/OverviewPage.tsx","","","mb-3 flex flex-wrap gap-3","A","string-literal","","localize"
"apps/platform-console","Frontend/apps/platform-console/src/features/overview/OverviewPage.tsx","","","flex flex-col divide-y divide-gray-200","A","string-literal","","localize"
"apps/platform-console","Frontend/apps/platform-console/src/features/overview/OverviewPage.tsx","","","flex items-center justify-between gap-2 py-2 text-sm","A","string-literal","","localize"
"apps/platform-console","Frontend/apps/platform-console/src/features/overview/OverviewPage.tsx","","","text-blue-600 underline-offset-2 hover:underline","A","string-literal","","localize"
"apps/platform-console","Frontend/apps/platform-console/src/features/overview/OverviewPage.tsx","","","text-xs text-gray-500","A","string-literal","","localize"
"apps/platform-console","Frontend/apps/platform-console/src/features/overview/OverviewPage.tsx","","","Recent Platform Activity","A","string-literal","","localize"
"apps/platform-console","Frontend/apps/platform-console/src/features/overview/OverviewPage.tsx","","","text-sm text-blue-600 underline-offset-2 hover:underline","A","string-literal","","localize"
"apps/platform-console","Frontend/apps/platform-console/src/features/overview/OverviewPage.tsx","","","No recent platform activity.","A","string-literal","","localize"
"apps/platform-console","Frontend/apps/platform-console/src/features/overview/OverviewPage.tsx","","","flex flex-col divide-y divide-gray-200","A","string-literal","","localize"
"apps/platform-console","Frontend/apps/platform-console/src/features/overview/OverviewPage.tsx","","","flex items-center justify-between gap-2 py-2 text-sm","A","string-literal","","localize"
"apps/platform-console","Frontend/apps/platform-console/src/features/overview/OverviewPage.tsx","","","text-xs text-gray-500","A","string-literal","","localize"
"apps/platform-console","Frontend/apps/platform-console/src/features/overview/OverviewPage.tsx","","","Unknown actor","A","string-literal","","localize"
"apps/platform-console","Frontend/apps/platform-console/src/features/overview/OverviewPage.tsx","","","whitespace-nowrap text-xs text-gray-500","A","string-literal","","localize"
"apps/platform-console","Frontend/apps/platform-console/src/features/overview/OverviewPage.tsx","","","text-xs text-gray-500","A","string-literal","","localize"
"apps/platform-console","Frontend/apps/platform-console/src/features/plans/PlanEditorPanel.tsx","","","General","A","jsx-text","","localize"
"apps/platform-console","Frontend/apps/platform-console/src/features/plans/PlanEditorPanel.tsx","","","Display name","A","jsx-text","","localize"
"apps/platform-console","Frontend/apps/platform-console/src/features/plans/PlanEditorPanel.tsx","","","Display order","A","jsx-text","","localize"
"apps/platform-console","Frontend/apps/platform-console/src/features/plans/PlanEditorPanel.tsx","","","Description","A","jsx-text","","localize"
"apps/platform-console","Frontend/apps/platform-console/src/features/plans/PlanEditorPanel.tsx","","","Pricing","A","jsx-text","","localize"
"apps/platform-console","Frontend/apps/platform-console/src/features/plans/PlanEditorPanel.tsx","","","PriceEgp","A","jsx-text","","localize"
"apps/platform-console","Frontend/apps/platform-console/src/features/plans/PlanEditorPanel.tsx","","","Usage limits","A","jsx-text","","localize"
"apps/platform-console","Frontend/apps/platform-console/src/features/plans/PlanEditorPanel.tsx","","","Features","A","jsx-text","","localize"
"apps/platform-console","Frontend/apps/platform-console/src/features/plans/PlanEditorPanel.tsx","","","Sales availability","A","jsx-text","","localize"
"apps/platform-console","Frontend/apps/platform-console/src/features/plans/PlanEditorPanel.tsx","","","Customer preview","A","jsx-text","","localize"
"apps/platform-console","Frontend/apps/platform-console/src/features/plans/PlanEditorPanel.tsx","","","Pricing history","A","jsx-text","","localize"
"apps/platform-console","Frontend/apps/platform-console/src/features/plans/PlanEditorPanel.tsx","","","No changes recorded yet.","A","jsx-text","","localize"
"apps/platform-console","Frontend/apps/platform-console/src/features/plans/PlanEditorPanel.tsx","","","Confirm list price change","A","jsx-text","","localize"
"apps/platform-console","Frontend/apps/platform-console/src/features/plans/PlanEditorPanel.tsx","","","Monthly","A","jsx-text","","localize"
"apps/platform-console","Frontend/apps/platform-console/src/features/plans/PlanEditorPanel.tsx","","","UNCHANGED","B","jsx-text","","leave-technical"
"apps/platform-console","Frontend/apps/platform-console/src/features/plans/PlanEditorPanel.tsx","","","Core POS","A","string-literal","","localize"
"apps/platform-console","Frontend/apps/platform-console/src/features/plans/PlanEditorPanel.tsx","","","Forbidden — Requires Platform Admin.","A","string-literal","","localize"
"apps/platform-console","Frontend/apps/platform-console/src/features/plans/PlanEditorPanel.tsx","","","Save failed","A","string-literal","","localize"
"apps/platform-console","Frontend/apps/platform-console/src/features/plans/PlanEditorPanel.tsx","","","Plan metadata saved","A","string-literal","","localize"
"apps/platform-console","Frontend/apps/platform-console/src/features/plans/PlanEditorPanel.tsx","","","List price updated","A","string-literal","","localize"
"apps/platform-console","Frontend/apps/platform-console/src/features/plans/PlanEditorPanel.tsx","","","Usage caps updated","A","string-literal","","localize"
"apps/platform-console","Frontend/apps/platform-console/src/features/plans/PlanEditorPanel.tsx","","","Feature entitlements updated","A","string-literal","","localize"
"apps/platform-console","Frontend/apps/platform-console/src/features/plans/PlanEditorPanel.tsx","","","Sales availability updated","A","string-literal","","localize"
"apps/platform-console","Frontend/apps/platform-console/src/features/plans/PlanEditorPanel.tsx","","","Default plan updated","A","string-literal","","localize"
"apps/platform-console","Frontend/apps/platform-console/src/features/plans/PlanEditorPanel.tsx","","","cp-card p-8 text-center text-sm text-gray-500","A","string-literal","","localize"
"apps/platform-console","Frontend/apps/platform-console/src/features/plans/PlanEditorPanel.tsx","","","cp-card border-red-200 bg-red-50 p-6 text-sm text-red-800","A","string-literal","","localize"
"apps/platform-console","Frontend/apps/platform-console/src/features/plans/PlanEditorPanel.tsx","","","cp-btn cp-btn-secondary ml-2","A","string-literal","","localize"
"apps/platform-console","Frontend/apps/platform-console/src/features/plans/PlanEditorPanel.tsx","","","flex flex-col gap-4","A","string-literal","","localize"
"apps/platform-console","Frontend/apps/platform-console/src/features/plans/PlanEditorPanel.tsx","","","flex flex-wrap items-start justify-between gap-3","A","string-literal","","localize"
"apps/platform-console","Frontend/apps/platform-console/src/features/plans/PlanEditorPanel.tsx","","","cp-btn cp-btn-ghost mb-1 px-0","A","string-literal","","localize"
"apps/platform-console","Frontend/apps/platform-console/src/features/plans/PlanEditorPanel.tsx","","","text-[22px] font-bold tracking-tight text-gray-900","A","string-literal","","localize"
"apps/platform-console","Frontend/apps/platform-console/src/features/plans/PlanEditorPanel.tsx","","","text-sm text-gray-500","A","string-literal","","localize"
"apps/platform-console","Frontend/apps/platform-console/src/features/plans/PlanEditorPanel.tsx","","","font-[var(--mono)] text-xs","A","string-literal","","localize"
"apps/platform-console","Frontend/apps/platform-console/src/features/plans/PlanEditorPanel.tsx","",""," · Read-only (Support/Ops)","A","string-literal","","localize"
"apps/platform-console","Frontend/apps/platform-console/src/features/plans/PlanEditorPanel.tsx","","","flex flex-wrap gap-2","A","string-literal","","localize"
"apps/platform-console","Frontend/apps/platform-console/src/features/plans/PlanEditorPanel.tsx","","","rounded-full bg-blue-50 px-2 py-0.5 text-xs font-semibold text-blue-800 ring-1 ring-blue-200","A","string-literal","","localize"
"apps/platform-console","Frontend/apps/platform-console/src/features/plans/PlanEditorPanel.tsx","","","bg-emerald-50 text-emerald-800 ring-emerald-200","A","string-literal","","localize"
"apps/platform-console","Frontend/apps/platform-console/src/features/plans/PlanEditorPanel.tsx","","","bg-gray-100 text-gray-600 ring-gray-200","A","string-literal","","localize"
"apps/platform-console","Frontend/apps/platform-console/src/features/plans/PlanEditorPanel.tsx","","","Active for sales","A","string-literal","","localize"
"apps/platform-console","Frontend/apps/platform-console/src/features/plans/PlanEditorPanel.tsx","","","Inactive for sales","A","string-literal","","localize"
"apps/platform-console","Frontend/apps/platform-console/src/features/plans/PlanEditorPanel.tsx","","","flex flex-col gap-1 text-sm","A","string-literal","","localize"
"apps/platform-console","Frontend/apps/platform-console/src/features/plans/PlanEditorPanel.tsx","","","font-medium text-gray-700","A","string-literal","","localize"
"apps/platform-console","Frontend/apps/platform-console/src/features/plans/PlanEditorPanel.tsx","","","grid gap-4 xl:grid-cols-[1fr_320px]","A","string-literal","","localize"
"apps/platform-console","Frontend/apps/platform-console/src/features/plans/PlanEditorPanel.tsx","","","flex flex-col gap-4","A","string-literal","","localize"
"apps/platform-console","Frontend/apps/platform-console/src/features/plans/PlanEditorPanel.tsx","","","cp-card p-4","A","string-literal","","localize"
"apps/platform-console","Frontend/apps/platform-console/src/features/plans/PlanEditorPanel.tsx","","","text-sm font-bold uppercase tracking-wide text-gray-500","A","string-literal","","localize"
"apps/platform-console","Frontend/apps/platform-console/src/features/plans/PlanEditorPanel.tsx","","","mt-3 grid gap-3 sm:grid-cols-2","A","string-literal","","localize"
"apps/platform-console","Frontend/apps/platform-console/src/features/plans/PlanEditorPanel.tsx","","","flex flex-col gap-1 text-sm","A","string-literal","","localize"
"apps/platform-console","Frontend/apps/platform-console/src/features/plans/PlanEditorPanel.tsx","","","font-medium text-gray-700","A","string-literal","","localize"
"apps/platform-console","Frontend/apps/platform-console/src/features/plans/PlanEditorPanel.tsx","","","flex flex-col gap-1 text-sm","A","string-literal","","localize"
"apps/platform-console","Frontend/apps/platform-console/src/features/plans/PlanEditorPanel.tsx","","","font-medium text-gray-700","A","string-literal","","localize"
"apps/platform-console","Frontend/apps/platform-console/src/features/plans/PlanEditorPanel.tsx","","","flex flex-col gap-1 text-sm sm:col-span-2","A","string-literal","","localize"
"apps/platform-console","Frontend/apps/platform-console/src/features/plans/PlanEditorPanel.tsx","","","font-medium text-gray-700","A","string-literal","","localize"
"apps/platform-console","Frontend/apps/platform-console/src/features/plans/PlanEditorPanel.tsx","","","cp-input min-h-[72px]","A","string-literal","","localize"
"apps/platform-console","Frontend/apps/platform-console/src/features/plans/PlanEditorPanel.tsx","","","cp-btn cp-btn-secondary mt-3","A","string-literal","","localize"
"apps/platform-console","Frontend/apps/platform-console/src/features/plans/PlanEditorPanel.tsx","","","cp-card p-4","A","string-literal","","localize"
"apps/platform-console","Frontend/apps/platform-console/src/features/plans/PlanEditorPanel.tsx","","","text-sm font-bold uppercase tracking-wide text-gray-500","A","string-literal","","localize"
"apps/platform-console","Frontend/apps/platform-console/src/features/plans/PlanEditorPanel.tsx","","","mt-3 grid gap-3 sm:grid-cols-2","A","string-literal","","localize"
"apps/platform-console","Frontend/apps/platform-console/src/features/plans/PlanEditorPanel.tsx","","","flex flex-col gap-1 text-sm","A","string-literal","","localize"
"apps/platform-console","Frontend/apps/platform-console/src/features/plans/PlanEditorPanel.tsx","","","font-medium text-gray-700","A","string-literal","","localize"
"apps/platform-console","Frontend/apps/platform-console/src/features/plans/PlanEditorPanel.tsx","","","cp-input font-[var(--mono)]","A","string-literal","","localize"
"apps/platform-console","Frontend/apps/platform-console/src/features/plans/PlanEditorPanel.tsx","","","flex flex-col gap-1 text-sm","A","string-literal","","localize"
"apps/platform-console","Frontend/apps/platform-console/src/features/plans/PlanEditorPanel.tsx","","","font-medium text-gray-700","A","string-literal","","localize"
"apps/platform-console","Frontend/apps/platform-console/src/features/plans/PlanEditorPanel.tsx","","","cp-input font-[var(--mono)]","A","string-literal","","localize"
"apps/platform-console","Frontend/apps/platform-console/src/features/plans/PlanEditorPanel.tsx","","","mt-3 rounded border border-amber-200 bg-amber-50 px-3 py-2 text-sm text-amber-900","A","string-literal","","localize"
"apps/platform-console","Frontend/apps/platform-console/src/features/plans/PlanEditorPanel.tsx","","","font-[var(--mono)] text-xs","A","string-literal","","localize"
"apps/platform-console","Frontend/apps/platform-console/src/features/plans/PlanEditorPanel.tsx","","","cp-btn cp-btn-primary mt-3","A","string-literal","","localize"
"apps/platform-console","Frontend/apps/platform-console/src/features/plans/PlanEditorPanel.tsx","","","cp-card p-4","A","string-literal","","localize"
"apps/platform-console","Frontend/apps/platform-console/src/features/plans/PlanEditorPanel.tsx","","","text-sm font-bold uppercase tracking-wide text-gray-500","A","string-literal","","localize"
"apps/platform-console","Frontend/apps/platform-console/src/features/plans/PlanEditorPanel.tsx","","","mt-1 text-xs text-gray-500","A","string-literal","","localize"
"apps/platform-console","Frontend/apps/platform-console/src/features/plans/PlanEditorPanel.tsx","","","mt-3 grid gap-3 sm:grid-cols-2","A","string-literal","","localize"
"apps/platform-console","Frontend/apps/platform-console/src/features/plans/PlanEditorPanel.tsx","","","Active members","A","string-literal","","localize"
"apps/platform-console","Frontend/apps/platform-console/src/features/plans/PlanEditorPanel.tsx","","","Staff seats","A","string-literal","","localize"
"apps/platform-console","Frontend/apps/platform-console/src/features/plans/PlanEditorPanel.tsx","","","WhatsApp / mo","A","string-literal","","localize"
"apps/platform-console","Frontend/apps/platform-console/src/features/plans/PlanEditorPanel.tsx","","","flex flex-col gap-1 text-sm","A","string-literal","","localize"
"apps/platform-console","Frontend/apps/platform-console/src/features/plans/PlanEditorPanel.tsx","","","font-medium text-gray-700","A","string-literal","","localize"
"apps/platform-console","Frontend/apps/platform-console/src/features/plans/PlanEditorPanel.tsx","","","cp-input font-[var(--mono)]","A","string-literal","","localize"
"apps/platform-console","Frontend/apps/platform-console/src/features/plans/PlanEditorPanel.tsx","","","cp-btn cp-btn-secondary mt-3","A","string-literal","","localize"
"apps/platform-console","Frontend/apps/platform-console/src/features/plans/PlanEditorPanel.tsx","","","cp-card p-4","A","string-literal","","localize"
"apps/platform-console","Frontend/apps/platform-console/src/features/plans/PlanEditorPanel.tsx","","","text-sm font-bold uppercase tracking-wide text-gray-500","A","string-literal","","localize"
"apps/platform-console","Frontend/apps/platform-console/src/features/plans/PlanEditorPanel.tsx","","","mt-3 flex flex-col gap-3","A","string-literal","","localize"
"apps/platform-console","Frontend/apps/platform-console/src/features/plans/PlanEditorPanel.tsx","","","text-xs font-bold uppercase text-gray-500","A","string-literal","","localize"
"apps/platform-console","Frontend/apps/platform-console/src/features/plans/PlanEditorPanel.tsx","","","mt-2 grid gap-2 sm:grid-cols-2","A","string-literal","","localize"
"apps/platform-console","Frontend/apps/platform-console/src/features/plans/PlanEditorPanel.tsx","","","flex items-center gap-2 rounded border border-gray-200 px-2 py-1.5 text-sm","A","string-literal","","localize"
"apps/platform-console","Frontend/apps/platform-console/src/features/plans/PlanEditorPanel.tsx","","","font-[var(--mono)] text-xs","A","string-literal","","localize"
"apps/platform-console","Frontend/apps/platform-console/src/features/plans/PlanEditorPanel.tsx","","","cp-btn cp-btn-secondary mt-3","A","string-literal","","localize"
"apps/platform-console","Frontend/apps/platform-console/src/features/plans/PlanEditorPanel.tsx","","","cp-card p-4","A","string-literal","","localize"
"apps/platform-console","Frontend/apps/platform-console/src/features/plans/PlanEditorPanel.tsx","","","text-sm font-bold uppercase tracking-wide text-gray-500","A","string-literal","","localize"
"apps/platform-console","Frontend/apps/platform-console/src/features/plans/PlanEditorPanel.tsx","","","mt-1 text-sm text-gray-500","A","string-literal","","localize"
"apps/platform-console","Frontend/apps/platform-console/src/features/plans/PlanEditorPanel.tsx","","","mt-3 flex flex-wrap gap-2","A","string-literal","","localize"
"apps/platform-console","Frontend/apps/platform-console/src/features/plans/PlanEditorPanel.tsx","","","cp-btn cp-btn-secondary","A","string-literal","","localize"
"apps/platform-console","Frontend/apps/platform-console/src/features/plans/PlanEditorPanel.tsx","","","cp-btn cp-btn-secondary","A","string-literal","","localize"
"apps/platform-console","Frontend/apps/platform-console/src/features/plans/PlanEditorPanel.tsx","","","cp-btn cp-btn-primary","A","string-literal","","localize"
"apps/platform-console","Frontend/apps/platform-console/src/features/plans/PlanEditorPanel.tsx","","","flex flex-col gap-4","A","string-literal","","localize"
"apps/platform-console","Frontend/apps/platform-console/src/features/plans/PlanEditorPanel.tsx","","","cp-card border-blue-200 bg-gradient-to-br from-blue-50 to-white p-4","A","string-literal","","localize"
"apps/platform-console","Frontend/apps/platform-console/src/features/plans/PlanEditorPanel.tsx","","","text-xs font-bold uppercase text-blue-700","A","string-literal","","localize"
"apps/platform-console","Frontend/apps/platform-console/src/features/plans/PlanEditorPanel.tsx","","","mt-2 text-lg font-bold text-gray-900","A","string-literal","","localize"
"apps/platform-console","Frontend/apps/platform-console/src/features/plans/PlanEditorPanel.tsx","","","font-[var(--mono)] text-2xl font-bold tabular-nums text-gray-900","A","string-literal","","localize"
"apps/platform-console","Frontend/apps/platform-console/src/features/plans/PlanEditorPanel.tsx","","","text-sm font-medium text-gray-400","A","string-literal","","localize"
"apps/platform-console","Frontend/apps/platform-console/src/features/plans/PlanEditorPanel.tsx","","","mt-1 text-sm text-gray-500","A","string-literal","","localize"
"apps/platform-console","Frontend/apps/platform-console/src/features/plans/PlanEditorPanel.tsx","","","mt-3 list-disc pl-4 text-xs text-gray-600","A","string-literal","","localize"
"apps/platform-console","Frontend/apps/platform-console/src/features/plans/PlanEditorPanel.tsx","","","Unlimited members","A","string-literal","","localize"
"apps/platform-console","Frontend/apps/platform-console/src/features/plans/PlanEditorPanel.tsx","","","Unlimited staff","A","string-literal","","localize"
"apps/platform-console","Frontend/apps/platform-console/src/features/plans/PlanEditorPanel.tsx","","","cp-card p-4","A","string-literal","","localize"
"apps/platform-console","Frontend/apps/platform-console/src/features/plans/PlanEditorPanel.tsx","","","text-sm font-bold text-gray-900","A","string-literal","","localize"
"apps/platform-console","Frontend/apps/platform-console/src/features/plans/PlanEditorPanel.tsx","","","mt-2 text-sm text-gray-500","A","string-literal","","localize"
"apps/platform-console","Frontend/apps/platform-console/src/features/plans/PlanEditorPanel.tsx","","","mt-2 divide-y divide-gray-100 text-sm","A","string-literal","","localize"
"apps/platform-console","Frontend/apps/platform-console/src/features/plans/PlanEditorPanel.tsx","","","font-medium text-gray-800","A","string-literal","","localize"
"apps/platform-console","Frontend/apps/platform-console/src/features/plans/PlanEditorPanel.tsx","","","font-[var(--mono)] text-xs text-gray-600","A","string-literal","","localize"
"apps/platform-console","Frontend/apps/platform-console/src/features/plans/PlanEditorPanel.tsx","","","} → {row.newValue ?? ","A","string-literal","","localize"
"apps/platform-console","Frontend/apps/platform-console/src/features/plans/PlanEditorPanel.tsx","","","text-xs text-gray-400","A","string-literal","","localize"
"apps/platform-console","Frontend/apps/platform-console/src/features/plans/PlanEditorPanel.tsx","","","mt-2 text-sm text-gray-500","A","string-literal","","localize"
"apps/platform-console","Frontend/apps/platform-console/src/features/plans/PlanEditorPanel.tsx","","","fixed inset-0 z-50 flex items-center justify-center bg-black/40 p-4","A","string-literal","","localize"
"apps/platform-console","Frontend/apps/platform-console/src/features/plans/PlanEditorPanel.tsx","","","w-full max-w-md rounded-[var(--radius-lg)] border border-gray-200 bg-white p-5 shadow-xl","A","string-literal","","localize"
"apps/platform-console","Frontend/apps/platform-console/src/features/plans/PlanEditorPanel.tsx","","","text-lg font-bold text-gray-900","A","string-literal","","localize"
"apps/platform-console","Frontend/apps/platform-console/src/features/plans/PlanEditorPanel.tsx","","","mt-3 space-y-2 text-sm","A","string-literal","","localize"
"apps/platform-console","Frontend/apps/platform-console/src/features/plans/PlanEditorPanel.tsx","","","flex justify-between","A","string-literal","","localize"
"apps/platform-console","Frontend/apps/platform-console/src/features/plans/PlanEditorPanel.tsx","","","font-[var(--mono)] font-semibold","A","string-literal","","localize"
"apps/platform-console","Frontend/apps/platform-console/src/features/plans/PlanEditorPanel.tsx","","","flex justify-between","A","string-literal","","localize"
"apps/platform-console","Frontend/apps/platform-console/src/features/plans/PlanEditorPanel.tsx","","","font-[var(--mono)] font-semibold","A","string-literal","","localize"
"apps/platform-console","Frontend/apps/platform-console/src/features/plans/PlanEditorPanel.tsx","","","rounded border border-emerald-200 bg-emerald-50 px-2 py-1 text-emerald-900","A","string-literal","","localize"
"apps/platform-console","Frontend/apps/platform-console/src/features/plans/PlanEditorPanel.tsx","","","rounded border border-blue-200 bg-blue-50 px-2 py-1 text-blue-900","A","string-literal","","localize"
"apps/platform-console","Frontend/apps/platform-console/src/features/plans/PlanEditorPanel.tsx","","","mt-4 flex justify-end gap-2","A","string-literal","","localize"
"apps/platform-console","Frontend/apps/platform-console/src/features/plans/PlanEditorPanel.tsx","","","cp-btn cp-btn-secondary","A","string-literal","","localize"
"apps/platform-console","Frontend/apps/platform-console/src/features/plans/PlanEditorPanel.tsx","","","cp-btn cp-btn-primary","A","string-literal","","localize"
"apps/platform-console","Frontend/apps/platform-console/src/features/plans/PlanEditorPanel.tsx","",""," : value.toLocaleString(","A","string-literal","","localize"
"apps/platform-console","Frontend/apps/platform-console/src/features/plans/PlansPage.tsx","","","PriceEgp","A","jsx-text","","localize"
"apps/platform-console","Frontend/apps/platform-console/src/features/plans/PlansPage.tsx","","","No commercial plans configured.","A","jsx-text","","localize"
"apps/platform-console","Frontend/apps/platform-console/src/features/plans/PlansPage.tsx","","","Plan","A","jsx-text","","localize"
"apps/platform-console","Frontend/apps/platform-console/src/features/plans/PlansPage.tsx","","","Monthly","A","jsx-text","","localize"
"apps/platform-console","Frontend/apps/platform-console/src/features/plans/PlansPage.tsx","","","Annual","A","jsx-text","","localize"
"apps/platform-console","Frontend/apps/platform-console/src/features/plans/PlansPage.tsx","","","Savings","A","jsx-text","","localize"
"apps/platform-console","Frontend/apps/platform-console/src/features/plans/PlansPage.tsx","","","Sales","A","jsx-text","","localize"
"apps/platform-console","Frontend/apps/platform-console/src/features/plans/PlansPage.tsx","","","Default","A","jsx-text","","localize"
"apps/platform-console","Frontend/apps/platform-console/src/features/plans/PlansPage.tsx","","","Live subs","A","jsx-text","","localize"
"apps/platform-console","Frontend/apps/platform-console/src/features/plans/PlansPage.tsx","","","Members","A","jsx-text","","localize"
"apps/platform-console","Frontend/apps/platform-console/src/features/plans/PlansPage.tsx","","","Staff","A","jsx-text","","localize"
"apps/platform-console","Frontend/apps/platform-console/src/features/plans/PlansPage.tsx","","","Branches","A","jsx-text","","localize"
"apps/platform-console","Frontend/apps/platform-console/src/features/plans/PlansPage.tsx","","","WhatsApp","A","jsx-text","","localize"
"apps/platform-console","Frontend/apps/platform-console/src/features/plans/PlansPage.tsx","","","Features","A","jsx-text","","localize"
"apps/platform-console","Frontend/apps/platform-console/src/features/plans/PlansPage.tsx","","","Updated","A","jsx-text","","localize"
"apps/platform-console","Frontend/apps/platform-console/src/features/plans/PlansPage.tsx","","","Customer pricing preview","A","jsx-text","","localize"
"apps/platform-console","Frontend/apps/platform-console/src/features/plans/PlansPage.tsx","","","flex flex-col gap-4","A","string-literal","","localize"
"apps/platform-console","Frontend/apps/platform-console/src/features/plans/PlansPage.tsx","","","flex flex-wrap items-start justify-between gap-3","A","string-literal","","localize"
"apps/platform-console","Frontend/apps/platform-console/src/features/plans/PlansPage.tsx","","","text-[22px] font-bold tracking-tight text-gray-900","A","string-literal","","localize"
"apps/platform-console","Frontend/apps/platform-console/src/features/plans/PlansPage.tsx","","","mt-1 max-w-3xl text-[13.5px] text-gray-500","A","string-literal","","localize"
"apps/platform-console","Frontend/apps/platform-console/src/features/plans/PlansPage.tsx","","","font-[var(--mono)] text-xs","A","string-literal","","localize"
"apps/platform-console","Frontend/apps/platform-console/src/features/plans/PlansPage.tsx","","","flex flex-wrap gap-2","A","string-literal","","localize"
"apps/platform-console","Frontend/apps/platform-console/src/features/plans/PlansPage.tsx","","","cp-btn cp-btn-primary","A","string-literal","","localize"
"apps/platform-console","Frontend/apps/platform-console/src/features/plans/PlansPage.tsx","","","cp-btn cp-btn-secondary","A","string-literal","","localize"
"apps/platform-console","Frontend/apps/platform-console/src/features/plans/PlansPage.tsx","","","cp-btn cp-btn-secondary","A","string-literal","","localize"
"apps/platform-console","Frontend/apps/platform-console/src/features/plans/PlansPage.tsx","","","rounded border border-blue-200 bg-blue-50 px-3 py-2 text-sm text-blue-900","A","string-literal","","localize"
"apps/platform-console","Frontend/apps/platform-console/src/features/plans/PlansPage.tsx","","","grid gap-3 sm:grid-cols-2 xl:grid-cols-4","A","string-literal","","localize"
"apps/platform-console","Frontend/apps/platform-console/src/features/plans/PlansPage.tsx","","","Active for sales","A","string-literal","","localize"
"apps/platform-console","Frontend/apps/platform-console/src/features/plans/PlansPage.tsx","","","List MRR opportunity","A","string-literal","","localize"
"apps/platform-console","Frontend/apps/platform-console/src/features/plans/PlansPage.tsx","","","Sum of monthly list prices","A","string-literal","","localize"
"apps/platform-console","Frontend/apps/platform-console/src/features/plans/PlansPage.tsx","","","Live subscriptions","A","string-literal","","localize"
"apps/platform-console","Frontend/apps/platform-console/src/features/plans/PlansPage.tsx","","","Trialing + active + past_due + suspended","A","string-literal","","localize"
"apps/platform-console","Frontend/apps/platform-console/src/features/plans/PlansPage.tsx","","","Default plan","A","string-literal","","localize"
"apps/platform-console","Frontend/apps/platform-console/src/features/plans/PlansPage.tsx","","","New tenant provision","A","string-literal","","localize"
"apps/platform-console","Frontend/apps/platform-console/src/features/plans/PlansPage.tsx","","","cp-card p-10 text-center text-sm text-gray-500","A","string-literal","","localize"
"apps/platform-console","Frontend/apps/platform-console/src/features/plans/PlansPage.tsx","","","cp-card border-red-200 bg-red-50 p-6 text-center text-sm text-red-800","A","string-literal","","localize"
"apps/platform-console","Frontend/apps/platform-console/src/features/plans/PlansPage.tsx","","","Failed to load plans.","A","string-literal","","localize"
"apps/platform-console","Frontend/apps/platform-console/src/features/plans/PlansPage.tsx","","","cp-btn cp-btn-secondary ml-3","A","string-literal","","localize"
"apps/platform-console","Frontend/apps/platform-console/src/features/plans/PlansPage.tsx","","","cp-card p-10 text-center text-sm text-gray-500","A","string-literal","","localize"
"apps/platform-console","Frontend/apps/platform-console/src/features/plans/PlansPage.tsx","","","cp-card overflow-x-auto","A","string-literal","","localize"
"apps/platform-console","Frontend/apps/platform-console/src/features/plans/PlansPage.tsx","","","fixed inset-0 z-50 flex items-center justify-center bg-black/40 p-4","A","string-literal","","localize"
"apps/platform-console","Frontend/apps/platform-console/src/features/plans/PlansPage.tsx","","","max-h-[90vh] w-full max-w-4xl overflow-y-auto rounded-[var(--radius-lg)] border border-gray-200 bg-white p-5 shadow-xl","A","string-literal","","localize"
"apps/platform-console","Frontend/apps/platform-console/src/features/plans/PlansPage.tsx","","","flex flex-wrap items-center justify-between gap-2","A","string-literal","","localize"
"apps/platform-console","Frontend/apps/platform-console/src/features/plans/PlansPage.tsx","","","text-lg font-bold text-gray-900","A","string-literal","","localize"
"apps/platform-console","Frontend/apps/platform-console/src/features/plans/PlansPage.tsx","","","inline-flex rounded-full border border-gray-200 p-0.5 text-sm","A","string-literal","","localize"
"apps/platform-console","Frontend/apps/platform-console/src/features/plans/PlansPage.tsx","","","mt-1 text-xs text-gray-500","A","string-literal","","localize"
"apps/platform-console","Frontend/apps/platform-console/src/features/plans/PlansPage.tsx","","","mt-4 grid gap-3 sm:grid-cols-2 lg:grid-cols-4","A","string-literal","","localize"
"apps/platform-console","Frontend/apps/platform-console/src/features/plans/PlansPage.tsx","","","text-xs font-bold uppercase text-gray-500","A","string-literal","","localize"
"apps/platform-console","Frontend/apps/platform-console/src/features/plans/PlansPage.tsx","","","mt-2 font-[var(--mono)] text-xl font-bold tabular-nums","A","string-literal","","localize"
"apps/platform-console","Frontend/apps/platform-console/src/features/plans/PlansPage.tsx","","","text-xs font-normal text-gray-400","A","string-literal","","localize"
"apps/platform-console","Frontend/apps/platform-console/src/features/plans/PlansPage.tsx","","","text-xs text-gray-500","A","string-literal","","localize"
"apps/platform-console","Frontend/apps/platform-console/src/features/plans/PlansPage.tsx","","","mt-4 flex justify-end","A","string-literal","","localize"
"apps/platform-console","Frontend/apps/platform-console/src/features/plans/PlansPage.tsx","","","cp-btn cp-btn-secondary","A","string-literal","","localize"
"apps/platform-console","Frontend/apps/platform-console/src/features/plans/PlansPage.tsx","","","cp-card p-4","A","string-literal","","localize"
"apps/platform-console","Frontend/apps/platform-console/src/features/plans/PlansPage.tsx","","","text-xs font-semibold uppercase tracking-wide text-gray-500","A","string-literal","","localize"
"apps/platform-console","Frontend/apps/platform-console/src/features/plans/PlansPage.tsx","","","mt-1 text-2xl font-bold tabular-nums text-gray-900","A","string-literal","","localize"
"apps/platform-console","Frontend/apps/platform-console/src/features/plans/PlansPage.tsx","","","text-xs text-gray-400","A","string-literal","","localize"
"apps/platform-console","Frontend/apps/platform-console/src/features/plans/PlansPage.tsx","","","font-semibold text-gray-900","A","string-literal","","localize"
"apps/platform-console","Frontend/apps/platform-console/src/features/plans/PlansPage.tsx","","","font-[var(--mono)] text-xs text-gray-400","A","string-literal","","localize"
"apps/platform-console","Frontend/apps/platform-console/src/features/plans/PlansPage.tsx","","","font-[var(--mono)] tabular-nums","A","string-literal","","localize"
"apps/platform-console","Frontend/apps/platform-console/src/features/plans/PlansPage.tsx","","","font-[var(--mono)] tabular-nums","A","string-literal","","localize"
"apps/platform-console","Frontend/apps/platform-console/src/features/plans/PlansPage.tsx","","","font-[var(--mono)] tabular-nums","A","string-literal","","localize"
"apps/platform-console","Frontend/apps/platform-console/src/features/plans/PlansPage.tsx","","","bg-emerald-50 text-emerald-800","A","string-literal","","localize"
"apps/platform-console","Frontend/apps/platform-console/src/features/plans/PlansPage.tsx","","","bg-gray-100 text-gray-600","A","string-literal","","localize"
"apps/platform-console","Frontend/apps/platform-console/src/features/plans/PlansPage.tsx","","","font-[var(--mono)] tabular-nums","A","string-literal","","localize"
"apps/platform-console","Frontend/apps/platform-console/src/features/plans/PlansPage.tsx","","","text-xs text-gray-500","A","string-literal","","localize"
"apps/platform-console","Frontend/apps/platform-console/src/features/plans/PlansPage.tsx","","","cp-btn cp-btn-ghost text-xs","A","string-literal","","localize"
"apps/platform-console","Frontend/apps/platform-console/src/features/platform-users/PlatformUsersPage.tsx","","","Platform Users","A","jsx-text","","localize"
"apps/platform-console","Frontend/apps/platform-console/src/features/platform-users/PlatformUsersPage.tsx","","","Accounts with access to platform-level operations.","A","jsx-text","","localize"
"apps/platform-console","Frontend/apps/platform-console/src/features/platform-users/PlatformUsersPage.tsx","","","Platform Users","A","jsx-text","","localize"
"apps/platform-console","Frontend/apps/platform-console/src/features/platform-users/PlatformUsersPage.tsx","","","Accounts with access to platform-level operations.","A","jsx-text","","localize"
"apps/platform-console","Frontend/apps/platform-console/src/features/platform-users/PlatformUsersPage.tsx","","","Name","A","jsx-text","","localize"
"apps/platform-console","Frontend/apps/platform-console/src/features/platform-users/PlatformUsersPage.tsx","","","Email","A","jsx-text","","localize"
"apps/platform-console","Frontend/apps/platform-console/src/features/platform-users/PlatformUsersPage.tsx","","","Role","A","jsx-text","","localize"
"apps/platform-console","Frontend/apps/platform-console/src/features/platform-users/PlatformUsersPage.tsx","","","Status","A","jsx-text","","localize"
"apps/platform-console","Frontend/apps/platform-console/src/features/platform-users/PlatformUsersPage.tsx","","","Last Login","A","jsx-text","","localize"
"apps/platform-console","Frontend/apps/platform-console/src/features/platform-users/PlatformUsersPage.tsx","","","Created","A","jsx-text","","localize"
"apps/platform-console","Frontend/apps/platform-console/src/features/platform-users/PlatformUsersPage.tsx","","","Actions","A","jsx-text","","localize"
"apps/platform-console","Frontend/apps/platform-console/src/features/platform-users/PlatformUsersPage.tsx","","","Full name","A","jsx-text","","localize"
"apps/platform-console","Frontend/apps/platform-console/src/features/platform-users/PlatformUsersPage.tsx","","","Email","A","jsx-text","","localize"
"apps/platform-console","Frontend/apps/platform-console/src/features/platform-users/PlatformUsersPage.tsx","","","Role","A","jsx-text","","localize"
"apps/platform-console","Frontend/apps/platform-console/src/features/platform-users/PlatformUsersPage.tsx","","","Disable ","A","jsx-text","","localize"
"apps/platform-console","Frontend/apps/platform-console/src/features/platform-users/PlatformUsersPage.tsx","","","Restore ","A","jsx-text","","localize"
"apps/platform-console","Frontend/apps/platform-console/src/features/platform-users/PlatformUsersPage.tsx","","","Change ","A","jsx-text","","localize"
"apps/platform-console","Frontend/apps/platform-console/src/features/platform-users/PlatformUsersPage.tsx","","","New role","A","jsx-text","","localize"
"apps/platform-console","Frontend/apps/platform-console/src/features/platform-users/PlatformUsersPage.tsx","","","Platform Admin","A","string-literal","","localize"
"apps/platform-console","Frontend/apps/platform-console/src/features/platform-users/PlatformUsersPage.tsx","","","Platform Ops","A","string-literal","","localize"
"apps/platform-console","Frontend/apps/platform-console/src/features/platform-users/PlatformUsersPage.tsx","","","Platform Support","A","string-literal","","localize"
"apps/platform-console","Frontend/apps/platform-console/src/features/platform-users/PlatformUsersPage.tsx","","","bg-red-50 text-red-800 ring-1 ring-red-200","A","string-literal","","localize"
"apps/platform-console","Frontend/apps/platform-console/src/features/platform-users/PlatformUsersPage.tsx","","","bg-blue-50 text-blue-800 ring-1 ring-blue-200","A","string-literal","","localize"
"apps/platform-console","Frontend/apps/platform-console/src/features/platform-users/PlatformUsersPage.tsx","","","bg-gray-100 text-gray-800 ring-1 ring-gray-200","A","string-literal","","localize"
"apps/platform-console","Frontend/apps/platform-console/src/features/platform-users/PlatformUsersPage.tsx","","","Forbidden — Requires Platform Admin (403).","A","string-literal","","localize"
"apps/platform-console","Frontend/apps/platform-console/src/features/platform-users/PlatformUsersPage.tsx","","","Request failed","A","string-literal","","localize"
"apps/platform-console","Frontend/apps/platform-console/src/features/platform-users/PlatformUsersPage.tsx","","","flex flex-col gap-4","A","string-literal","","localize"
"apps/platform-console","Frontend/apps/platform-console/src/features/platform-users/PlatformUsersPage.tsx","","","text-2xl font-semibold text-gray-900","A","string-literal","","localize"
"apps/platform-console","Frontend/apps/platform-console/src/features/platform-users/PlatformUsersPage.tsx","","","text-sm text-gray-500","A","string-literal","","localize"
"apps/platform-console","Frontend/apps/platform-console/src/features/platform-users/PlatformUsersPage.tsx","","","rounded-[var(--radius)] border border-amber-200 bg-amber-50 px-4 py-6 text-center text-sm text-amber-900","A","string-literal","","localize"
"apps/platform-console","Frontend/apps/platform-console/src/features/platform-users/PlatformUsersPage.tsx","","","Password must be at least 10 characters.","A","string-literal","","localize"
"apps/platform-console","Frontend/apps/platform-console/src/features/platform-users/PlatformUsersPage.tsx","","","No user selected.","A","string-literal","","localize"
"apps/platform-console","Frontend/apps/platform-console/src/features/platform-users/PlatformUsersPage.tsx","","","No user selected.","A","string-literal","","localize"
"apps/platform-console","Frontend/apps/platform-console/src/features/platform-users/PlatformUsersPage.tsx","","","No user selected.","A","string-literal","","localize"
"apps/platform-console","Frontend/apps/platform-console/src/features/platform-users/PlatformUsersPage.tsx","","","flex flex-col gap-4","A","string-literal","","localize"
"apps/platform-console","Frontend/apps/platform-console/src/features/platform-users/PlatformUsersPage.tsx","","","flex flex-wrap items-end justify-between gap-3","A","string-literal","","localize"
"apps/platform-console","Frontend/apps/platform-console/src/features/platform-users/PlatformUsersPage.tsx","","","text-2xl font-semibold text-gray-900","A","string-literal","","localize"
"apps/platform-console","Frontend/apps/platform-console/src/features/platform-users/PlatformUsersPage.tsx","","","text-sm text-gray-500","A","string-literal","","localize"
"apps/platform-console","Frontend/apps/platform-console/src/features/platform-users/PlatformUsersPage.tsx","","","rounded-[var(--radius)] bg-blue-600 px-3 py-1.5 text-sm font-medium text-white hover:bg-blue-700","A","string-literal","","localize"
"apps/platform-console","Frontend/apps/platform-console/src/features/platform-users/PlatformUsersPage.tsx","","","rounded-[var(--radius)] border border-gray-200 bg-white px-4 py-2.5 text-sm text-gray-700","A","string-literal","","localize"
"apps/platform-console","Frontend/apps/platform-console/src/features/platform-users/PlatformUsersPage.tsx","","","overflow-x-auto rounded-[var(--radius)] border border-gray-200","A","string-literal","","localize"
"apps/platform-console","Frontend/apps/platform-console/src/features/platform-users/PlatformUsersPage.tsx","","","min-w-full text-left text-sm","A","string-literal","","localize"
"apps/platform-console","Frontend/apps/platform-console/src/features/platform-users/PlatformUsersPage.tsx","","","bg-gray-50 text-gray-500","A","string-literal","","localize"
"apps/platform-console","Frontend/apps/platform-console/src/features/platform-users/PlatformUsersPage.tsx","","","px-3 py-2 font-medium","A","string-literal","","localize"
"apps/platform-console","Frontend/apps/platform-console/src/features/platform-users/PlatformUsersPage.tsx","","","px-3 py-2 font-medium","A","string-literal","","localize"
"apps/platform-console","Frontend/apps/platform-console/src/features/platform-users/PlatformUsersPage.tsx","","","px-3 py-2 font-medium","A","string-literal","","localize"
"apps/platform-console","Frontend/apps/platform-console/src/features/platform-users/PlatformUsersPage.tsx","","","px-3 py-2 font-medium","A","string-literal","","localize"
"apps/platform-console","Frontend/apps/platform-console/src/features/platform-users/PlatformUsersPage.tsx","","","px-3 py-2 font-medium","A","string-literal","","localize"
"apps/platform-console","Frontend/apps/platform-console/src/features/platform-users/PlatformUsersPage.tsx","","","px-3 py-2 font-medium","A","string-literal","","localize"
"apps/platform-console","Frontend/apps/platform-console/src/features/platform-users/PlatformUsersPage.tsx","","","px-3 py-2 font-medium","A","string-literal","","localize"
"apps/platform-console","Frontend/apps/platform-console/src/features/platform-users/PlatformUsersPage.tsx","","","border-t border-gray-200","A","string-literal","","localize"
"apps/platform-console","Frontend/apps/platform-console/src/features/platform-users/PlatformUsersPage.tsx","","","h-4 animate-pulse rounded bg-gray-200","A","string-literal","","localize"
"apps/platform-console","Frontend/apps/platform-console/src/features/platform-users/PlatformUsersPage.tsx","","","px-3 py-8 text-center text-red-600","A","string-literal","","localize"
"apps/platform-console","Frontend/apps/platform-console/src/features/platform-users/PlatformUsersPage.tsx","","","Failed to load platform users.","A","string-literal","","localize"
"apps/platform-console","Frontend/apps/platform-console/src/features/platform-users/PlatformUsersPage.tsx","","","px-3 py-8 text-center text-gray-500","A","string-literal","","localize"
"apps/platform-console","Frontend/apps/platform-console/src/features/platform-users/PlatformUsersPage.tsx","","","border-t border-gray-200","A","string-literal","","localize"
"apps/platform-console","Frontend/apps/platform-console/src/features/platform-users/PlatformUsersPage.tsx","","","px-3 py-2 font-medium text-gray-900","A","string-literal","","localize"
"apps/platform-console","Frontend/apps/platform-console/src/features/platform-users/PlatformUsersPage.tsx","","","ml-2 text-xs text-gray-500","A","string-literal","","localize"
"apps/platform-console","Frontend/apps/platform-console/src/features/platform-users/PlatformUsersPage.tsx","","","px-3 py-2 font-[var(--mono)] text-xs text-gray-700","A","string-literal","","localize"
"apps/platform-console","Frontend/apps/platform-console/src/features/platform-users/PlatformUsersPage.tsx","","","inline-flex rounded-full bg-emerald-50 px-2.5 py-0.5 text-xs font-medium text-emerald-800 ring-1 ring-emerald-200","A","string-literal","","localize"
"apps/platform-console","Frontend/apps/platform-console/src/features/platform-users/PlatformUsersPage.tsx","","","inline-flex rounded-full bg-gray-100 px-2.5 py-0.5 text-xs font-medium text-gray-700 ring-1 ring-gray-200","A","string-literal","","localize"
"apps/platform-console","Frontend/apps/platform-console/src/features/platform-users/PlatformUsersPage.tsx","","","px-3 py-2 text-gray-700","A","string-literal","","localize"
"apps/platform-console","Frontend/apps/platform-console/src/features/platform-users/PlatformUsersPage.tsx","","","px-3 py-2 text-gray-700","A","string-literal","","localize"
"apps/platform-console","Frontend/apps/platform-console/src/features/platform-users/PlatformUsersPage.tsx","","","flex flex-wrap gap-1.5","A","string-literal","","localize"
"apps/platform-console","Frontend/apps/platform-console/src/features/platform-users/PlatformUsersPage.tsx","","","You can't change your own role","A","string-literal","","localize"
"apps/platform-console","Frontend/apps/platform-console/src/features/platform-users/PlatformUsersPage.tsx","","","You can't disable your own account","A","string-literal","","localize"
"apps/platform-console","Frontend/apps/platform-console/src/features/platform-users/PlatformUsersPage.tsx","","","rounded border border-gray-300 px-2 py-0.5 text-xs text-gray-900 hover:bg-gray-200","A","string-literal","","localize"
"apps/platform-console","Frontend/apps/platform-console/src/features/platform-users/PlatformUsersPage.tsx","","","Create Platform User","A","string-literal","","localize"
"apps/platform-console","Frontend/apps/platform-console/src/features/platform-users/PlatformUsersPage.tsx","","","Creates a new platform_support / platform_ops / platform_admin account. The new user completes MFA setup on first login.","A","string-literal","","localize"
"apps/platform-console","Frontend/apps/platform-console/src/features/platform-users/PlatformUsersPage.tsx","","","Create User","A","string-literal","","localize"
"apps/platform-console","Frontend/apps/platform-console/src/features/platform-users/PlatformUsersPage.tsx","","","mt-2 block text-sm","A","string-literal","","localize"
"apps/platform-console","Frontend/apps/platform-console/src/features/platform-users/PlatformUsersPage.tsx","","","mt-1 w-full rounded-[var(--radius)] border border-gray-300 bg-white px-3 py-2","A","string-literal","","localize"
"apps/platform-console","Frontend/apps/platform-console/src/features/platform-users/PlatformUsersPage.tsx","","","mt-2 block text-sm","A","string-literal","","localize"
"apps/platform-console","Frontend/apps/platform-console/src/features/platform-users/PlatformUsersPage.tsx","","","mt-1 w-full rounded-[var(--radius)] border border-gray-300 bg-white px-3 py-2","A","string-literal","","localize"
"apps/platform-console","Frontend/apps/platform-console/src/features/platform-users/PlatformUsersPage.tsx","","","mt-2 block text-sm","A","string-literal","","localize"
"apps/platform-console","Frontend/apps/platform-console/src/features/platform-users/PlatformUsersPage.tsx","","","mt-1 w-full rounded-[var(--radius)] border border-gray-300 bg-white px-3 py-2","A","string-literal","","localize"
"apps/platform-console","Frontend/apps/platform-console/src/features/platform-users/PlatformUsersPage.tsx","","","mt-2 block text-sm","A","string-literal","","localize"
"apps/platform-console","Frontend/apps/platform-console/src/features/platform-users/PlatformUsersPage.tsx","","","mt-1 w-full rounded-[var(--radius)] border border-gray-300 bg-white px-3 py-2","A","string-literal","","localize"
"apps/platform-console","Frontend/apps/platform-console/src/features/platform-users/PlatformUsersPage.tsx","","","Disable Platform User","A","string-literal","","localize"
"apps/platform-console","Frontend/apps/platform-console/src/features/platform-users/PlatformUsersPage.tsx","","","Reactivate Platform User","A","string-literal","","localize"
"apps/platform-console","Frontend/apps/platform-console/src/features/platform-users/PlatformUsersPage.tsx","","","Change Role","A","string-literal","","localize"
"apps/platform-console","Frontend/apps/platform-console/src/features/platform-users/PlatformUsersPage.tsx","","","Change Role","A","string-literal","","localize"
"apps/platform-console","Frontend/apps/platform-console/src/features/platform-users/PlatformUsersPage.tsx","","","mt-2 block text-sm","A","string-literal","","localize"
"apps/platform-console","Frontend/apps/platform-console/src/features/platform-users/PlatformUsersPage.tsx","","","mt-1 w-full rounded-[var(--radius)] border border-gray-300 bg-white px-3 py-2","A","string-literal","","localize"
"apps/platform-console","Frontend/apps/platform-console/src/features/risk-queue/risk-queue-derivations.test.ts","","","Test Gym","A","string-literal","","localize"
"apps/platform-console","Frontend/apps/platform-console/src/features/risk-queue/risk-queue-derivations.test.ts","","","deriveStatus (UX-only grouping, not a persisted field)","A","string-literal","","localize"
"apps/platform-console","Frontend/apps/platform-console/src/features/risk-queue/risk-queue-derivations.test.ts","","","is ""new"" when no outcome has been recorded","A","string-literal","","localize"
"apps/platform-console","Frontend/apps/platform-console/src/features/risk-queue/risk-queue-derivations.test.ts","","","is ""in_progress"" for a non-terminal outcome","A","string-literal","","localize"
"apps/platform-console","Frontend/apps/platform-console/src/features/risk-queue/risk-queue-derivations.test.ts","","",", tenantId: ","A","string-literal","","localize"
"apps/platform-console","Frontend/apps/platform-console/src/features/risk-queue/risk-queue-derivations.test.ts","","",", platformUserId: ","A","string-literal","","localize"
"apps/platform-console","Frontend/apps/platform-console/src/features/risk-queue/risk-queue-derivations.test.ts","","",", outcome: ","A","string-literal","","localize"
"apps/platform-console","Frontend/apps/platform-console/src/features/risk-queue/risk-queue-derivations.test.ts","","",", createdAtUtc: ","A","string-literal","","localize"
"apps/platform-console","Frontend/apps/platform-console/src/features/risk-queue/risk-queue-derivations.test.ts","","","is ""resolved"" when the latest outcome is terminal (retained or churned)","A","string-literal","","localize"
"apps/platform-console","Frontend/apps/platform-console/src/features/risk-queue/risk-queue-derivations.test.ts","","",", tenantId: ","A","string-literal","","localize"
"apps/platform-console","Frontend/apps/platform-console/src/features/risk-queue/risk-queue-derivations.test.ts","","",", platformUserId: ","A","string-literal","","localize"
"apps/platform-console","Frontend/apps/platform-console/src/features/risk-queue/risk-queue-derivations.test.ts","","",", outcome: ","A","string-literal","","localize"
"apps/platform-console","Frontend/apps/platform-console/src/features/risk-queue/risk-queue-derivations.test.ts","","",", createdAtUtc: ","A","string-literal","","localize"
"apps/platform-console","Frontend/apps/platform-console/src/features/risk-queue/risk-queue-derivations.test.ts","","",", tenantId: ","A","string-literal","","localize"
"apps/platform-console","Frontend/apps/platform-console/src/features/risk-queue/risk-queue-derivations.test.ts","","",", platformUserId: ","A","string-literal","","localize"
"apps/platform-console","Frontend/apps/platform-console/src/features/risk-queue/risk-queue-derivations.test.ts","","",", outcome: ","A","string-literal","","localize"
"apps/platform-console","Frontend/apps/platform-console/src/features/risk-queue/risk-queue-derivations.test.ts","","",", createdAtUtc: ","A","string-literal","","localize"
"apps/platform-console","Frontend/apps/platform-console/src/features/risk-queue/risk-queue-derivations.test.ts","","","uses only the most recent outcome, not history","A","string-literal","","localize"
"apps/platform-console","Frontend/apps/platform-console/src/features/risk-queue/risk-queue-derivations.test.ts","","",", tenantId: ","A","string-literal","","localize"
"apps/platform-console","Frontend/apps/platform-console/src/features/risk-queue/risk-queue-derivations.test.ts","","",", platformUserId: ","A","string-literal","","localize"
"apps/platform-console","Frontend/apps/platform-console/src/features/risk-queue/risk-queue-derivations.test.ts","","",", outcome: ","A","string-literal","","localize"
"apps/platform-console","Frontend/apps/platform-console/src/features/risk-queue/risk-queue-derivations.test.ts","","",", createdAtUtc: ","A","string-literal","","localize"
"apps/platform-console","Frontend/apps/platform-console/src/features/risk-queue/risk-queue-derivations.test.ts","","",", tenantId: ","A","string-literal","","localize"
"apps/platform-console","Frontend/apps/platform-console/src/features/risk-queue/risk-queue-derivations.test.ts","","",", platformUserId: ","A","string-literal","","localize"
"apps/platform-console","Frontend/apps/platform-console/src/features/risk-queue/risk-queue-derivations.test.ts","","",", outcome: ","A","string-literal","","localize"
"apps/platform-console","Frontend/apps/platform-console/src/features/risk-queue/risk-queue-derivations.test.ts","","",", createdAtUtc: ","A","string-literal","","localize"
"apps/platform-console","Frontend/apps/platform-console/src/features/risk-queue/risk-queue-derivations.test.ts","","","returns empty array when no contributing factors are present","A","string-literal","","localize"
"apps/platform-console","Frontend/apps/platform-console/src/features/risk-queue/risk-queue-derivations.test.ts","","","returns empty array on unparsable JSON rather than throwing","A","string-literal","","localize"
"apps/platform-console","Frontend/apps/platform-console/src/features/risk-queue/risk-queue-derivations.test.ts","","","not json","A","string-literal","","localize"
"apps/platform-console","Frontend/apps/platform-console/src/features/risk-queue/risk-queue-derivations.test.ts","","","picks the two lowest-scoring available signals, sorted ascending","A","string-literal","","localize"
"apps/platform-console","Frontend/apps/platform-console/src/features/risk-queue/risk-queue-derivations.test.ts","","","Login frequency","A","string-literal","","localize"
"apps/platform-console","Frontend/apps/platform-console/src/features/risk-queue/risk-queue-derivations.test.ts","","","Payment health","A","string-literal","","localize"
"apps/platform-console","Frontend/apps/platform-console/src/features/risk-queue/risk-queue-derivations.test.ts","","","Usage vs cap","A","string-literal","","localize"
"apps/platform-console","Frontend/apps/platform-console/src/features/risk-queue/risk-queue-derivations.test.ts","","","Payment health","A","string-literal","","localize"
"apps/platform-console","Frontend/apps/platform-console/src/features/risk-queue/risk-queue-derivations.test.ts","","","Usage vs cap","A","string-literal","","localize"
"apps/platform-console","Frontend/apps/platform-console/src/features/risk-queue/risk-queue.msw.test.ts","","","At Risk Gym","A","string-literal","","localize"
"apps/platform-console","Frontend/apps/platform-console/src/features/risk-queue/risk-queue.msw.test.ts","","","{""summary"":""Low login frequency"",""mlUsed"":false}","B","string-literal","","leave-technical"
"apps/platform-console","Frontend/apps/platform-console/src/features/risk-queue/risk-queue.msw.test.ts","","","Low login frequency","A","string-literal","","localize"
"apps/platform-console","Frontend/apps/platform-console/src/features/risk-queue/risk-queue.msw.test.ts","","","Critical Gym","A","string-literal","","localize"
"apps/platform-console","Frontend/apps/platform-console/src/features/risk-queue/risk-queue.msw.test.ts","","","Payment health failing","A","string-literal","","localize"
"apps/platform-console","Frontend/apps/platform-console/src/features/risk-queue/risk-queue.msw.test.ts","","","Requires Platform Ops","A","string-literal","","localize"
"apps/platform-console","Frontend/apps/platform-console/src/features/risk-queue/risk-queue.msw.test.ts","","","risk queue API (MSW)","A","string-literal","","localize"
"apps/platform-console","Frontend/apps/platform-console/src/features/risk-queue/risk-queue.msw.test.ts","","","defaults to at_risk + critical when band omitted","A","string-literal","","localize"
"apps/platform-console","Frontend/apps/platform-console/src/features/risk-queue/risk-queue.msw.test.ts","","","filters by band CSV","A","string-literal","","localize"
"apps/platform-console","Frontend/apps/platform-console/src/features/risk-queue/risk-queue.msw.test.ts","","","Ops assign + outcome invalidate risk-queue queries","A","string-literal","","localize"
"apps/platform-console","Frontend/apps/platform-console/src/features/risk-queue/risk-queue.msw.test.ts","","","Left voicemail","A","string-literal","","localize"
"apps/platform-console","Frontend/apps/platform-console/src/features/risk-queue/risk-queue.msw.test.ts","","","Support assign is forbidden (403) and UI gate uses isOpsOrAbove","A","string-literal","","localize"
"apps/platform-console","Frontend/apps/platform-console/src/features/risk-queue/RiskQueuePage.tsx","","","Risk Queue","A","jsx-text","","localize"
"apps/platform-console","Frontend/apps/platform-console/src/features/risk-queue/RiskQueuePage.tsx","","","Risk band","A","jsx-text","","localize"
"apps/platform-console","Frontend/apps/platform-console/src/features/risk-queue/RiskQueuePage.tsx","","","Assignment","A","jsx-text","","localize"
"apps/platform-console","Frontend/apps/platform-console/src/features/risk-queue/RiskQueuePage.tsx","","","Tenant","A","jsx-text","","localize"
"apps/platform-console","Frontend/apps/platform-console/src/features/risk-queue/RiskQueuePage.tsx","","","Risk Score","A","jsx-text","","localize"
"apps/platform-console","Frontend/apps/platform-console/src/features/risk-queue/RiskQueuePage.tsx","","","Risk Band","A","jsx-text","","localize"
"apps/platform-console","Frontend/apps/platform-console/src/features/risk-queue/RiskQueuePage.tsx","","","Primary Drivers","A","jsx-text","","localize"
"apps/platform-console","Frontend/apps/platform-console/src/features/risk-queue/RiskQueuePage.tsx","","","Assigned To","A","jsx-text","","localize"
"apps/platform-console","Frontend/apps/platform-console/src/features/risk-queue/RiskQueuePage.tsx","","","Age","A","jsx-text","","localize"
"apps/platform-console","Frontend/apps/platform-console/src/features/risk-queue/RiskQueuePage.tsx","","","Last Action","A","jsx-text","","localize"
"apps/platform-console","Frontend/apps/platform-console/src/features/risk-queue/RiskQueuePage.tsx","","","Status","A","jsx-text","","localize"
"apps/platform-console","Frontend/apps/platform-console/src/features/risk-queue/RiskQueuePage.tsx","","","Actions","A","jsx-text","","localize"
"apps/platform-console","Frontend/apps/platform-console/src/features/risk-queue/RiskQueuePage.tsx","","","Outcome","A","jsx-text","","localize"
"apps/platform-console","Frontend/apps/platform-console/src/features/risk-queue/RiskQueuePage.tsx","","","In Progress","A","string-literal","","localize"
"apps/platform-console","Frontend/apps/platform-console/src/features/risk-queue/RiskQueuePage.tsx","","","bg-gray-100 text-gray-800 ring-1 ring-gray-200","A","string-literal","","localize"
"apps/platform-console","Frontend/apps/platform-console/src/features/risk-queue/RiskQueuePage.tsx","","","bg-amber-50 text-amber-900 ring-1 ring-amber-200","A","string-literal","","localize"
"apps/platform-console","Frontend/apps/platform-console/src/features/risk-queue/RiskQueuePage.tsx","","","bg-emerald-50 text-emerald-800 ring-1 ring-emerald-200","A","string-literal","","localize"
"apps/platform-console","Frontend/apps/platform-console/src/features/risk-queue/RiskQueuePage.tsx","","","Forbidden — Requires Platform Ops (403).","A","string-literal","","localize"
"apps/platform-console","Frontend/apps/platform-console/src/features/risk-queue/RiskQueuePage.tsx","","","Request failed","A","string-literal","","localize"
"apps/platform-console","Frontend/apps/platform-console/src/features/risk-queue/RiskQueuePage.tsx","","","No tenant","A","string-literal","","localize"
"apps/platform-console","Frontend/apps/platform-console/src/features/risk-queue/RiskQueuePage.tsx","","","Missing platform user id","A","string-literal","","localize"
"apps/platform-console","Frontend/apps/platform-console/src/features/risk-queue/RiskQueuePage.tsx","","","Assignee cleared","A","string-literal","","localize"
"apps/platform-console","Frontend/apps/platform-console/src/features/risk-queue/RiskQueuePage.tsx","","","Assigned to you","A","string-literal","","localize"
"apps/platform-console","Frontend/apps/platform-console/src/features/risk-queue/RiskQueuePage.tsx","","","No tenant","A","string-literal","","localize"
"apps/platform-console","Frontend/apps/platform-console/src/features/risk-queue/RiskQueuePage.tsx","","","Outcome recorded","A","string-literal","","localize"
"apps/platform-console","Frontend/apps/platform-console/src/features/risk-queue/RiskQueuePage.tsx","","","flex flex-col gap-4","A","string-literal","","localize"
"apps/platform-console","Frontend/apps/platform-console/src/features/risk-queue/RiskQueuePage.tsx","","","flex flex-wrap items-end justify-between gap-3","A","string-literal","","localize"
"apps/platform-console","Frontend/apps/platform-console/src/features/risk-queue/RiskQueuePage.tsx","","","text-2xl font-semibold text-gray-900","A","string-literal","","localize"
"apps/platform-console","Frontend/apps/platform-console/src/features/risk-queue/RiskQueuePage.tsx","","","text-sm text-gray-500","A","string-literal","","localize"
"apps/platform-console","Frontend/apps/platform-console/src/features/risk-queue/RiskQueuePage.tsx","","","text-xs text-gray-500","A","string-literal","","localize"
"apps/platform-console","Frontend/apps/platform-console/src/features/risk-queue/RiskQueuePage.tsx","","","flex flex-col gap-4 rounded-[var(--radius)] border border-gray-200 bg-white p-4","A","string-literal","","localize"
"apps/platform-console","Frontend/apps/platform-console/src/features/risk-queue/RiskQueuePage.tsx","","","mb-2 text-sm text-gray-500","A","string-literal","","localize"
"apps/platform-console","Frontend/apps/platform-console/src/features/risk-queue/RiskQueuePage.tsx","","","flex flex-wrap gap-3 text-sm","A","string-literal","","localize"
"apps/platform-console","Frontend/apps/platform-console/src/features/risk-queue/RiskQueuePage.tsx","","","inline-flex items-center gap-2 text-gray-800","A","string-literal","","localize"
"apps/platform-console","Frontend/apps/platform-console/src/features/risk-queue/RiskQueuePage.tsx","","","mt-2 text-xs text-gray-500","A","string-literal","","localize"
"apps/platform-console","Frontend/apps/platform-console/src/features/risk-queue/RiskQueuePage.tsx","","","flex flex-wrap gap-6 border-t border-gray-200 pt-3","A","string-literal","","localize"
"apps/platform-console","Frontend/apps/platform-console/src/features/risk-queue/RiskQueuePage.tsx","","","mb-1.5 text-xs uppercase tracking-wide text-gray-500","A","string-literal","","localize"
"apps/platform-console","Frontend/apps/platform-console/src/features/risk-queue/RiskQueuePage.tsx","","","flex gap-1 rounded-[var(--radius)] border border-gray-200 bg-white p-0.5 text-sm","A","string-literal","","localize"
"apps/platform-console","Frontend/apps/platform-console/src/features/risk-queue/RiskQueuePage.tsx","","","bg-gray-200 text-blue-600","A","string-literal","","localize"
"apps/platform-console","Frontend/apps/platform-console/src/features/risk-queue/RiskQueuePage.tsx","","","text-gray-500 hover:text-gray-800","A","string-literal","","localize"
"apps/platform-console","Frontend/apps/platform-console/src/features/risk-queue/RiskQueuePage.tsx","","","mb-1.5 text-xs uppercase tracking-wide text-gray-500","A","string-literal","","localize"
"apps/platform-console","Frontend/apps/platform-console/src/features/risk-queue/RiskQueuePage.tsx","","","flex gap-1 rounded-[var(--radius)] border border-gray-200 bg-white p-0.5 text-sm","A","string-literal","","localize"
"apps/platform-console","Frontend/apps/platform-console/src/features/risk-queue/RiskQueuePage.tsx","","","bg-gray-200 text-blue-600","A","string-literal","","localize"
"apps/platform-console","Frontend/apps/platform-console/src/features/risk-queue/RiskQueuePage.tsx","","","text-gray-500 hover:text-gray-800","A","string-literal","","localize"
"apps/platform-console","Frontend/apps/platform-console/src/features/risk-queue/RiskQueuePage.tsx","","","overflow-x-auto rounded-[var(--radius)] border border-gray-200","A","string-literal","","localize"
"apps/platform-console","Frontend/apps/platform-console/src/features/risk-queue/RiskQueuePage.tsx","","","min-w-full text-left text-sm","A","string-literal","","localize"
"apps/platform-console","Frontend/apps/platform-console/src/features/risk-queue/RiskQueuePage.tsx","","","bg-gray-50 text-gray-500","A","string-literal","","localize"
"apps/platform-console","Frontend/apps/platform-console/src/features/risk-queue/RiskQueuePage.tsx","","","px-3 py-2 font-medium","A","string-literal","","localize"
"apps/platform-console","Frontend/apps/platform-console/src/features/risk-queue/RiskQueuePage.tsx","","","px-3 py-2 font-medium","A","string-literal","","localize"
"apps/platform-console","Frontend/apps/platform-console/src/features/risk-queue/RiskQueuePage.tsx","","","px-3 py-2 font-medium","A","string-literal","","localize"
"apps/platform-console","Frontend/apps/platform-console/src/features/risk-queue/RiskQueuePage.tsx","","","px-3 py-2 font-medium","A","string-literal","","localize"
"apps/platform-console","Frontend/apps/platform-console/src/features/risk-queue/RiskQueuePage.tsx","","","px-3 py-2 font-medium","A","string-literal","","localize"
"apps/platform-console","Frontend/apps/platform-console/src/features/risk-queue/RiskQueuePage.tsx","","","px-3 py-2 font-medium","A","string-literal","","localize"
"apps/platform-console","Frontend/apps/platform-console/src/features/risk-queue/RiskQueuePage.tsx","","","px-3 py-2 font-medium","A","string-literal","","localize"
"apps/platform-console","Frontend/apps/platform-console/src/features/risk-queue/RiskQueuePage.tsx","","","px-3 py-2 font-medium","A","string-literal","","localize"
"apps/platform-console","Frontend/apps/platform-console/src/features/risk-queue/RiskQueuePage.tsx","","","px-3 py-2 font-medium","A","string-literal","","localize"
"apps/platform-console","Frontend/apps/platform-console/src/features/risk-queue/RiskQueuePage.tsx","","","border-t border-gray-200","A","string-literal","","localize"
"apps/platform-console","Frontend/apps/platform-console/src/features/risk-queue/RiskQueuePage.tsx","","","h-4 animate-pulse rounded bg-gray-200","A","string-literal","","localize"
"apps/platform-console","Frontend/apps/platform-console/src/features/risk-queue/RiskQueuePage.tsx","","","px-3 py-8 text-center text-red-600","A","string-literal","","localize"
"apps/platform-console","Frontend/apps/platform-console/src/features/risk-queue/RiskQueuePage.tsx","","","px-3 py-8 text-center text-gray-500","A","string-literal","","localize"
"apps/platform-console","Frontend/apps/platform-console/src/features/risk-queue/RiskQueuePage.tsx","","","border-t border-gray-200 hover:bg-gray-50","A","string-literal","","localize"
"apps/platform-console","Frontend/apps/platform-console/src/features/risk-queue/RiskQueuePage.tsx","","","text-left font-medium text-blue-600 underline-offset-2 hover:underline","A","string-literal","","localize"
"apps/platform-console","Frontend/apps/platform-console/src/features/risk-queue/RiskQueuePage.tsx","","","mt-0.5 flex items-center gap-1.5","A","string-literal","","localize"
"apps/platform-console","Frontend/apps/platform-console/src/features/risk-queue/RiskQueuePage.tsx","","","font-[var(--mono)] text-xs text-gray-500","A","string-literal","","localize"
"apps/platform-console","Frontend/apps/platform-console/src/features/risk-queue/RiskQueuePage.tsx","","","px-3 py-2 tabular-nums text-gray-900","A","string-literal","","localize"
"apps/platform-console","Frontend/apps/platform-console/src/features/risk-queue/RiskQueuePage.tsx","","","max-w-[16rem] px-3 py-2 text-gray-500","A","string-literal","","localize"
"apps/platform-console","Frontend/apps/platform-console/src/features/risk-queue/RiskQueuePage.tsx","","","px-3 py-2 text-gray-700","A","string-literal","","localize"
"apps/platform-console","Frontend/apps/platform-console/src/features/risk-queue/RiskQueuePage.tsx","","","px-3 py-2 tabular-nums text-gray-700","A","string-literal","","localize"
"apps/platform-console","Frontend/apps/platform-console/src/features/risk-queue/RiskQueuePage.tsx","","","max-w-[12rem] px-3 py-2 text-gray-500","A","string-literal","","localize"
"apps/platform-console","Frontend/apps/platform-console/src/features/risk-queue/RiskQueuePage.tsx","","","text-xs text-gray-400","A","string-literal","","localize"
"apps/platform-console","Frontend/apps/platform-console/src/features/risk-queue/RiskQueuePage.tsx","","","flex flex-wrap gap-1.5","A","string-literal","","localize"
"apps/platform-console","Frontend/apps/platform-console/src/features/risk-queue/RiskQueuePage.tsx","","","Requires Platform Ops","A","string-literal","","localize"
"apps/platform-console","Frontend/apps/platform-console/src/features/risk-queue/RiskQueuePage.tsx","","","Requires Platform Ops","A","string-literal","","localize"
"apps/platform-console","Frontend/apps/platform-console/src/features/risk-queue/RiskQueuePage.tsx","","","rounded border border-blue-200 bg-blue-50 px-2 py-0.5 text-xs text-blue-800 hover:bg-blue-100","A","string-literal","","localize"
"apps/platform-console","Frontend/apps/platform-console/src/features/risk-queue/RiskQueuePage.tsx","","","Assign to you","A","string-literal","","localize"
"apps/platform-console","Frontend/apps/platform-console/src/features/risk-queue/RiskQueuePage.tsx","","","Clear assignee","A","string-literal","","localize"
"apps/platform-console","Frontend/apps/platform-console/src/features/risk-queue/RiskQueuePage.tsx","","","Record outcome","A","string-literal","","localize"
"apps/platform-console","Frontend/apps/platform-console/src/features/risk-queue/RiskQueuePage.tsx","","","Save outcome","A","string-literal","","localize"
"apps/platform-console","Frontend/apps/platform-console/src/features/risk-queue/RiskQueuePage.tsx","","","mt-1 block text-sm","A","string-literal","","localize"
"apps/platform-console","Frontend/apps/platform-console/src/features/risk-queue/RiskQueuePage.tsx","","","mt-1 w-full rounded-[var(--radius)] border border-gray-300 bg-white px-3 py-2","A","string-literal","","localize"
"apps/platform-console","Frontend/apps/platform-console/src/features/risk-queue/RiskQueuePage.tsx","","","mt-2 block text-sm","A","string-literal","","localize"
"apps/platform-console","Frontend/apps/platform-console/src/features/risk-queue/RiskQueuePage.tsx","","","mt-1 w-full rounded-[var(--radius)] border border-gray-300 bg-white px-3 py-2","A","string-literal","","localize"
"apps/platform-console","Frontend/apps/platform-console/src/features/risk-queue/RiskQueuePage.tsx","","","What happened on the call…","A","string-literal","","localize"
"apps/platform-console","Frontend/apps/platform-console/src/features/subscriptions/SubscriptionsPage.tsx","","","Subscriptions","A","jsx-text","","localize"
"apps/platform-console","Frontend/apps/platform-console/src/features/subscriptions/SubscriptionsPage.tsx","","","How are all customer subscriptions performing?","A","jsx-text","","localize"
"apps/platform-console","Frontend/apps/platform-console/src/features/subscriptions/SubscriptionsPage.tsx","","","Search tenant name or gym code","A","jsx-text","","localize"
"apps/platform-console","Frontend/apps/platform-console/src/features/subscriptions/SubscriptionsPage.tsx","","","Status","A","jsx-text","","localize"
"apps/platform-console","Frontend/apps/platform-console/src/features/subscriptions/SubscriptionsPage.tsx","","","Plan","A","jsx-text","","localize"
"apps/platform-console","Frontend/apps/platform-console/src/features/subscriptions/SubscriptionsPage.tsx","","","Health","A","jsx-text","","localize"
"apps/platform-console","Frontend/apps/platform-console/src/features/subscriptions/SubscriptionsPage.tsx","","","Renewal","A","jsx-text","","localize"
"apps/platform-console","Frontend/apps/platform-console/src/features/subscriptions/SubscriptionsPage.tsx","","","Tenant","A","jsx-text","","localize"
"apps/platform-console","Frontend/apps/platform-console/src/features/subscriptions/SubscriptionsPage.tsx","","","Plan","A","jsx-text","","localize"
"apps/platform-console","Frontend/apps/platform-console/src/features/subscriptions/SubscriptionsPage.tsx","","","Price","A","jsx-text","","localize"
"apps/platform-console","Frontend/apps/platform-console/src/features/subscriptions/SubscriptionsPage.tsx","","","Status","A","jsx-text","","localize"
"apps/platform-console","Frontend/apps/platform-console/src/features/subscriptions/SubscriptionsPage.tsx","","","Renewal","A","jsx-text","","localize"
"apps/platform-console","Frontend/apps/platform-console/src/features/subscriptions/SubscriptionsPage.tsx","","","Health","A","jsx-text","","localize"
"apps/platform-console","Frontend/apps/platform-console/src/features/subscriptions/SubscriptionsPage.tsx","","",") || null, page: ","A","string-literal","","localize"
"apps/platform-console","Frontend/apps/platform-console/src/features/subscriptions/SubscriptionsPage.tsx","","","Past Due","A","string-literal","","localize"
"apps/platform-console","Frontend/apps/platform-console/src/features/subscriptions/SubscriptionsPage.tsx","","","Renewing ≤ 30d","A","string-literal","","localize"
"apps/platform-console","Frontend/apps/platform-console/src/features/subscriptions/SubscriptionsPage.tsx","","","flex flex-col gap-4","A","string-literal","","localize"
"apps/platform-console","Frontend/apps/platform-console/src/features/subscriptions/SubscriptionsPage.tsx","","","text-2xl font-semibold text-gray-900","A","string-literal","","localize"
"apps/platform-console","Frontend/apps/platform-console/src/features/subscriptions/SubscriptionsPage.tsx","","","text-sm text-gray-500","A","string-literal","","localize"
"apps/platform-console","Frontend/apps/platform-console/src/features/subscriptions/SubscriptionsPage.tsx","","","grid gap-3 sm:grid-cols-3 lg:grid-cols-6","A","string-literal","","localize"
"apps/platform-console","Frontend/apps/platform-console/src/features/subscriptions/SubscriptionsPage.tsx","","","text-xs uppercase tracking-wide text-gray-500","A","string-literal","","localize"
"apps/platform-console","Frontend/apps/platform-console/src/features/subscriptions/SubscriptionsPage.tsx","","","mt-2 h-7 w-12 animate-pulse rounded bg-gray-200","A","string-literal","","localize"
"apps/platform-console","Frontend/apps/platform-console/src/features/subscriptions/SubscriptionsPage.tsx","","","mt-1 text-lg text-gray-400","A","string-literal","","localize"
"apps/platform-console","Frontend/apps/platform-console/src/features/subscriptions/SubscriptionsPage.tsx","","","mt-1 text-2xl font-semibold tabular-nums text-gray-900","A","string-literal","","localize"
"apps/platform-console","Frontend/apps/platform-console/src/features/subscriptions/SubscriptionsPage.tsx","","","flex flex-col gap-3 rounded-[var(--radius)] border border-gray-200 bg-white p-4","A","string-literal","","localize"
"apps/platform-console","Frontend/apps/platform-console/src/features/subscriptions/SubscriptionsPage.tsx","","","flex flex-col gap-1 text-sm","A","string-literal","","localize"
"apps/platform-console","Frontend/apps/platform-console/src/features/subscriptions/SubscriptionsPage.tsx","","","max-w-md rounded-[var(--radius)] border border-gray-300 bg-white px-3 py-2","A","string-literal","","localize"
"apps/platform-console","Frontend/apps/platform-console/src/features/subscriptions/SubscriptionsPage.tsx","","","e.g. Fitness or GYM-","A","string-literal","","localize"
"apps/platform-console","Frontend/apps/platform-console/src/features/subscriptions/SubscriptionsPage.tsx","","","flex flex-wrap gap-4 text-sm","A","string-literal","","localize"
"apps/platform-console","Frontend/apps/platform-console/src/features/subscriptions/SubscriptionsPage.tsx","","","mb-1 text-gray-500","A","string-literal","","localize"
"apps/platform-console","Frontend/apps/platform-console/src/features/subscriptions/SubscriptionsPage.tsx","","","flex flex-wrap gap-2","A","string-literal","","localize"
"apps/platform-console","Frontend/apps/platform-console/src/features/subscriptions/SubscriptionsPage.tsx","","","inline-flex items-center gap-1 rounded border border-gray-200 px-2 py-1","A","string-literal","","localize"
"apps/platform-console","Frontend/apps/platform-console/src/features/subscriptions/SubscriptionsPage.tsx","","","mb-1 text-gray-500","A","string-literal","","localize"
"apps/platform-console","Frontend/apps/platform-console/src/features/subscriptions/SubscriptionsPage.tsx","","","flex flex-wrap gap-2","A","string-literal","","localize"
"apps/platform-console","Frontend/apps/platform-console/src/features/subscriptions/SubscriptionsPage.tsx","","","inline-flex items-center gap-1 rounded border border-gray-200 px-2 py-1","A","string-literal","","localize"
"apps/platform-console","Frontend/apps/platform-console/src/features/subscriptions/SubscriptionsPage.tsx","","","mb-1 text-gray-500","A","string-literal","","localize"
"apps/platform-console","Frontend/apps/platform-console/src/features/subscriptions/SubscriptionsPage.tsx","","","flex flex-wrap gap-2","A","string-literal","","localize"
"apps/platform-console","Frontend/apps/platform-console/src/features/subscriptions/SubscriptionsPage.tsx","","","inline-flex items-center gap-1 rounded border border-gray-200 px-2 py-1","A","string-literal","","localize"
"apps/platform-console","Frontend/apps/platform-console/src/features/subscriptions/SubscriptionsPage.tsx","","","mb-1 text-sm text-gray-500","A","string-literal","","localize"
"apps/platform-console","Frontend/apps/platform-console/src/features/subscriptions/SubscriptionsPage.tsx","","","overflow-x-auto rounded-[var(--radius)] border border-gray-200","A","string-literal","","localize"
"apps/platform-console","Frontend/apps/platform-console/src/features/subscriptions/SubscriptionsPage.tsx","","","min-w-full text-left text-sm","A","string-literal","","localize"
"apps/platform-console","Frontend/apps/platform-console/src/features/subscriptions/SubscriptionsPage.tsx","","","bg-gray-50 text-gray-500","A","string-literal","","localize"
"apps/platform-console","Frontend/apps/platform-console/src/features/subscriptions/SubscriptionsPage.tsx","","","px-3 py-2 font-medium","A","string-literal","","localize"
"apps/platform-console","Frontend/apps/platform-console/src/features/subscriptions/SubscriptionsPage.tsx","","","px-3 py-2 font-medium","A","string-literal","","localize"
"apps/platform-console","Frontend/apps/platform-console/src/features/subscriptions/SubscriptionsPage.tsx","","","px-3 py-2 font-medium","A","string-literal","","localize"
"apps/platform-console","Frontend/apps/platform-console/src/features/subscriptions/SubscriptionsPage.tsx","","","px-3 py-2 font-medium","A","string-literal","","localize"
"apps/platform-console","Frontend/apps/platform-console/src/features/subscriptions/SubscriptionsPage.tsx","","","px-3 py-2 font-medium","A","string-literal","","localize"
"apps/platform-console","Frontend/apps/platform-console/src/features/subscriptions/SubscriptionsPage.tsx","","","px-3 py-2 font-medium","A","string-literal","","localize"
"apps/platform-console","Frontend/apps/platform-console/src/features/subscriptions/SubscriptionsPage.tsx","","","border-t border-gray-200","A","string-literal","","localize"
"apps/platform-console","Frontend/apps/platform-console/src/features/subscriptions/SubscriptionsPage.tsx","","","h-4 animate-pulse rounded bg-gray-200","A","string-literal","","localize"
"apps/platform-console","Frontend/apps/platform-console/src/features/subscriptions/SubscriptionsPage.tsx","","","px-3 py-8 text-center text-red-600","A","string-literal","","localize"
"apps/platform-console","Frontend/apps/platform-console/src/features/subscriptions/SubscriptionsPage.tsx","","","Failed to load subscriptions.","A","string-literal","","localize"
"apps/platform-console","Frontend/apps/platform-console/src/features/subscriptions/SubscriptionsPage.tsx","","","px-3 py-8 text-center text-gray-500","A","string-literal","","localize"
"apps/platform-console","Frontend/apps/platform-console/src/features/subscriptions/SubscriptionsPage.tsx","","","cursor-pointer border-t border-gray-200 hover:bg-gray-50","A","string-literal","","localize"
"apps/platform-console","Frontend/apps/platform-console/src/features/subscriptions/SubscriptionsPage.tsx","","","font-medium text-gray-900","A","string-literal","","localize"
"apps/platform-console","Frontend/apps/platform-console/src/features/subscriptions/SubscriptionsPage.tsx","","","font-[var(--mono)] text-xs text-gray-500","A","string-literal","","localize"
"apps/platform-console","Frontend/apps/platform-console/src/features/subscriptions/SubscriptionsPage.tsx","","","px-3 py-2 text-gray-800","A","string-literal","","localize"
"apps/platform-console","Frontend/apps/platform-console/src/features/subscriptions/SubscriptionsPage.tsx","","","px-3 py-2 text-gray-700","A","string-literal","","localize"
"apps/platform-console","Frontend/apps/platform-console/src/features/subscriptions/SubscriptionsPage.tsx","","","flex items-center gap-2","A","string-literal","","localize"
"apps/platform-console","Frontend/apps/platform-console/src/features/subscriptions/SubscriptionsPage.tsx","","","font-[var(--mono)] text-xs text-gray-500","A","string-literal","","localize"
"apps/platform-console","Frontend/apps/platform-console/src/features/subscriptions/SubscriptionsPage.tsx","","","text-xs text-gray-500","A","string-literal","","localize"
"apps/platform-console","Frontend/apps/platform-console/src/features/subscriptions/SubscriptionsPage.tsx","","","flex items-center justify-between text-sm text-gray-500","A","string-literal","","localize"
"apps/platform-console","Frontend/apps/platform-console/src/features/subscriptions/SubscriptionsPage.tsx","",""," · updating…","A","string-literal","","localize"
"apps/platform-console","Frontend/apps/platform-console/src/features/subscriptions/SubscriptionsPage.tsx","","","flex gap-2","A","string-literal","","localize"
"apps/platform-console","Frontend/apps/platform-console/src/features/subscriptions/SubscriptionsPage.tsx","","","rounded border border-gray-200 px-3 py-1 disabled:opacity-40","A","string-literal","","localize"
"apps/platform-console","Frontend/apps/platform-console/src/features/subscriptions/SubscriptionsPage.tsx","","","rounded border border-gray-200 px-3 py-1 disabled:opacity-40","A","string-literal","","localize"
"apps/platform-console","Frontend/apps/platform-console/src/features/tenants/ActionsPanel.tsx","","","Actions","A","jsx-text","","localize"
"apps/platform-console","Frontend/apps/platform-console/src/features/tenants/ActionsPanel.tsx","","","Active coupons","A","jsx-text","","localize"
"apps/platform-console","Frontend/apps/platform-console/src/features/tenants/ActionsPanel.tsx","","","Days to add","A","jsx-text","","localize"
"apps/platform-console","Frontend/apps/platform-console/src/features/tenants/ActionsPanel.tsx","","","Type","A","jsx-text","","localize"
"apps/platform-console","Frontend/apps/platform-console/src/features/tenants/ActionsPanel.tsx","","","Percent","A","jsx-text","","localize"
"apps/platform-console","Frontend/apps/platform-console/src/features/tenants/ActionsPanel.tsx","","","Fixed EGP","A","jsx-text","","localize"
"apps/platform-console","Frontend/apps/platform-console/src/features/tenants/ActionsPanel.tsx","","","Value","A","jsx-text","","localize"
"apps/platform-console","Frontend/apps/platform-console/src/features/tenants/ActionsPanel.tsx","","","New plan","A","jsx-text","","localize"
"apps/platform-console","Frontend/apps/platform-console/src/features/tenants/ActionsPanel.tsx","","","Plan","A","jsx-text","","localize"
"apps/platform-console","Frontend/apps/platform-console/src/features/tenants/ActionsPanel.tsx","","","Feature key","A","jsx-text","","localize"
"apps/platform-console","Frontend/apps/platform-console/src/features/tenants/ActionsPanel.tsx","","","Feature overrides","A","jsx-text","","localize"
"apps/platform-console","Frontend/apps/platform-console/src/features/tenants/ActionsPanel.tsx","","","No active feature overrides.","A","jsx-text","","localize"
"apps/platform-console","Frontend/apps/platform-console/src/features/tenants/ActionsPanel.tsx","","","Feature","A","jsx-text","","localize"
"apps/platform-console","Frontend/apps/platform-console/src/features/tenants/ActionsPanel.tsx","","","State","A","jsx-text","","localize"
"apps/platform-console","Frontend/apps/platform-console/src/features/tenants/ActionsPanel.tsx","","","Reason","A","jsx-text","","localize"
"apps/platform-console","Frontend/apps/platform-console/src/features/tenants/ActionsPanel.tsx","","","Granted by","A","jsx-text","","localize"
"apps/platform-console","Frontend/apps/platform-console/src/features/tenants/ActionsPanel.tsx","","","Expires","A","jsx-text","","localize"
"apps/platform-console","Frontend/apps/platform-console/src/features/tenants/ActionsPanel.tsx","","","mt-2 block text-sm","A","string-literal","","localize"
"apps/platform-console","Frontend/apps/platform-console/src/features/tenants/ActionsPanel.tsx","","","mt-1 w-full rounded-[var(--radius)] border border-gray-300 bg-white px-3 py-2 text-gray-900 disabled:opacity-60","A","string-literal","","localize"
"apps/platform-console","Frontend/apps/platform-console/src/features/tenants/ActionsPanel.tsx","","","Explain why this action is being taken…","A","string-literal","","localize"
"apps/platform-console","Frontend/apps/platform-console/src/features/tenants/ActionsPanel.tsx","","","border-red-200 bg-red-50 text-red-800 hover:bg-red-100","A","string-literal","","localize"
"apps/platform-console","Frontend/apps/platform-console/src/features/tenants/ActionsPanel.tsx","","","border-gray-300 bg-white text-gray-900 hover:bg-gray-50","A","string-literal","","localize"
"apps/platform-console","Frontend/apps/platform-console/src/features/tenants/ActionsPanel.tsx","","","Forbidden — your role cannot perform this action (403).","A","string-literal","","localize"
"apps/platform-console","Frontend/apps/platform-console/src/features/tenants/ActionsPanel.tsx","","","Request failed","A","string-literal","","localize"
"apps/platform-console","Frontend/apps/platform-console/src/features/tenants/ActionsPanel.tsx","","","Coupon value must be a positive number.","A","string-literal","","localize"
"apps/platform-console","Frontend/apps/platform-console/src/features/tenants/ActionsPanel.tsx","","","Expiry date is required.","A","string-literal","","localize"
"apps/platform-console","Frontend/apps/platform-console/src/features/tenants/ActionsPanel.tsx","","","No override selected.","A","string-literal","","localize"
"apps/platform-console","Frontend/apps/platform-console/src/features/tenants/ActionsPanel.tsx","",""," && status !== ","A","string-literal","","localize"
"apps/platform-console","Frontend/apps/platform-console/src/features/tenants/ActionsPanel.tsx","",""," && status !== ","A","string-literal","","localize"
"apps/platform-console","Frontend/apps/platform-console/src/features/tenants/ActionsPanel.tsx","","","Requires Platform Admin","A","string-literal","","localize"
"apps/platform-console","Frontend/apps/platform-console/src/features/tenants/ActionsPanel.tsx","","","Requires Platform Ops","A","string-literal","","localize"
"apps/platform-console","Frontend/apps/platform-console/src/features/tenants/ActionsPanel.tsx","","","rounded-[var(--radius)] border border-gray-200 bg-white p-4","A","string-literal","","localize"
"apps/platform-console","Frontend/apps/platform-console/src/features/tenants/ActionsPanel.tsx","","","text-lg font-medium","A","string-literal","","localize"
"apps/platform-console","Frontend/apps/platform-console/src/features/tenants/ActionsPanel.tsx","","","mt-1 text-xs text-gray-500","A","string-literal","","localize"
"apps/platform-console","Frontend/apps/platform-console/src/features/tenants/ActionsPanel.tsx","","","mt-4 flex flex-wrap gap-2","A","string-literal","","localize"
"apps/platform-console","Frontend/apps/platform-console/src/features/tenants/ActionsPanel.tsx","","","Force suspend","A","string-literal","","localize"
"apps/platform-console","Frontend/apps/platform-console/src/features/tenants/ActionsPanel.tsx","","","Only active, past due, or trialing subscriptions can be suspended","A","string-literal","","localize"
"apps/platform-console","Frontend/apps/platform-console/src/features/tenants/ActionsPanel.tsx","","","Force reactivate","A","string-literal","","localize"
"apps/platform-console","Frontend/apps/platform-console/src/features/tenants/ActionsPanel.tsx","","","Only suspended subscriptions can be reactivated","A","string-literal","","localize"
"apps/platform-console","Frontend/apps/platform-console/src/features/tenants/ActionsPanel.tsx","","","Extend trial","A","string-literal","","localize"
"apps/platform-console","Frontend/apps/platform-console/src/features/tenants/ActionsPanel.tsx","","","Convert to paid","A","string-literal","","localize"
"apps/platform-console","Frontend/apps/platform-console/src/features/tenants/ActionsPanel.tsx","","","Apply coupon","A","string-literal","","localize"
"apps/platform-console","Frontend/apps/platform-console/src/features/tenants/ActionsPanel.tsx","","","Change plan","A","string-literal","","localize"
"apps/platform-console","Frontend/apps/platform-console/src/features/tenants/ActionsPanel.tsx","","","Only active, past due, or trialing subscriptions can change tier","A","string-literal","","localize"
"apps/platform-console","Frontend/apps/platform-console/src/features/tenants/ActionsPanel.tsx","","","Cancel subscription","A","string-literal","","localize"
"apps/platform-console","Frontend/apps/platform-console/src/features/tenants/ActionsPanel.tsx","","","No live subscription to cancel","A","string-literal","","localize"
"apps/platform-console","Frontend/apps/platform-console/src/features/tenants/ActionsPanel.tsx","","","Undo scheduled cancellation","A","string-literal","","localize"
"apps/platform-console","Frontend/apps/platform-console/src/features/tenants/ActionsPanel.tsx","","","Restart as paid","A","string-literal","","localize"
"apps/platform-console","Frontend/apps/platform-console/src/features/tenants/ActionsPanel.tsx","","","Start new trial","A","string-literal","","localize"
"apps/platform-console","Frontend/apps/platform-console/src/features/tenants/ActionsPanel.tsx","","","text-sm font-medium text-gray-500","A","string-literal","","localize"
"apps/platform-console","Frontend/apps/platform-console/src/features/tenants/ActionsPanel.tsx","","","mt-1 space-y-1 text-sm text-gray-700","A","string-literal","","localize"
"apps/platform-console","Frontend/apps/platform-console/src/features/tenants/ActionsPanel.tsx","","","Force suspend","A","string-literal","","localize"
"apps/platform-console","Frontend/apps/platform-console/src/features/tenants/ActionsPanel.tsx","","","Suspend now","A","string-literal","","localize"
"apps/platform-console","Frontend/apps/platform-console/src/features/tenants/ActionsPanel.tsx","","","Force reactivate","A","string-literal","","localize"
"apps/platform-console","Frontend/apps/platform-console/src/features/tenants/ActionsPanel.tsx","","","Extend trial","A","string-literal","","localize"
"apps/platform-console","Frontend/apps/platform-console/src/features/tenants/ActionsPanel.tsx","","","Extend trial","A","string-literal","","localize"
"apps/platform-console","Frontend/apps/platform-console/src/features/tenants/ActionsPanel.tsx","","","mt-2 block text-sm","A","string-literal","","localize"
"apps/platform-console","Frontend/apps/platform-console/src/features/tenants/ActionsPanel.tsx","","","mt-1 w-full rounded-[var(--radius)] border border-gray-300 bg-white px-3 py-2","A","string-literal","","localize"
"apps/platform-console","Frontend/apps/platform-console/src/features/tenants/ActionsPanel.tsx","","","Apply coupon","A","string-literal","","localize"
"apps/platform-console","Frontend/apps/platform-console/src/features/tenants/ActionsPanel.tsx","","","Apply coupon","A","string-literal","","localize"
"apps/platform-console","Frontend/apps/platform-console/src/features/tenants/ActionsPanel.tsx","","","mt-2 grid gap-2 sm:grid-cols-2","A","string-literal","","localize"
"apps/platform-console","Frontend/apps/platform-console/src/features/tenants/ActionsPanel.tsx","","","mt-1 w-full rounded-[var(--radius)] border border-gray-300 bg-white px-3 py-2","A","string-literal","","localize"
"apps/platform-console","Frontend/apps/platform-console/src/features/tenants/ActionsPanel.tsx","","","mt-1 w-full rounded-[var(--radius)] border border-gray-300 bg-white px-3 py-2","A","string-literal","","localize"
"apps/platform-console","Frontend/apps/platform-console/src/features/tenants/ActionsPanel.tsx","","","mt-2 block text-sm","A","string-literal","","localize"
"apps/platform-console","Frontend/apps/platform-console/src/features/tenants/ActionsPanel.tsx","","","mt-1 w-full rounded-[var(--radius)] border border-gray-300 bg-white px-3 py-2","A","string-literal","","localize"
"apps/platform-console","Frontend/apps/platform-console/src/features/tenants/ActionsPanel.tsx","","","Change plan","A","string-literal","","localize"
"apps/platform-console","Frontend/apps/platform-console/src/features/tenants/ActionsPanel.tsx","","","}</strong> to{","A","string-literal","","localize"
"apps/platform-console","Frontend/apps/platform-console/src/features/tenants/ActionsPanel.tsx","",""," Downgrades can apply now or at the end of the current billing period.","A","string-literal","","localize"
"apps/platform-console","Frontend/apps/platform-console/src/features/tenants/ActionsPanel.tsx","","","Change plan","A","string-literal","","localize"
"apps/platform-console","Frontend/apps/platform-console/src/features/tenants/ActionsPanel.tsx","","","mt-2 block text-sm","A","string-literal","","localize"
"apps/platform-console","Frontend/apps/platform-console/src/features/tenants/ActionsPanel.tsx","","","mt-1 w-full rounded-[var(--radius)] border border-gray-300 bg-white px-3 py-2 capitalize","A","string-literal","","localize"
"apps/platform-console","Frontend/apps/platform-console/src/features/tenants/ActionsPanel.tsx","","","mt-2 flex items-center gap-2 text-sm","A","string-literal","","localize"
"apps/platform-console","Frontend/apps/platform-console/src/features/tenants/ActionsPanel.tsx","","","Cancel subscription","A","string-literal","","localize"
"apps/platform-console","Frontend/apps/platform-console/src/features/tenants/ActionsPanel.tsx","","","Cancel subscription","A","string-literal","","localize"
"apps/platform-console","Frontend/apps/platform-console/src/features/tenants/ActionsPanel.tsx","","","mt-2 flex items-center gap-2 text-sm","A","string-literal","","localize"
"apps/platform-console","Frontend/apps/platform-console/src/features/tenants/ActionsPanel.tsx","","","Undo scheduled cancellation","A","string-literal","","localize"
"apps/platform-console","Frontend/apps/platform-console/src/features/tenants/ActionsPanel.tsx","","","Undo cancellation","A","string-literal","","localize"
"apps/platform-console","Frontend/apps/platform-console/src/features/tenants/ActionsPanel.tsx","","","Convert trial to paid","A","string-literal","","localize"
"apps/platform-console","Frontend/apps/platform-console/src/features/tenants/ActionsPanel.tsx","","","Convert to paid","A","string-literal","","localize"
"apps/platform-console","Frontend/apps/platform-console/src/features/tenants/ActionsPanel.tsx","","","Restart as paid","A","string-literal","","localize"
"apps/platform-console","Frontend/apps/platform-console/src/features/tenants/ActionsPanel.tsx","","","Restart as paid","A","string-literal","","localize"
"apps/platform-console","Frontend/apps/platform-console/src/features/tenants/ActionsPanel.tsx","","","mt-2 block text-sm","A","string-literal","","localize"
"apps/platform-console","Frontend/apps/platform-console/src/features/tenants/ActionsPanel.tsx","","","mt-1 w-full rounded-[var(--radius)] border border-gray-300 bg-white px-3 py-2 capitalize","A","string-literal","","localize"
"apps/platform-console","Frontend/apps/platform-console/src/features/tenants/ActionsPanel.tsx","","","Start new trial","A","string-literal","","localize"
"apps/platform-console","Frontend/apps/platform-console/src/features/tenants/ActionsPanel.tsx","","","Start trial","A","string-literal","","localize"
"apps/platform-console","Frontend/apps/platform-console/src/features/tenants/ActionsPanel.tsx","","","mt-2 block text-sm","A","string-literal","","localize"
"apps/platform-console","Frontend/apps/platform-console/src/features/tenants/ActionsPanel.tsx","","","mt-1 w-full rounded-[var(--radius)] border border-gray-300 bg-white px-3 py-2 capitalize","A","string-literal","","localize"
"apps/platform-console","Frontend/apps/platform-console/src/features/tenants/ActionsPanel.tsx","","","mt-2 block text-sm","A","string-literal","","localize"
"apps/platform-console","Frontend/apps/platform-console/src/features/tenants/ActionsPanel.tsx","","","mt-1 w-full rounded-[var(--radius)] border border-gray-300 bg-white px-3 py-2","A","string-literal","","localize"
"apps/platform-console","Frontend/apps/platform-console/src/features/tenants/ActionsPanel.tsx","","","Add feature override","A","string-literal","","localize"
"apps/platform-console","Frontend/apps/platform-console/src/features/tenants/ActionsPanel.tsx","","","Save override","A","string-literal","","localize"
"apps/platform-console","Frontend/apps/platform-console/src/features/tenants/ActionsPanel.tsx","","","mt-2 block text-sm","A","string-literal","","localize"
"apps/platform-console","Frontend/apps/platform-console/src/features/tenants/ActionsPanel.tsx","","","mt-1 w-full rounded-[var(--radius)] border border-gray-300 bg-white px-3 py-2","A","string-literal","","localize"
"apps/platform-console","Frontend/apps/platform-console/src/features/tenants/ActionsPanel.tsx","","","mt-2 flex items-center gap-2 text-sm","A","string-literal","","localize"
"apps/platform-console","Frontend/apps/platform-console/src/features/tenants/ActionsPanel.tsx","","","mt-2 block text-sm","A","string-literal","","localize"
"apps/platform-console","Frontend/apps/platform-console/src/features/tenants/ActionsPanel.tsx","","","mt-1 w-full rounded-[var(--radius)] border border-gray-300 bg-white px-3 py-2","A","string-literal","","localize"
"apps/platform-console","Frontend/apps/platform-console/src/features/tenants/ActionsPanel.tsx","","","Revoke feature override","A","string-literal","","localize"
"apps/platform-console","Frontend/apps/platform-console/src/features/tenants/ActionsPanel.tsx","","","mt-6 border-t border-gray-200 pt-4","A","string-literal","","localize"
"apps/platform-console","Frontend/apps/platform-console/src/features/tenants/ActionsPanel.tsx","","","flex flex-wrap items-center justify-between gap-2","A","string-literal","","localize"
"apps/platform-console","Frontend/apps/platform-console/src/features/tenants/ActionsPanel.tsx","","","text-base font-medium","A","string-literal","","localize"
"apps/platform-console","Frontend/apps/platform-console/src/features/tenants/ActionsPanel.tsx","","","rounded-[var(--radius)] border border-gray-300 bg-gray-200 px-3 py-1.5 text-sm hover:bg-gray-100 disabled:opacity-50","A","string-literal","","localize"
"apps/platform-console","Frontend/apps/platform-console/src/features/tenants/ActionsPanel.tsx","","","mt-2 text-sm text-gray-500","A","string-literal","","localize"
"apps/platform-console","Frontend/apps/platform-console/src/features/tenants/ActionsPanel.tsx","","","mt-3 overflow-x-auto","A","string-literal","","localize"
"apps/platform-console","Frontend/apps/platform-console/src/features/tenants/ActionsPanel.tsx","","","min-w-full text-left text-sm","A","string-literal","","localize"
"apps/platform-console","Frontend/apps/platform-console/src/features/tenants/ActionsPanel.tsx","","","border-t border-gray-200","A","string-literal","","localize"
"apps/platform-console","Frontend/apps/platform-console/src/features/tenants/ActionsPanel.tsx","","","px-2 py-2 font-[var(--mono)]","A","string-literal","","localize"
"apps/platform-console","Frontend/apps/platform-console/src/features/tenants/ActionsPanel.tsx","","","px-2 py-2 text-gray-500","A","string-literal","","localize"
"apps/platform-console","Frontend/apps/platform-console/src/features/tenants/ActionsPanel.tsx","","","px-2 py-2 font-[var(--mono)] text-xs","A","string-literal","","localize"
"apps/platform-console","Frontend/apps/platform-console/src/features/tenants/ActionsPanel.tsx","","","text-red-600 underline disabled:opacity-50","A","string-literal","","localize"
"apps/platform-console","Frontend/apps/platform-console/src/features/tenants/AuditTrailPanel.test.ts","","","audit trail helpers","A","string-literal","","localize"
"apps/platform-console","Frontend/apps/platform-console/src/features/tenants/AuditTrailPanel.test.ts","","","maps known action keys to readable labels","A","string-literal","","localize"
"apps/platform-console","Frontend/apps/platform-console/src/features/tenants/AuditTrailPanel.test.ts","","","extracts Reason from afterJson","A","string-literal","","localize"
"apps/platform-console","Frontend/apps/platform-console/src/features/tenants/AuditTrailPanel.test.ts","","","Investigating invoice mismatch for owner","A","string-literal","","localize"
"apps/platform-console","Frontend/apps/platform-console/src/features/tenants/AuditTrailPanel.test.ts","","","produces key-by-key diff ops","A","string-literal","","localize"
"apps/platform-console","Frontend/apps/platform-console/src/features/tenants/AuditTrailPanel.test.ts","","","impersonation handoff URL","A","string-literal","","localize"
"apps/platform-console","Frontend/apps/platform-console/src/features/tenants/AuditTrailPanel.test.ts","","","puts token in query string for new-tab open","A","string-literal","","localize"
"apps/platform-console","Frontend/apps/platform-console/src/features/tenants/AuditTrailPanel.test.ts","","","computes minutes remaining","A","string-literal","","localize"
"apps/platform-console","Frontend/apps/platform-console/src/features/tenants/AuditTrailPanel.tsx","","","Audit trail","A","jsx-text","","localize"
"apps/platform-console","Frontend/apps/platform-console/src/features/tenants/AuditTrailPanel.tsx","","","No audit events yet for this tenant.","A","jsx-text","","localize"
"apps/platform-console","Frontend/apps/platform-console/src/features/tenants/AuditTrailPanel.tsx","","","When","A","jsx-text","","localize"
"apps/platform-console","Frontend/apps/platform-console/src/features/tenants/AuditTrailPanel.tsx","","","Actor","A","jsx-text","","localize"
"apps/platform-console","Frontend/apps/platform-console/src/features/tenants/AuditTrailPanel.tsx","","","Action","A","jsx-text","","localize"
"apps/platform-console","Frontend/apps/platform-console/src/features/tenants/AuditTrailPanel.tsx","","","Reason","A","jsx-text","","localize"
"apps/platform-console","Frontend/apps/platform-console/src/features/tenants/AuditTrailPanel.tsx","","","No JSON payload for this event.","A","jsx-text","","localize"
"apps/platform-console","Frontend/apps/platform-console/src/features/tenants/AuditTrailPanel.tsx","","","Key","A","jsx-text","","localize"
"apps/platform-console","Frontend/apps/platform-console/src/features/tenants/AuditTrailPanel.tsx","","","Before","A","jsx-text","","localize"
"apps/platform-console","Frontend/apps/platform-console/src/features/tenants/AuditTrailPanel.tsx","","","After","A","jsx-text","","localize"
"apps/platform-console","Frontend/apps/platform-console/src/features/tenants/AuditTrailPanel.tsx","","","Started impersonation session","A","string-literal","","localize"
"apps/platform-console","Frontend/apps/platform-console/src/features/tenants/AuditTrailPanel.tsx","","","Force-suspended subscription","A","string-literal","","localize"
"apps/platform-console","Frontend/apps/platform-console/src/features/tenants/AuditTrailPanel.tsx","","","Force-reactivated subscription","A","string-literal","","localize"
"apps/platform-console","Frontend/apps/platform-console/src/features/tenants/AuditTrailPanel.tsx","","","Extended trial","A","string-literal","","localize"
"apps/platform-console","Frontend/apps/platform-console/src/features/tenants/AuditTrailPanel.tsx","","","Extended trial","A","string-literal","","localize"
"apps/platform-console","Frontend/apps/platform-console/src/features/tenants/AuditTrailPanel.tsx","","","Applied coupon","A","string-literal","","localize"
"apps/platform-console","Frontend/apps/platform-console/src/features/tenants/AuditTrailPanel.tsx","","","Upserted feature override","A","string-literal","","localize"
"apps/platform-console","Frontend/apps/platform-console/src/features/tenants/AuditTrailPanel.tsx","","","Revoked feature override","A","string-literal","","localize"
"apps/platform-console","Frontend/apps/platform-console/src/features/tenants/AuditTrailPanel.tsx","","","Revoked feature override","A","string-literal","","localize"
"apps/platform-console","Frontend/apps/platform-console/src/features/tenants/AuditTrailPanel.tsx","","","Payment reactivated subscription","A","string-literal","","localize"
"apps/platform-console","Frontend/apps/platform-console/src/features/tenants/AuditTrailPanel.tsx","","","rounded-[var(--radius)] border border-gray-200 bg-white p-4","A","string-literal","","localize"
"apps/platform-console","Frontend/apps/platform-console/src/features/tenants/AuditTrailPanel.tsx","","","text-lg font-medium","A","string-literal","","localize"
"apps/platform-console","Frontend/apps/platform-console/src/features/tenants/AuditTrailPanel.tsx","","","mt-1 text-xs text-gray-500","A","string-literal","","localize"
"apps/platform-console","Frontend/apps/platform-console/src/features/tenants/AuditTrailPanel.tsx","","","mt-3 text-sm text-gray-500","A","string-literal","","localize"
"apps/platform-console","Frontend/apps/platform-console/src/features/tenants/AuditTrailPanel.tsx","","","mt-3 overflow-x-auto","A","string-literal","","localize"
"apps/platform-console","Frontend/apps/platform-console/src/features/tenants/AuditTrailPanel.tsx","","","min-w-full text-left text-sm","A","string-literal","","localize"
"apps/platform-console","Frontend/apps/platform-console/src/features/tenants/AuditTrailPanel.tsx","","","border-t border-gray-200 align-top","A","string-literal","","localize"
"apps/platform-console","Frontend/apps/platform-console/src/features/tenants/AuditTrailPanel.tsx","","","px-2 py-2 whitespace-nowrap text-gray-500","A","string-literal","","localize"
"apps/platform-console","Frontend/apps/platform-console/src/features/tenants/AuditTrailPanel.tsx","","","text-left underline-offset-2 hover:underline","A","string-literal","","localize"
"apps/platform-console","Frontend/apps/platform-console/src/features/tenants/AuditTrailPanel.tsx","","","font-[var(--mono)] text-xs text-gray-500","A","string-literal","","localize"
"apps/platform-console","Frontend/apps/platform-console/src/features/tenants/AuditTrailPanel.tsx","","","font-[var(--mono)] text-[10px] text-gray-400","A","string-literal","","localize"
"apps/platform-console","Frontend/apps/platform-console/src/features/tenants/AuditTrailPanel.tsx","","","px-2 py-2 text-gray-500","A","string-literal","","localize"
"apps/platform-console","Frontend/apps/platform-console/src/features/tenants/AuditTrailPanel.tsx","","","mt-3 rounded border border-gray-200 bg-white/60 p-3","A","string-literal","","localize"
"apps/platform-console","Frontend/apps/platform-console/src/features/tenants/AuditTrailPanel.tsx","","","mb-2 flex items-center justify-between","A","string-literal","","localize"
"apps/platform-console","Frontend/apps/platform-console/src/features/tenants/AuditTrailPanel.tsx","","","text-sm font-medium text-gray-800","A","string-literal","","localize"
"apps/platform-console","Frontend/apps/platform-console/src/features/tenants/AuditTrailPanel.tsx","","","text-xs text-gray-500 underline","A","string-literal","","localize"
"apps/platform-console","Frontend/apps/platform-console/src/features/tenants/AuditTrailPanel.tsx","","","text-sm text-gray-500","A","string-literal","","localize"
"apps/platform-console","Frontend/apps/platform-console/src/features/tenants/AuditTrailPanel.tsx","","","min-w-full text-left text-xs","A","string-literal","","localize"
"apps/platform-console","Frontend/apps/platform-console/src/features/tenants/AuditTrailPanel.tsx","","","px-1 py-1 font-[var(--mono)] text-gray-700","A","string-literal","","localize"
"apps/platform-console","Frontend/apps/platform-console/src/features/tenants/AuditTrailPanel.tsx","","","px-1 py-1 font-[var(--mono)] text-gray-500 break-all","A","string-literal","","localize"
"apps/platform-console","Frontend/apps/platform-console/src/features/tenants/AuditTrailPanel.tsx","","","px-1 py-1 font-[var(--mono)] text-gray-800 break-all","A","string-literal","","localize"
"apps/platform-console","Frontend/apps/platform-console/src/features/tenants/billing-helpers.test.ts","","","is 0 when there are no invoices","A","string-literal","","localize"
"apps/platform-console","Frontend/apps/platform-console/src/features/tenants/billing-helpers.test.ts","","","excludes paid and voided invoices","A","string-literal","","localize"
"apps/platform-console","Frontend/apps/platform-console/src/features/tenants/billing-helpers.test.ts","","","sums issued and overdue invoices","A","string-literal","","localize"
"apps/platform-console","Frontend/apps/platform-console/src/features/tenants/billing-helpers.test.ts","","","returns null for an empty list","A","string-literal","","localize"
"apps/platform-console","Frontend/apps/platform-console/src/features/tenants/billing-helpers.test.ts","","","returns the invoice with the latest period end","A","string-literal","","localize"
"apps/platform-console","Frontend/apps/platform-console/src/features/tenants/billing-helpers.test.ts","","",", periodEnd: ","A","string-literal","","localize"
"apps/platform-console","Frontend/apps/platform-console/src/features/tenants/billing-helpers.test.ts","","",", periodEnd: ","A","string-literal","","localize"
"apps/platform-console","Frontend/apps/platform-console/src/features/tenants/billing-helpers.ts","","","outstanding balance","A","string-literal","","localize"
"apps/platform-console","Frontend/apps/platform-console/src/features/tenants/HealthScorePanel.test.ts","","","HealthScorePanel helpers","A","string-literal","","localize"
"apps/platform-console","Frontend/apps/platform-console/src/features/tenants/HealthScorePanel.test.ts","","","Weak login + payment pressure.","A","string-literal","","localize"
"apps/platform-console","Frontend/apps/platform-console/src/features/tenants/HealthScorePanel.test.ts","","","Login frequency","A","string-literal","","localize"
"apps/platform-console","Frontend/apps/platform-console/src/features/tenants/HealthScorePanel.test.ts","","","Staff quiet for 45 day(s).","A","string-literal","","localize"
"apps/platform-console","Frontend/apps/platform-console/src/features/tenants/HealthScorePanel.test.ts","","","Payment health","A","string-literal","","localize"
"apps/platform-console","Frontend/apps/platform-console/src/features/tenants/HealthScorePanel.test.ts","","","1 unpaid invoice.","A","string-literal","","localize"
"apps/platform-console","Frontend/apps/platform-console/src/features/tenants/HealthScorePanel.test.ts","","","Well under caps.","A","string-literal","","localize"
"apps/platform-console","Frontend/apps/platform-console/src/features/tenants/HealthScorePanel.test.ts","","","returns null view when health is not yet computed","A","string-literal","","localize"
"apps/platform-console","Frontend/apps/platform-console/src/features/tenants/HealthScorePanel.test.ts","","","parses contributingFactorsJson and sorts by weight descending","A","string-literal","","localize"
"apps/platform-console","Frontend/apps/platform-console/src/features/tenants/HealthScorePanel.test.ts","","","maps keys to readable labels when API label missing","A","string-literal","","localize"
"apps/platform-console","Frontend/apps/platform-console/src/features/tenants/HealthScorePanel.test.ts","","","Owner login frequency","A","string-literal","","localize"
"apps/platform-console","Frontend/apps/platform-console/src/features/tenants/HealthScorePanel.test.ts","","","Login frequency","A","string-literal","","localize"
"apps/platform-console","Frontend/apps/platform-console/src/features/tenants/HealthScorePanel.test.ts","","","Login frequency","A","string-literal","","localize"
"apps/platform-console","Frontend/apps/platform-console/src/features/tenants/HealthScorePanel.test.ts","","","derives impact from signal score","A","string-literal","","localize"
"apps/platform-console","Frontend/apps/platform-console/src/features/tenants/HealthScorePanel.tsx","","","Health score","A","jsx-text","","localize"
"apps/platform-console","Frontend/apps/platform-console/src/features/tenants/HealthScorePanel.tsx","","","Not yet computed","A","jsx-text","","localize"
"apps/platform-console","Frontend/apps/platform-console/src/features/tenants/HealthScorePanel.tsx","","","Why this score","A","jsx-text","","localize"
"apps/platform-console","Frontend/apps/platform-console/src/features/tenants/HealthScorePanel.tsx","","","Owner login frequency","A","string-literal","","localize"
"apps/platform-console","Frontend/apps/platform-console/src/features/tenants/HealthScorePanel.tsx","","","Feature breadth","A","string-literal","","localize"
"apps/platform-console","Frontend/apps/platform-console/src/features/tenants/HealthScorePanel.tsx","","","Payment health","A","string-literal","","localize"
"apps/platform-console","Frontend/apps/platform-console/src/features/tenants/HealthScorePanel.tsx","","","Member-base trend","A","string-literal","","localize"
"apps/platform-console","Frontend/apps/platform-console/src/features/tenants/HealthScorePanel.tsx","","","Support ticket volume","A","string-literal","","localize"
"apps/platform-console","Frontend/apps/platform-console/src/features/tenants/HealthScorePanel.tsx","","","Usage vs. plan caps","A","string-literal","","localize"
"apps/platform-console","Frontend/apps/platform-console/src/features/tenants/HealthScorePanel.tsx","","","Signal unavailable","A","string-literal","","localize"
"apps/platform-console","Frontend/apps/platform-console/src/features/tenants/HealthScorePanel.tsx","","","inline-flex h-6 w-6 items-center justify-center rounded bg-emerald-50 text-sm font-bold text-emerald-700","A","string-literal","","localize"
"apps/platform-console","Frontend/apps/platform-console/src/features/tenants/HealthScorePanel.tsx","","","inline-flex h-6 w-6 items-center justify-center rounded bg-red-50 text-sm font-bold text-red-600","A","string-literal","","localize"
"apps/platform-console","Frontend/apps/platform-console/src/features/tenants/HealthScorePanel.tsx","","","inline-flex h-6 w-6 items-center justify-center rounded bg-gray-200 text-sm font-bold text-gray-500","A","string-literal","","localize"
"apps/platform-console","Frontend/apps/platform-console/src/features/tenants/HealthScorePanel.tsx","","","rounded-[var(--radius)] border border-gray-200 bg-white p-4","A","string-literal","","localize"
"apps/platform-console","Frontend/apps/platform-console/src/features/tenants/HealthScorePanel.tsx","","","text-lg font-medium","A","string-literal","","localize"
"apps/platform-console","Frontend/apps/platform-console/src/features/tenants/HealthScorePanel.tsx","","","mt-3 rounded border border-dashed border-gray-200 bg-white/40 px-4 py-6 text-center","A","string-literal","","localize"
"apps/platform-console","Frontend/apps/platform-console/src/features/tenants/HealthScorePanel.tsx","","","text-base font-medium text-gray-800","A","string-literal","","localize"
"apps/platform-console","Frontend/apps/platform-console/src/features/tenants/HealthScorePanel.tsx","","","mt-1 text-sm text-gray-500","A","string-literal","","localize"
"apps/platform-console","Frontend/apps/platform-console/src/features/tenants/HealthScorePanel.tsx","","","mt-3 flex flex-wrap items-end gap-4","A","string-literal","","localize"
"apps/platform-console","Frontend/apps/platform-console/src/features/tenants/HealthScorePanel.tsx","","","font-[var(--mono)] text-5xl font-semibold tabular-nums leading-none text-gray-900","A","string-literal","","localize"
"apps/platform-console","Frontend/apps/platform-console/src/features/tenants/HealthScorePanel.tsx","","","flex flex-col gap-1 pb-1","A","string-literal","","localize"
"apps/platform-console","Frontend/apps/platform-console/src/features/tenants/HealthScorePanel.tsx","","","text-xs text-gray-500","A","string-literal","","localize"
"apps/platform-console","Frontend/apps/platform-console/src/features/tenants/HealthScorePanel.tsx","","","ml-auto pb-1 text-xs text-gray-500","A","string-literal","","localize"
"apps/platform-console","Frontend/apps/platform-console/src/features/tenants/HealthScorePanel.tsx","","","mt-3 text-sm text-gray-700","A","string-literal","","localize"
"apps/platform-console","Frontend/apps/platform-console/src/features/tenants/HealthScorePanel.tsx","","","mt-5 text-sm font-medium text-gray-500","A","string-literal","","localize"
"apps/platform-console","Frontend/apps/platform-console/src/features/tenants/HealthScorePanel.tsx","","","mt-2 text-sm text-gray-500","A","string-literal","","localize"
"apps/platform-console","Frontend/apps/platform-console/src/features/tenants/HealthScorePanel.tsx","","","mt-2 divide-y divide-gray-200","A","string-literal","","localize"
"apps/platform-console","Frontend/apps/platform-console/src/features/tenants/HealthScorePanel.tsx","","","flex items-start gap-3 py-2.5","A","string-literal","","localize"
"apps/platform-console","Frontend/apps/platform-console/src/features/tenants/HealthScorePanel.tsx","","","min-w-0 flex-1","A","string-literal","","localize"
"apps/platform-console","Frontend/apps/platform-console/src/features/tenants/HealthScorePanel.tsx","","","flex flex-wrap items-baseline justify-between gap-2","A","string-literal","","localize"
"apps/platform-console","Frontend/apps/platform-console/src/features/tenants/HealthScorePanel.tsx","","","text-sm font-medium text-gray-900","A","string-literal","","localize"
"apps/platform-console","Frontend/apps/platform-console/src/features/tenants/HealthScorePanel.tsx","","","font-[var(--mono)] text-xs text-gray-500","A","string-literal","","localize"
"apps/platform-console","Frontend/apps/platform-console/src/features/tenants/HealthScorePanel.tsx","",""," · unavailable","A","string-literal","","localize"
"apps/platform-console","Frontend/apps/platform-console/src/features/tenants/HealthScorePanel.tsx","","","mt-0.5 text-sm text-gray-500","A","string-literal","","localize"
"apps/platform-console","Frontend/apps/platform-console/src/features/tenants/HealthTab.tsx","","","Health","A","jsx-text","","localize"
"apps/platform-console","Frontend/apps/platform-console/src/features/tenants/HealthTab.tsx","","","Not yet computed","A","jsx-text","","localize"
"apps/platform-console","Frontend/apps/platform-console/src/features/tenants/HealthTab.tsx","","","Health Score","A","jsx-text","","localize"
"apps/platform-console","Frontend/apps/platform-console/src/features/tenants/HealthTab.tsx","","","Confidence","A","jsx-text","","localize"
"apps/platform-console","Frontend/apps/platform-console/src/features/tenants/HealthTab.tsx","","","Why This Score","A","jsx-text","","localize"
"apps/platform-console","Frontend/apps/platform-console/src/features/tenants/HealthTab.tsx","","","flex flex-wrap items-baseline justify-between gap-2","A","string-literal","","localize"
"apps/platform-console","Frontend/apps/platform-console/src/features/tenants/HealthTab.tsx","","","text-sm font-medium text-gray-900","A","string-literal","","localize"
"apps/platform-console","Frontend/apps/platform-console/src/features/tenants/HealthTab.tsx","","","font-[var(--mono)] text-xs text-gray-500","A","string-literal","","localize"
"apps/platform-console","Frontend/apps/platform-console/src/features/tenants/HealthTab.tsx","",""," · unavailable","A","string-literal","","localize"
"apps/platform-console","Frontend/apps/platform-console/src/features/tenants/HealthTab.tsx","","","mt-0.5 text-sm text-gray-500","A","string-literal","","localize"
"apps/platform-console","Frontend/apps/platform-console/src/features/tenants/HealthTab.tsx","","","mt-2 text-sm text-gray-500","A","string-literal","","localize"
"apps/platform-console","Frontend/apps/platform-console/src/features/tenants/HealthTab.tsx","","","mt-1 divide-y divide-gray-200","A","string-literal","","localize"
"apps/platform-console","Frontend/apps/platform-console/src/features/tenants/HealthTab.tsx","","","rounded-[var(--radius)] border border-gray-200 bg-white p-4","A","string-literal","","localize"
"apps/platform-console","Frontend/apps/platform-console/src/features/tenants/HealthTab.tsx","","","text-lg font-medium","A","string-literal","","localize"
"apps/platform-console","Frontend/apps/platform-console/src/features/tenants/HealthTab.tsx","","","mt-3 rounded border border-dashed border-gray-200 bg-white/40 px-4 py-6 text-center","A","string-literal","","localize"
"apps/platform-console","Frontend/apps/platform-console/src/features/tenants/HealthTab.tsx","","","text-base font-medium text-gray-800","A","string-literal","","localize"
"apps/platform-console","Frontend/apps/platform-console/src/features/tenants/HealthTab.tsx","","","mt-1 text-sm text-gray-500","A","string-literal","","localize"
"apps/platform-console","Frontend/apps/platform-console/src/features/tenants/HealthTab.tsx","","","flex flex-col gap-4","A","string-literal","","localize"
"apps/platform-console","Frontend/apps/platform-console/src/features/tenants/HealthTab.tsx","","","rounded-[var(--radius)] border border-gray-200 bg-white p-4","A","string-literal","","localize"
"apps/platform-console","Frontend/apps/platform-console/src/features/tenants/HealthTab.tsx","","","text-lg font-medium","A","string-literal","","localize"
"apps/platform-console","Frontend/apps/platform-console/src/features/tenants/HealthTab.tsx","","","mt-1 text-xs text-gray-500","A","string-literal","","localize"
"apps/platform-console","Frontend/apps/platform-console/src/features/tenants/HealthTab.tsx","","","mt-4 flex flex-wrap items-end gap-4","A","string-literal","","localize"
"apps/platform-console","Frontend/apps/platform-console/src/features/tenants/HealthTab.tsx","","","font-[var(--mono)] text-5xl font-semibold tabular-nums leading-none text-gray-900","A","string-literal","","localize"
"apps/platform-console","Frontend/apps/platform-console/src/features/tenants/HealthTab.tsx","","","text-lg text-gray-500","A","string-literal","","localize"
"apps/platform-console","Frontend/apps/platform-console/src/features/tenants/HealthTab.tsx","","","flex flex-col gap-1 pb-1","A","string-literal","","localize"
"apps/platform-console","Frontend/apps/platform-console/src/features/tenants/HealthTab.tsx","","","text-xs text-gray-500","A","string-literal","","localize"
"apps/platform-console","Frontend/apps/platform-console/src/features/tenants/HealthTab.tsx","","","ml-auto pb-1 text-right","A","string-literal","","localize"
"apps/platform-console","Frontend/apps/platform-console/src/features/tenants/HealthTab.tsx","","","text-xs uppercase tracking-wide text-gray-500","A","string-literal","","localize"
"apps/platform-console","Frontend/apps/platform-console/src/features/tenants/HealthTab.tsx","","","text-sm font-medium text-gray-800","A","string-literal","","localize"
"apps/platform-console","Frontend/apps/platform-console/src/features/tenants/HealthTab.tsx","","","ml-1 font-[var(--mono)] text-xs text-gray-500","A","string-literal","","localize"
"apps/platform-console","Frontend/apps/platform-console/src/features/tenants/HealthTab.tsx","","","mt-3 text-sm text-gray-700","A","string-literal","","localize"
"apps/platform-console","Frontend/apps/platform-console/src/features/tenants/HealthTab.tsx","","","rounded-[var(--radius)] border border-gray-200 bg-white p-4","A","string-literal","","localize"
"apps/platform-console","Frontend/apps/platform-console/src/features/tenants/HealthTab.tsx","","","text-lg font-medium","A","string-literal","","localize"
"apps/platform-console","Frontend/apps/platform-console/src/features/tenants/HealthTab.tsx","","","mt-1 text-xs text-gray-500","A","string-literal","","localize"
"apps/platform-console","Frontend/apps/platform-console/src/features/tenants/HealthTab.tsx","","","mt-4 flex flex-col gap-5","A","string-literal","","localize"
"apps/platform-console","Frontend/apps/platform-console/src/features/tenants/HealthTab.tsx","","","No signals currently positive.","A","string-literal","","localize"
"apps/platform-console","Frontend/apps/platform-console/src/features/tenants/HealthTab.tsx","","","No unavailable or borderline signals.","A","string-literal","","localize"
"apps/platform-console","Frontend/apps/platform-console/src/features/tenants/HealthTab.tsx","","","No signals currently negative.","A","string-literal","","localize"
"apps/platform-console","Frontend/apps/platform-console/src/features/tenants/ImpersonateButton.tsx","","","Popup blocked — allow popups for this site, then try again. Your platform session was not altered.","A","string-literal","","localize"
"apps/platform-console","Frontend/apps/platform-console/src/features/tenants/ImpersonateButton.tsx","","","Forbidden — your role cannot impersonate (403).","A","string-literal","","localize"
"apps/platform-console","Frontend/apps/platform-console/src/features/tenants/ImpersonateButton.tsx","","","Impersonation failed","A","string-literal","","localize"
"apps/platform-console","Frontend/apps/platform-console/src/features/tenants/ImpersonateButton.tsx","","","Start support impersonation","A","string-literal","","localize"
"apps/platform-console","Frontend/apps/platform-console/src/features/tenants/ImpersonateButton.tsx","","","text-xs text-amber-800/90","A","string-literal","","localize"
"apps/platform-console","Frontend/apps/platform-console/src/features/tenants/ImpersonateButton.tsx","","","Start impersonation","A","string-literal","","localize"
"apps/platform-console","Frontend/apps/platform-console/src/features/tenants/ImpersonateButton.tsx","","","mt-2 block text-sm","A","string-literal","","localize"
"apps/platform-console","Frontend/apps/platform-console/src/features/tenants/ImpersonateButton.tsx","","","mt-1 w-full rounded-[var(--radius)] border border-gray-300 bg-white px-3 py-2 text-gray-900 disabled:opacity-60","A","string-literal","","localize"
"apps/platform-console","Frontend/apps/platform-console/src/features/tenants/ImpersonateButton.tsx","","","e.g. Investigating owner-reported billing mismatch on July invoice…","A","string-literal","","localize"
"apps/platform-console","Frontend/apps/platform-console/src/features/tenants/provision-form.test.ts","","","provision form validation","A","string-literal","","localize"
"apps/platform-console","Frontend/apps/platform-console/src/features/tenants/provision-form.test.ts","","","requires core fields and password min 8","A","string-literal","","localize"
"apps/platform-console","Frontend/apps/platform-console/src/features/tenants/provision-form.test.ts","","","rejects short password and bad emails","A","string-literal","","localize"
"apps/platform-console","Frontend/apps/platform-console/src/features/tenants/provision-form.test.ts","","","builds body omitting blank optionals (never invents password)","A","string-literal","","localize"
"apps/platform-console","Frontend/apps/platform-console/src/features/tenants/provision-form.test.ts","","","Owner One","A","string-literal","","localize"
"apps/platform-console","Frontend/apps/platform-console/src/features/tenants/provision-form.test.ts","","","provision role gate","A","string-literal","","localize"
"apps/platform-console","Frontend/apps/platform-console/src/features/tenants/provision-form.test.ts","","","Support cannot provision; Ops and Admin can","A","string-literal","","localize"
"apps/platform-console","Frontend/apps/platform-console/src/features/tenants/provision-form.ts","","","Gym name is required.","A","string-literal","","localize"
"apps/platform-console","Frontend/apps/platform-console/src/features/tenants/provision-form.ts","","","City is required.","A","string-literal","","localize"
"apps/platform-console","Frontend/apps/platform-console/src/features/tenants/provision-form.ts","","","Phone number is required.","A","string-literal","","localize"
"apps/platform-console","Frontend/apps/platform-console/src/features/tenants/provision-form.ts","","","Gym email is required.","A","string-literal","","localize"
"apps/platform-console","Frontend/apps/platform-console/src/features/tenants/provision-form.ts","","","Enter a valid gym email.","A","string-literal","","localize"
"apps/platform-console","Frontend/apps/platform-console/src/features/tenants/provision-form.ts","","","Owner full name is required.","A","string-literal","","localize"
"apps/platform-console","Frontend/apps/platform-console/src/features/tenants/provision-form.ts","","","Owner email is required.","A","string-literal","","localize"
"apps/platform-console","Frontend/apps/platform-console/src/features/tenants/provision-form.ts","","","Enter a valid owner email.","A","string-literal","","localize"
"apps/platform-console","Frontend/apps/platform-console/src/features/tenants/provision-form.ts","","","Owner password is required.","A","string-literal","","localize"
"apps/platform-console","Frontend/apps/platform-console/src/features/tenants/provision-form.ts","","","Password must be at least 8 characters.","A","string-literal","","localize"
"apps/platform-console","Frontend/apps/platform-console/src/features/tenants/provision-form.ts","","","Choose a valid plan tier.","A","string-literal","","localize"
"apps/platform-console","Frontend/apps/platform-console/src/features/tenants/provision-form.ts","","","Trial duration must be between 1 and 90 days.","A","string-literal","","localize"
"apps/platform-console","Frontend/apps/platform-console/src/features/tenants/ProvisionGymDialog.tsx","","","Failed to load plans. Close and retry.","A","jsx-text","","localize"
"apps/platform-console","Frontend/apps/platform-console/src/features/tenants/ProvisionGymDialog.tsx","","","No plans are currently active for new sales.","A","jsx-text","","localize"
"apps/platform-console","Frontend/apps/platform-console/src/features/tenants/ProvisionGymDialog.tsx","","","Active","A","jsx-text","","localize"
"apps/platform-console","Frontend/apps/platform-console/src/features/tenants/ProvisionGymDialog.tsx","","","Cancelled","A","jsx-text","","localize"
"apps/platform-console","Frontend/apps/platform-console/src/features/tenants/ProvisionGymDialog.tsx","","","Business","A","jsx-text","","localize"
"apps/platform-console","Frontend/apps/platform-console/src/features/tenants/ProvisionGymDialog.tsx","","","Owner","A","jsx-text","","localize"
"apps/platform-console","Frontend/apps/platform-console/src/features/tenants/ProvisionGymDialog.tsx","","","Plan","A","jsx-text","","localize"
"apps/platform-console","Frontend/apps/platform-console/src/features/tenants/ProvisionGymDialog.tsx","","","Trial","A","jsx-text","","localize"
"apps/platform-console","Frontend/apps/platform-console/src/features/tenants/ProvisionGymDialog.tsx","","","Tenant created","A","jsx-text","","localize"
"apps/platform-console","Frontend/apps/platform-console/src/features/tenants/ProvisionGymDialog.tsx","","","Gym code","A","jsx-text","","localize"
"apps/platform-console","Frontend/apps/platform-console/src/features/tenants/ProvisionGymDialog.tsx","","","Owner","A","jsx-text","","localize"
"apps/platform-console","Frontend/apps/platform-console/src/features/tenants/ProvisionGymDialog.tsx","","","Plan","A","jsx-text","","localize"
"apps/platform-console","Frontend/apps/platform-console/src/features/tenants/ProvisionGymDialog.tsx","","","Trial","A","jsx-text","","localize"
"apps/platform-console","Frontend/apps/platform-console/src/features/tenants/ProvisionGymDialog.tsx","","","flex flex-col gap-1 text-sm","A","string-literal","","localize"
"apps/platform-console","Frontend/apps/platform-console/src/features/tenants/ProvisionGymDialog.tsx","","","font-medium text-gray-700","A","string-literal","","localize"
"apps/platform-console","Frontend/apps/platform-console/src/features/tenants/ProvisionGymDialog.tsx","","","text-xs text-gray-400","A","string-literal","","localize"
"apps/platform-console","Frontend/apps/platform-console/src/features/tenants/ProvisionGymDialog.tsx","","","text-xs text-red-600","A","string-literal","","localize"
"apps/platform-console","Frontend/apps/platform-console/src/features/tenants/ProvisionGymDialog.tsx","",""," : value.toLocaleString(","A","string-literal","","localize"
"apps/platform-console","Frontend/apps/platform-console/src/features/tenants/ProvisionGymDialog.tsx","","","Forbidden — Requires Platform Ops (403).","A","string-literal","","localize"
"apps/platform-console","Frontend/apps/platform-console/src/features/tenants/ProvisionGymDialog.tsx","","","Provisioning failed","A","string-literal","","localize"
"apps/platform-console","Frontend/apps/platform-console/src/features/tenants/ProvisionGymDialog.tsx","","","Choose a plan.","A","string-literal","","localize"
"apps/platform-console","Frontend/apps/platform-console/src/features/tenants/ProvisionGymDialog.tsx","","","flex max-h-[90vh] flex-col gap-3 overflow-y-auto p-5","A","string-literal","","localize"
"apps/platform-console","Frontend/apps/platform-console/src/features/tenants/ProvisionGymDialog.tsx","","","text-lg font-bold text-gray-900","A","string-literal","","localize"
"apps/platform-console","Frontend/apps/platform-console/src/features/tenants/ProvisionGymDialog.tsx","","","Tenant created","A","string-literal","","localize"
"apps/platform-console","Frontend/apps/platform-console/src/features/tenants/ProvisionGymDialog.tsx","","","Create Tenant","A","string-literal","","localize"
"apps/platform-console","Frontend/apps/platform-console/src/features/tenants/ProvisionGymDialog.tsx","","","mt-1 text-sm text-gray-500","A","string-literal","","localize"
"apps/platform-console","Frontend/apps/platform-console/src/features/tenants/ProvisionGymDialog.tsx","","","Provisioning finished. Review the outcome below.","A","string-literal","","localize"
"apps/platform-console","Frontend/apps/platform-console/src/features/tenants/ProvisionGymDialog.tsx","","","Creates a gym tenant, Owner account with an initial password, and starts the platform trial.","A","string-literal","","localize"
"apps/platform-console","Frontend/apps/platform-console/src/features/tenants/ProvisionGymDialog.tsx","","","Provisioning steps","A","string-literal","","localize"
"apps/platform-console","Frontend/apps/platform-console/src/features/tenants/ProvisionGymDialog.tsx","","","grid gap-3 sm:grid-cols-2","A","string-literal","","localize"
"apps/platform-console","Frontend/apps/platform-console/src/features/tenants/ProvisionGymDialog.tsx","","","Gym name *","A","string-literal","","localize"
"apps/platform-console","Frontend/apps/platform-console/src/features/tenants/ProvisionGymDialog.tsx","","","Gym code","A","string-literal","","localize"
"apps/platform-console","Frontend/apps/platform-console/src/features/tenants/ProvisionGymDialog.tsx","","","Leave blank to auto-generate.","A","string-literal","","localize"
"apps/platform-console","Frontend/apps/platform-console/src/features/tenants/ProvisionGymDialog.tsx","","","Auto if blank","A","string-literal","","localize"
"apps/platform-console","Frontend/apps/platform-console/src/features/tenants/ProvisionGymDialog.tsx","","","City *","A","string-literal","","localize"
"apps/platform-console","Frontend/apps/platform-console/src/features/tenants/ProvisionGymDialog.tsx","","","Phone *","A","string-literal","","localize"
"apps/platform-console","Frontend/apps/platform-console/src/features/tenants/ProvisionGymDialog.tsx","","","Email *","A","string-literal","","localize"
"apps/platform-console","Frontend/apps/platform-console/src/features/tenants/ProvisionGymDialog.tsx","","","Name (Arabic)","A","string-literal","","localize"
"apps/platform-console","Frontend/apps/platform-console/src/features/tenants/ProvisionGymDialog.tsx","","","Time zone","A","string-literal","","localize"
"apps/platform-console","Frontend/apps/platform-console/src/features/tenants/ProvisionGymDialog.tsx","","","Optional. Defaults on the server.","A","string-literal","","localize"
"apps/platform-console","Frontend/apps/platform-console/src/features/tenants/ProvisionGymDialog.tsx","","","flex flex-col gap-4","A","string-literal","","localize"
"apps/platform-console","Frontend/apps/platform-console/src/features/tenants/ProvisionGymDialog.tsx","","","rounded-[var(--radius)] border border-blue-200 bg-blue-50 px-3 py-2 text-sm text-blue-900","A","string-literal","","localize"
"apps/platform-console","Frontend/apps/platform-console/src/features/tenants/ProvisionGymDialog.tsx","","","grid gap-3 sm:grid-cols-2","A","string-literal","","localize"
"apps/platform-console","Frontend/apps/platform-console/src/features/tenants/ProvisionGymDialog.tsx","","","Owner full name *","A","string-literal","","localize"
"apps/platform-console","Frontend/apps/platform-console/src/features/tenants/ProvisionGymDialog.tsx","","","Owner email *","A","string-literal","","localize"
"apps/platform-console","Frontend/apps/platform-console/src/features/tenants/ProvisionGymDialog.tsx","","","Initial password * (min 8)","A","string-literal","","localize"
"apps/platform-console","Frontend/apps/platform-console/src/features/tenants/ProvisionGymDialog.tsx","","","rounded-[var(--radius)] border border-dashed border-amber-300 bg-amber-50/80 px-3 py-3 text-sm","A","string-literal","","localize"
"apps/platform-console","Frontend/apps/platform-console/src/features/tenants/ProvisionGymDialog.tsx","","","font-semibold text-amber-900","A","string-literal","","localize"
"apps/platform-console","Frontend/apps/platform-console/src/features/tenants/ProvisionGymDialog.tsx","","","mt-1 text-amber-800","A","string-literal","","localize"
"apps/platform-console","Frontend/apps/platform-console/src/features/tenants/ProvisionGymDialog.tsx","","","flex flex-col gap-3","A","string-literal","","localize"
"apps/platform-console","Frontend/apps/platform-console/src/features/tenants/ProvisionGymDialog.tsx","","","text-sm text-gray-500","A","string-literal","","localize"
"apps/platform-console","Frontend/apps/platform-console/src/features/tenants/ProvisionGymDialog.tsx","","","text-sm text-gray-500","A","string-literal","","localize"
"apps/platform-console","Frontend/apps/platform-console/src/features/tenants/ProvisionGymDialog.tsx","","","text-sm text-red-600","A","string-literal","","localize"
"apps/platform-console","Frontend/apps/platform-console/src/features/tenants/ProvisionGymDialog.tsx","","","text-sm text-amber-800","A","string-literal","","localize"
"apps/platform-console","Frontend/apps/platform-console/src/features/tenants/ProvisionGymDialog.tsx","","","grid gap-2 sm:grid-cols-2","A","string-literal","","localize"
"apps/platform-console","Frontend/apps/platform-console/src/features/tenants/ProvisionGymDialog.tsx","","","border-blue-600 bg-blue-50 ring-2 ring-blue-200","A","string-literal","","localize"
"apps/platform-console","Frontend/apps/platform-console/src/features/tenants/ProvisionGymDialog.tsx","","","border-gray-200 bg-white hover:border-gray-300","A","string-literal","","localize"
"apps/platform-console","Frontend/apps/platform-console/src/features/tenants/ProvisionGymDialog.tsx","","","font-bold text-gray-900","A","string-literal","","localize"
"apps/platform-console","Frontend/apps/platform-console/src/features/tenants/ProvisionGymDialog.tsx","","","mt-1 font-[var(--mono)] text-sm tabular-nums text-gray-700","A","string-literal","","localize"
"apps/platform-console","Frontend/apps/platform-console/src/features/tenants/ProvisionGymDialog.tsx","","","text-xs font-normal text-gray-400","A","string-literal","","localize"
"apps/platform-console","Frontend/apps/platform-console/src/features/tenants/ProvisionGymDialog.tsx","","","text-xs text-gray-500","A","string-literal","","localize"
"apps/platform-console","Frontend/apps/platform-console/src/features/tenants/ProvisionGymDialog.tsx","","","text-xs text-red-600","A","string-literal","","localize"
"apps/platform-console","Frontend/apps/platform-console/src/features/tenants/ProvisionGymDialog.tsx","","","flex flex-col gap-3","A","string-literal","","localize"
"apps/platform-console","Frontend/apps/platform-console/src/features/tenants/ProvisionGymDialog.tsx","","","Trial duration (days)","A","string-literal","","localize"
"apps/platform-console","Frontend/apps/platform-console/src/features/tenants/ProvisionGymDialog.tsx","","","cp-card p-4 text-sm","A","string-literal","","localize"
"apps/platform-console","Frontend/apps/platform-console/src/features/tenants/ProvisionGymDialog.tsx","","","mt-2 text-gray-500","A","string-literal","","localize"
"apps/platform-console","Frontend/apps/platform-console/src/features/tenants/ProvisionGymDialog.tsx","","","flex flex-col gap-3 text-sm","A","string-literal","","localize"
"apps/platform-console","Frontend/apps/platform-console/src/features/tenants/ProvisionGymDialog.tsx","","","cp-card divide-y divide-gray-100","A","string-literal","","localize"
"apps/platform-console","Frontend/apps/platform-console/src/features/tenants/ProvisionGymDialog.tsx","","","grid gap-1 p-3 sm:grid-cols-2","A","string-literal","","localize"
"apps/platform-console","Frontend/apps/platform-console/src/features/tenants/ProvisionGymDialog.tsx","","","font-semibold text-gray-500","A","string-literal","","localize"
"apps/platform-console","Frontend/apps/platform-console/src/features/tenants/ProvisionGymDialog.tsx","","","font-semibold text-gray-900","A","string-literal","","localize"
"apps/platform-console","Frontend/apps/platform-console/src/features/tenants/ProvisionGymDialog.tsx","","","font-[var(--mono)] text-xs text-gray-400","A","string-literal","","localize"
"apps/platform-console","Frontend/apps/platform-console/src/features/tenants/ProvisionGymDialog.tsx","","","grid gap-1 p-3 sm:grid-cols-2","A","string-literal","","localize"
"apps/platform-console","Frontend/apps/platform-console/src/features/tenants/ProvisionGymDialog.tsx","","","font-semibold text-gray-500","A","string-literal","","localize"
"apps/platform-console","Frontend/apps/platform-console/src/features/tenants/ProvisionGymDialog.tsx","","","font-semibold text-gray-900","A","string-literal","","localize"
"apps/platform-console","Frontend/apps/platform-console/src/features/tenants/ProvisionGymDialog.tsx","","","mt-1 text-xs text-blue-800","A","string-literal","","localize"
"apps/platform-console","Frontend/apps/platform-console/src/features/tenants/ProvisionGymDialog.tsx","","","grid gap-1 p-3 sm:grid-cols-2","A","string-literal","","localize"
"apps/platform-console","Frontend/apps/platform-console/src/features/tenants/ProvisionGymDialog.tsx","","","font-semibold text-gray-500","A","string-literal","","localize"
"apps/platform-console","Frontend/apps/platform-console/src/features/tenants/ProvisionGymDialog.tsx","","","grid gap-1 p-3 sm:grid-cols-2","A","string-literal","","localize"
"apps/platform-console","Frontend/apps/platform-console/src/features/tenants/ProvisionGymDialog.tsx","","","font-semibold text-gray-500","A","string-literal","","localize"
"apps/platform-console","Frontend/apps/platform-console/src/features/tenants/ProvisionGymDialog.tsx","","","grid gap-1 p-3 sm:grid-cols-2","A","string-literal","","localize"
"apps/platform-console","Frontend/apps/platform-console/src/features/tenants/ProvisionGymDialog.tsx","","","font-semibold text-gray-500","A","string-literal","","localize"
"apps/platform-console","Frontend/apps/platform-console/src/features/tenants/ProvisionGymDialog.tsx","","","flex flex-col gap-3 text-sm","A","string-literal","","localize"
"apps/platform-console","Frontend/apps/platform-console/src/features/tenants/ProvisionGymDialog.tsx","","","rounded-[var(--radius)] border border-emerald-200 bg-emerald-50 px-3 py-3 text-emerald-900","A","string-literal","","localize"
"apps/platform-console","Frontend/apps/platform-console/src/features/tenants/ProvisionGymDialog.tsx","","","mt-2 grid gap-2 sm:grid-cols-2","A","string-literal","","localize"
"apps/platform-console","Frontend/apps/platform-console/src/features/tenants/ProvisionGymDialog.tsx","","","font-[var(--mono)] font-semibold","A","string-literal","","localize"
"apps/platform-console","Frontend/apps/platform-console/src/features/tenants/ProvisionGymDialog.tsx","","","rounded-[var(--radius)] border border-amber-200 bg-amber-50 px-3 py-2 text-amber-900","A","string-literal","","localize"
"apps/platform-console","Frontend/apps/platform-console/src/features/tenants/ProvisionGymDialog.tsx","","","rounded border border-red-200 bg-red-50 px-3 py-2 text-sm text-red-800","A","string-literal","","localize"
"apps/platform-console","Frontend/apps/platform-console/src/features/tenants/ProvisionGymDialog.tsx","","","mt-1 flex flex-wrap justify-between gap-2","A","string-literal","","localize"
"apps/platform-console","Frontend/apps/platform-console/src/features/tenants/ProvisionGymDialog.tsx","","","cp-btn cp-btn-ghost","A","string-literal","","localize"
"apps/platform-console","Frontend/apps/platform-console/src/features/tenants/ProvisionGymDialog.tsx","","","flex flex-wrap gap-2","A","string-literal","","localize"
"apps/platform-console","Frontend/apps/platform-console/src/features/tenants/ProvisionGymDialog.tsx","","","cp-btn cp-btn-secondary","A","string-literal","","localize"
"apps/platform-console","Frontend/apps/platform-console/src/features/tenants/ProvisionGymDialog.tsx","","","cp-btn cp-btn-primary","A","string-literal","","localize"
"apps/platform-console","Frontend/apps/platform-console/src/features/tenants/ProvisionGymDialog.tsx","","","cp-btn cp-btn-secondary","A","string-literal","","localize"
"apps/platform-console","Frontend/apps/platform-console/src/features/tenants/ProvisionGymDialog.tsx","","","cp-btn cp-btn-primary","A","string-literal","","localize"
"apps/platform-console","Frontend/apps/platform-console/src/features/tenants/ProvisionGymDialog.tsx","","","Create Tenant","A","string-literal","","localize"
"apps/platform-console","Frontend/apps/platform-console/src/features/tenants/ProvisionGymDialog.tsx","","","cp-btn cp-btn-primary","A","string-literal","","localize"
"apps/platform-console","Frontend/apps/platform-console/src/features/tenants/StaffUsersPanel.test.ts","","","StaffUsersPanel helpers","A","string-literal","","localize"
"apps/platform-console","Frontend/apps/platform-console/src/features/tenants/StaffUsersPanel.test.ts","","",", fullName: ","A","string-literal","","localize"
"apps/platform-console","Frontend/apps/platform-console/src/features/tenants/StaffUsersPanel.test.ts","","",", email: ","A","string-literal","","localize"
"apps/platform-console","Frontend/apps/platform-console/src/features/tenants/StaffUsersPanel.test.ts","","",", role: ","A","string-literal","","localize"
"apps/platform-console","Frontend/apps/platform-console/src/features/tenants/StaffUsersPanel.test.ts","","",", isActive: true, createdAtUtc: ","A","string-literal","","localize"
"apps/platform-console","Frontend/apps/platform-console/src/features/tenants/StaffUsersPanel.test.ts","","",", fullName: ","A","string-literal","","localize"
"apps/platform-console","Frontend/apps/platform-console/src/features/tenants/StaffUsersPanel.test.ts","","",", email: ","A","string-literal","","localize"
"apps/platform-console","Frontend/apps/platform-console/src/features/tenants/StaffUsersPanel.test.ts","","",", role: ","A","string-literal","","localize"
"apps/platform-console","Frontend/apps/platform-console/src/features/tenants/StaffUsersPanel.test.ts","","",", isActive: true, createdAtUtc: ","A","string-literal","","localize"
"apps/platform-console","Frontend/apps/platform-console/src/features/tenants/StaffUsersPanel.test.ts","","",", fullName: ","A","string-literal","","localize"
"apps/platform-console","Frontend/apps/platform-console/src/features/tenants/StaffUsersPanel.test.ts","","",", email: ","A","string-literal","","localize"
"apps/platform-console","Frontend/apps/platform-console/src/features/tenants/StaffUsersPanel.test.ts","","",", role: ","A","string-literal","","localize"
"apps/platform-console","Frontend/apps/platform-console/src/features/tenants/StaffUsersPanel.test.ts","","",", isActive: false, createdAtUtc: ","A","string-literal","","localize"
"apps/platform-console","Frontend/apps/platform-console/src/features/tenants/StaffUsersPanel.test.ts","","",", fullName: ","A","string-literal","","localize"
"apps/platform-console","Frontend/apps/platform-console/src/features/tenants/StaffUsersPanel.test.ts","","",", email: ","A","string-literal","","localize"
"apps/platform-console","Frontend/apps/platform-console/src/features/tenants/StaffUsersPanel.test.ts","","",", role: ","A","string-literal","","localize"
"apps/platform-console","Frontend/apps/platform-console/src/features/tenants/StaffUsersPanel.test.ts","","",", isActive: true, createdAtUtc: ","A","string-literal","","localize"
"apps/platform-console","Frontend/apps/platform-console/src/features/tenants/StaffUsersPanel.test.ts","","","orders Owner before Manager before Trainer, unknown roles last","A","string-literal","","localize"
"apps/platform-console","Frontend/apps/platform-console/src/features/tenants/StaffUsersPanel.test.ts","","","does not mutate the input array","A","string-literal","","localize"
"apps/platform-console","Frontend/apps/platform-console/src/features/tenants/StaffUsersPanel.test.ts","","","labels active/disabled plainly","A","string-literal","","localize"
"apps/platform-console","Frontend/apps/platform-console/src/features/tenants/StaffUsersPanel.tsx","","","Staff Users","A","jsx-text","","localize"
"apps/platform-console","Frontend/apps/platform-console/src/features/tenants/StaffUsersPanel.tsx","","","Name","A","jsx-text","","localize"
"apps/platform-console","Frontend/apps/platform-console/src/features/tenants/StaffUsersPanel.tsx","","","Email","A","jsx-text","","localize"
"apps/platform-console","Frontend/apps/platform-console/src/features/tenants/StaffUsersPanel.tsx","","","Role","A","jsx-text","","localize"
"apps/platform-console","Frontend/apps/platform-console/src/features/tenants/StaffUsersPanel.tsx","","","Status","A","jsx-text","","localize"
"apps/platform-console","Frontend/apps/platform-console/src/features/tenants/StaffUsersPanel.tsx","","","Last Login","A","jsx-text","","localize"
"apps/platform-console","Frontend/apps/platform-console/src/features/tenants/StaffUsersPanel.tsx","","","Actions","A","jsx-text","","localize"
"apps/platform-console","Frontend/apps/platform-console/src/features/tenants/StaffUsersPanel.tsx","","","Adds a new login account for ","A","jsx-text","","localize"
"apps/platform-console","Frontend/apps/platform-console/src/features/tenants/StaffUsersPanel.tsx","","","Full name","A","jsx-text","","localize"
"apps/platform-console","Frontend/apps/platform-console/src/features/tenants/StaffUsersPanel.tsx","","","Email","A","jsx-text","","localize"
"apps/platform-console","Frontend/apps/platform-console/src/features/tenants/StaffUsersPanel.tsx","","","Role","A","jsx-text","","localize"
"apps/platform-console","Frontend/apps/platform-console/src/features/tenants/StaffUsersPanel.tsx","","","New role","A","jsx-text","","localize"
"apps/platform-console","Frontend/apps/platform-console/src/features/tenants/StaffUsersPanel.tsx","","",").toLowerCase() === ","A","string-literal","","localize"
"apps/platform-console","Frontend/apps/platform-console/src/features/tenants/StaffUsersPanel.tsx","","","Forbidden — requires Platform Ops or above.","A","string-literal","","localize"
"apps/platform-console","Frontend/apps/platform-console/src/features/tenants/StaffUsersPanel.tsx","","","Request failed","A","string-literal","","localize"
"apps/platform-console","Frontend/apps/platform-console/src/features/tenants/StaffUsersPanel.tsx","","","mt-2 block text-sm","A","string-literal","","localize"
"apps/platform-console","Frontend/apps/platform-console/src/features/tenants/StaffUsersPanel.tsx","","","mt-1 w-full rounded-[var(--radius)] border border-gray-300 bg-white px-3 py-2 text-gray-900 disabled:opacity-60","A","string-literal","","localize"
"apps/platform-console","Frontend/apps/platform-console/src/features/tenants/StaffUsersPanel.tsx","","","Explain why this action is being taken…","A","string-literal","","localize"
"apps/platform-console","Frontend/apps/platform-console/src/features/tenants/StaffUsersPanel.tsx","","","Password must be at least 10 characters.","A","string-literal","","localize"
"apps/platform-console","Frontend/apps/platform-console/src/features/tenants/StaffUsersPanel.tsx","","","No staff member selected.","A","string-literal","","localize"
"apps/platform-console","Frontend/apps/platform-console/src/features/tenants/StaffUsersPanel.tsx","","","No staff member selected.","A","string-literal","","localize"
"apps/platform-console","Frontend/apps/platform-console/src/features/tenants/StaffUsersPanel.tsx","","","No staff member selected.","A","string-literal","","localize"
"apps/platform-console","Frontend/apps/platform-console/src/features/tenants/StaffUsersPanel.tsx","","","rounded-[var(--radius)] border border-gray-200 bg-white p-4","A","string-literal","","localize"
"apps/platform-console","Frontend/apps/platform-console/src/features/tenants/StaffUsersPanel.tsx","","","flex flex-wrap items-start justify-between gap-3","A","string-literal","","localize"
"apps/platform-console","Frontend/apps/platform-console/src/features/tenants/StaffUsersPanel.tsx","","","text-lg font-medium","A","string-literal","","localize"
"apps/platform-console","Frontend/apps/platform-console/src/features/tenants/StaffUsersPanel.tsx","","","mt-1 text-xs text-gray-500","A","string-literal","","localize"
"apps/platform-console","Frontend/apps/platform-console/src/features/tenants/StaffUsersPanel.tsx","","","rounded-[var(--radius)] bg-blue-600 px-3 py-1.5 text-sm font-medium text-white hover:bg-blue-700","A","string-literal","","localize"
"apps/platform-console","Frontend/apps/platform-console/src/features/tenants/StaffUsersPanel.tsx","","","mt-3 rounded border border-gray-200 bg-white px-3 py-2 text-xs text-gray-500","A","string-literal","","localize"
"apps/platform-console","Frontend/apps/platform-console/src/features/tenants/StaffUsersPanel.tsx","","","mt-4 overflow-x-auto rounded-[var(--radius)] border border-gray-200","A","string-literal","","localize"
"apps/platform-console","Frontend/apps/platform-console/src/features/tenants/StaffUsersPanel.tsx","","","min-w-full text-left text-sm","A","string-literal","","localize"
"apps/platform-console","Frontend/apps/platform-console/src/features/tenants/StaffUsersPanel.tsx","","","bg-gray-50 text-gray-500","A","string-literal","","localize"
"apps/platform-console","Frontend/apps/platform-console/src/features/tenants/StaffUsersPanel.tsx","","","px-3 py-2 font-medium","A","string-literal","","localize"
"apps/platform-console","Frontend/apps/platform-console/src/features/tenants/StaffUsersPanel.tsx","","","px-3 py-2 font-medium","A","string-literal","","localize"
"apps/platform-console","Frontend/apps/platform-console/src/features/tenants/StaffUsersPanel.tsx","","","px-3 py-2 font-medium","A","string-literal","","localize"
"apps/platform-console","Frontend/apps/platform-console/src/features/tenants/StaffUsersPanel.tsx","","","px-3 py-2 font-medium","A","string-literal","","localize"
"apps/platform-console","Frontend/apps/platform-console/src/features/tenants/StaffUsersPanel.tsx","","","px-3 py-2 font-medium","A","string-literal","","localize"
"apps/platform-console","Frontend/apps/platform-console/src/features/tenants/StaffUsersPanel.tsx","","","px-3 py-2 font-medium","A","string-literal","","localize"
"apps/platform-console","Frontend/apps/platform-console/src/features/tenants/StaffUsersPanel.tsx","","","border-t border-gray-200","A","string-literal","","localize"
"apps/platform-console","Frontend/apps/platform-console/src/features/tenants/StaffUsersPanel.tsx","","","h-4 animate-pulse rounded bg-gray-200","A","string-literal","","localize"
"apps/platform-console","Frontend/apps/platform-console/src/features/tenants/StaffUsersPanel.tsx","","","px-3 py-8 text-center text-red-600","A","string-literal","","localize"
"apps/platform-console","Frontend/apps/platform-console/src/features/tenants/StaffUsersPanel.tsx","","","px-3 py-8 text-center text-gray-500","A","string-literal","","localize"
"apps/platform-console","Frontend/apps/platform-console/src/features/tenants/StaffUsersPanel.tsx","","","border-t border-gray-200","A","string-literal","","localize"
"apps/platform-console","Frontend/apps/platform-console/src/features/tenants/StaffUsersPanel.tsx","","","px-3 py-2 font-medium text-gray-900","A","string-literal","","localize"
"apps/platform-console","Frontend/apps/platform-console/src/features/tenants/StaffUsersPanel.tsx","","","px-3 py-2 text-xs text-gray-700","A","string-literal","","localize"
"apps/platform-console","Frontend/apps/platform-console/src/features/tenants/StaffUsersPanel.tsx","","","px-3 py-2 capitalize text-gray-700","A","string-literal","","localize"
"apps/platform-console","Frontend/apps/platform-console/src/features/tenants/StaffUsersPanel.tsx","","","inline-flex rounded-full bg-emerald-50 px-2.5 py-0.5 text-xs font-medium text-emerald-800 ring-1 ring-emerald-200","A","string-literal","","localize"
"apps/platform-console","Frontend/apps/platform-console/src/features/tenants/StaffUsersPanel.tsx","","","inline-flex rounded-full bg-gray-100 px-2.5 py-0.5 text-xs font-medium text-gray-700 ring-1 ring-gray-200","A","string-literal","","localize"
"apps/platform-console","Frontend/apps/platform-console/src/features/tenants/StaffUsersPanel.tsx","","","px-3 py-2 text-gray-700","A","string-literal","","localize"
"apps/platform-console","Frontend/apps/platform-console/src/features/tenants/StaffUsersPanel.tsx","","","text-xs text-gray-500","A","string-literal","","localize"
"apps/platform-console","Frontend/apps/platform-console/src/features/tenants/StaffUsersPanel.tsx","","","The owner account is protected — role changes, disabling, and ownership transfer are not available here.","A","string-literal","","localize"
"apps/platform-console","Frontend/apps/platform-console/src/features/tenants/StaffUsersPanel.tsx","","","flex flex-wrap gap-1.5","A","string-literal","","localize"
"apps/platform-console","Frontend/apps/platform-console/src/features/tenants/StaffUsersPanel.tsx","","","rounded border border-gray-300 px-2 py-0.5 text-xs text-gray-900 hover:bg-gray-200","A","string-literal","","localize"
"apps/platform-console","Frontend/apps/platform-console/src/features/tenants/StaffUsersPanel.tsx","","","rounded border border-red-200 bg-red-50 px-2 py-0.5 text-xs text-red-800 hover:bg-red-100","A","string-literal","","localize"
"apps/platform-console","Frontend/apps/platform-console/src/features/tenants/StaffUsersPanel.tsx","","","rounded border border-gray-300 px-2 py-0.5 text-xs text-gray-900 hover:bg-gray-200","A","string-literal","","localize"
"apps/platform-console","Frontend/apps/platform-console/src/features/tenants/StaffUsersPanel.tsx","","","Add Staff","A","string-literal","","localize"
"apps/platform-console","Frontend/apps/platform-console/src/features/tenants/StaffUsersPanel.tsx","","","Add Staff","A","string-literal","","localize"
"apps/platform-console","Frontend/apps/platform-console/src/features/tenants/StaffUsersPanel.tsx","","","mt-2 block text-sm","A","string-literal","","localize"
"apps/platform-console","Frontend/apps/platform-console/src/features/tenants/StaffUsersPanel.tsx","","","mt-1 w-full rounded-[var(--radius)] border border-gray-300 bg-white px-3 py-2","A","string-literal","","localize"
"apps/platform-console","Frontend/apps/platform-console/src/features/tenants/StaffUsersPanel.tsx","","","mt-2 block text-sm","A","string-literal","","localize"
"apps/platform-console","Frontend/apps/platform-console/src/features/tenants/StaffUsersPanel.tsx","","","mt-1 w-full rounded-[var(--radius)] border border-gray-300 bg-white px-3 py-2","A","string-literal","","localize"
"apps/platform-console","Frontend/apps/platform-console/src/features/tenants/StaffUsersPanel.tsx","","","mt-2 block text-sm","A","string-literal","","localize"
"apps/platform-console","Frontend/apps/platform-console/src/features/tenants/StaffUsersPanel.tsx","","","mt-1 w-full rounded-[var(--radius)] border border-gray-300 bg-white px-3 py-2","A","string-literal","","localize"
"apps/platform-console","Frontend/apps/platform-console/src/features/tenants/StaffUsersPanel.tsx","","","mt-2 block text-sm","A","string-literal","","localize"
"apps/platform-console","Frontend/apps/platform-console/src/features/tenants/StaffUsersPanel.tsx","","","mt-1 w-full rounded-[var(--radius)] border border-gray-300 bg-white px-3 py-2","A","string-literal","","localize"
"apps/platform-console","Frontend/apps/platform-console/src/features/tenants/StaffUsersPanel.tsx","","","Disable Staff","A","string-literal","","localize"
"apps/platform-console","Frontend/apps/platform-console/src/features/tenants/StaffUsersPanel.tsx","","","Reactivate Staff","A","string-literal","","localize"
"apps/platform-console","Frontend/apps/platform-console/src/features/tenants/StaffUsersPanel.tsx","","","Change Role","A","string-literal","","localize"
"apps/platform-console","Frontend/apps/platform-console/src/features/tenants/StaffUsersPanel.tsx","","","Change Role","A","string-literal","","localize"
"apps/platform-console","Frontend/apps/platform-console/src/features/tenants/StaffUsersPanel.tsx","","","mt-2 block text-sm","A","string-literal","","localize"
"apps/platform-console","Frontend/apps/platform-console/src/features/tenants/StaffUsersPanel.tsx","","","mt-1 w-full rounded-[var(--radius)] border border-gray-300 bg-white px-3 py-2","A","string-literal","","localize"
"apps/platform-console","Frontend/apps/platform-console/src/features/tenants/SubscriptionLifecyclePanel.test.ts","","","subscription lifecycle action availability","A","string-literal","","localize"
"apps/platform-console","Frontend/apps/platform-console/src/features/tenants/SubscriptionLifecyclePanel.test.ts","","","trialing allows convert, not restart","A","string-literal","","localize"
"apps/platform-console","Frontend/apps/platform-console/src/features/tenants/SubscriptionLifecyclePanel.test.ts","","","cancelled allows restart and new trial","A","string-literal","","localize"
"apps/platform-console","Frontend/apps/platform-console/src/features/tenants/SubscriptionLifecyclePanel.test.ts","","","active with scheduled cancel allows undo","A","string-literal","","localize"
"apps/platform-console","Frontend/apps/platform-console/src/features/tenants/SubscriptionLifecyclePanel.test.ts","","","suspended only reactivates","A","string-literal","","localize"
"apps/platform-console","Frontend/apps/platform-console/src/features/tenants/TenantBillingTab.tsx","","","Last Invoice","A","jsx-text","","localize"
"apps/platform-console","Frontend/apps/platform-console/src/features/tenants/TenantBillingTab.tsx","","","Invoice History","A","jsx-text","","localize"
"apps/platform-console","Frontend/apps/platform-console/src/features/tenants/TenantBillingTab.tsx","","","Failed to load invoices.","A","jsx-text","","localize"
"apps/platform-console","Frontend/apps/platform-console/src/features/tenants/TenantBillingTab.tsx","","","No platform invoices yet.","A","jsx-text","","localize"
"apps/platform-console","Frontend/apps/platform-console/src/features/tenants/TenantBillingTab.tsx","","","Invoice","A","jsx-text","","localize"
"apps/platform-console","Frontend/apps/platform-console/src/features/tenants/TenantBillingTab.tsx","","","Period","A","jsx-text","","localize"
"apps/platform-console","Frontend/apps/platform-console/src/features/tenants/TenantBillingTab.tsx","","","Total","A","jsx-text","","localize"
"apps/platform-console","Frontend/apps/platform-console/src/features/tenants/TenantBillingTab.tsx","","","Status","A","jsx-text","","localize"
"apps/platform-console","Frontend/apps/platform-console/src/features/tenants/TenantBillingTab.tsx","","","Due","A","jsx-text","","localize"
"apps/platform-console","Frontend/apps/platform-console/src/features/tenants/TenantBillingTab.tsx","","","Paid","A","jsx-text","","localize"
"apps/platform-console","Frontend/apps/platform-console/src/features/tenants/TenantBillingTab.tsx","","","PDF","B","jsx-text","","leave-technical"
"apps/platform-console","Frontend/apps/platform-console/src/features/tenants/TenantBillingTab.tsx","","","Not ready","A","jsx-text","","localize"
"apps/platform-console","Frontend/apps/platform-console/src/features/tenants/TenantBillingTab.tsx","","","flex flex-col gap-4","A","string-literal","","localize"
"apps/platform-console","Frontend/apps/platform-console/src/features/tenants/TenantBillingTab.tsx","","","grid gap-3 sm:grid-cols-3","A","string-literal","","localize"
"apps/platform-console","Frontend/apps/platform-console/src/features/tenants/TenantBillingTab.tsx","","","rounded-[var(--radius)] border border-gray-200 bg-white p-4","A","string-literal","","localize"
"apps/platform-console","Frontend/apps/platform-console/src/features/tenants/TenantBillingTab.tsx","","","flex items-center gap-1.5 text-xs uppercase tracking-wide text-gray-500","A","string-literal","","localize"
"apps/platform-console","Frontend/apps/platform-console/src/features/tenants/TenantBillingTab.tsx","","","rounded-full bg-blue-50 px-1.5 py-0.5 text-[10px] font-semibold text-blue-600","A","string-literal","","localize"
"apps/platform-console","Frontend/apps/platform-console/src/features/tenants/TenantBillingTab.tsx","","","rounded-[var(--radius)] border border-gray-200 bg-white p-4","A","string-literal","","localize"
"apps/platform-console","Frontend/apps/platform-console/src/features/tenants/TenantBillingTab.tsx","","","text-xs uppercase tracking-wide text-gray-500","A","string-literal","","localize"
"apps/platform-console","Frontend/apps/platform-console/src/features/tenants/TenantBillingTab.tsx","","","mt-1 text-xl font-semibold tabular-nums text-gray-900","A","string-literal","","localize"
"apps/platform-console","Frontend/apps/platform-console/src/features/tenants/TenantBillingTab.tsx","","","mt-0.5 text-xs text-gray-500","A","string-literal","","localize"
"apps/platform-console","Frontend/apps/platform-console/src/features/tenants/TenantBillingTab.tsx","","","rounded-[var(--radius)] border border-gray-200 bg-white p-4","A","string-literal","","localize"
"apps/platform-console","Frontend/apps/platform-console/src/features/tenants/TenantBillingTab.tsx","","","flex items-center gap-1.5 text-xs uppercase tracking-wide text-gray-500","A","string-literal","","localize"
"apps/platform-console","Frontend/apps/platform-console/src/features/tenants/TenantBillingTab.tsx","","","rounded-full bg-blue-50 px-1.5 py-0.5 text-[10px] font-semibold text-blue-600","A","string-literal","","localize"
"apps/platform-console","Frontend/apps/platform-console/src/features/tenants/TenantBillingTab.tsx","","","mt-1 text-xl font-semibold tabular-nums text-gray-900","A","string-literal","","localize"
"apps/platform-console","Frontend/apps/platform-console/src/features/tenants/TenantBillingTab.tsx","","","mt-0.5 text-xs text-gray-500","A","string-literal","","localize"
"apps/platform-console","Frontend/apps/platform-console/src/features/tenants/TenantBillingTab.tsx","","","text-xs text-gray-500","A","string-literal","","localize"
"apps/platform-console","Frontend/apps/platform-console/src/features/tenants/TenantBillingTab.tsx","","","rounded-[var(--radius)] border border-gray-200 bg-white p-4","A","string-literal","","localize"
"apps/platform-console","Frontend/apps/platform-console/src/features/tenants/TenantBillingTab.tsx","","","text-lg font-medium","A","string-literal","","localize"
"apps/platform-console","Frontend/apps/platform-console/src/features/tenants/TenantBillingTab.tsx","","","mt-3 h-24 animate-pulse rounded bg-gray-200","A","string-literal","","localize"
"apps/platform-console","Frontend/apps/platform-console/src/features/tenants/TenantBillingTab.tsx","","","mt-2 text-sm text-red-600","A","string-literal","","localize"
"apps/platform-console","Frontend/apps/platform-console/src/features/tenants/TenantBillingTab.tsx","","","mt-2 text-sm text-gray-500","A","string-literal","","localize"
"apps/platform-console","Frontend/apps/platform-console/src/features/tenants/TenantBillingTab.tsx","","","mt-3 overflow-x-auto","A","string-literal","","localize"
"apps/platform-console","Frontend/apps/platform-console/src/features/tenants/TenantBillingTab.tsx","","","min-w-full text-left text-sm","A","string-literal","","localize"
"apps/platform-console","Frontend/apps/platform-console/src/features/tenants/TenantBillingTab.tsx","","","border-t border-gray-200","A","string-literal","","localize"
"apps/platform-console","Frontend/apps/platform-console/src/features/tenants/TenantBillingTab.tsx","","","px-2 py-2 font-[var(--mono)]","A","string-literal","","localize"
"apps/platform-console","Frontend/apps/platform-console/src/features/tenants/TenantDetailPage.tsx","","","Trial","A","jsx-text","","localize"
"apps/platform-console","Frontend/apps/platform-console/src/features/tenants/TenantDetailPage.tsx","","","Active","A","jsx-text","","localize"
"apps/platform-console","Frontend/apps/platform-console/src/features/tenants/TenantDetailPage.tsx","","","Cancelled","A","jsx-text","","localize"
"apps/platform-console","Frontend/apps/platform-console/src/features/tenants/TenantDetailPage.tsx","","","Plan","A","jsx-text","","localize"
"apps/platform-console","Frontend/apps/platform-console/src/features/tenants/TenantDetailPage.tsx","","","Frozen price","A","jsx-text","","localize"
"apps/platform-console","Frontend/apps/platform-console/src/features/tenants/TenantDetailPage.tsx","","","Payment method","A","jsx-text","","localize"
"apps/platform-console","Frontend/apps/platform-console/src/features/tenants/TenantDetailPage.tsx","","","Active","A","jsx-text","","localize"
"apps/platform-console","Frontend/apps/platform-console/src/features/tenants/TenantDetailPage.tsx","","","Paid subscription is live and renews at period end.","A","jsx-text","","localize"
"apps/platform-console","Frontend/apps/platform-console/src/features/tenants/TenantDetailPage.tsx","","","Past due","A","jsx-text","","localize"
"apps/platform-console","Frontend/apps/platform-console/src/features/tenants/TenantDetailPage.tsx","","","Suspended","A","jsx-text","","localize"
"apps/platform-console","Frontend/apps/platform-console/src/features/tenants/TenantDetailPage.tsx","","","Cancelled","A","jsx-text","","localize"
"apps/platform-console","Frontend/apps/platform-console/src/features/tenants/TenantDetailPage.tsx","","","Subscription details","A","jsx-text","","localize"
"apps/platform-console","Frontend/apps/platform-console/src/features/tenants/TenantDetailPage.tsx","","","No subscription on file.","A","jsx-text","","localize"
"apps/platform-console","Frontend/apps/platform-console/src/features/tenants/TenantDetailPage.tsx","","","Current plan","A","jsx-text","","localize"
"apps/platform-console","Frontend/apps/platform-console/src/features/tenants/TenantDetailPage.tsx","","","Frozen price","A","jsx-text","","localize"
"apps/platform-console","Frontend/apps/platform-console/src/features/tenants/TenantDetailPage.tsx","","","Status","A","jsx-text","","localize"
"apps/platform-console","Frontend/apps/platform-console/src/features/tenants/TenantDetailPage.tsx","","","Billing cycle","A","jsx-text","","localize"
"apps/platform-console","Frontend/apps/platform-console/src/features/tenants/TenantDetailPage.tsx","","","Period start","A","jsx-text","","localize"
"apps/platform-console","Frontend/apps/platform-console/src/features/tenants/TenantDetailPage.tsx","","","Pending downgrade","A","jsx-text","","localize"
"apps/platform-console","Frontend/apps/platform-console/src/features/tenants/TenantDetailPage.tsx","","","Updated","A","jsx-text","","localize"
"apps/platform-console","Frontend/apps/platform-console/src/features/tenants/TenantDetailPage.tsx","","","Subscription history","A","jsx-text","","localize"
"apps/platform-console","Frontend/apps/platform-console/src/features/tenants/TenantDetailPage.tsx","","","Failed to load history.","A","jsx-text","","localize"
"apps/platform-console","Frontend/apps/platform-console/src/features/tenants/TenantDetailPage.tsx","","","No changes recorded yet.","A","jsx-text","","localize"
"apps/platform-console","Frontend/apps/platform-console/src/features/tenants/TenantDetailPage.tsx","","","Type","A","jsx-text","","localize"
"apps/platform-console","Frontend/apps/platform-console/src/features/tenants/TenantDetailPage.tsx","","","Tier","A","jsx-text","","localize"
"apps/platform-console","Frontend/apps/platform-console/src/features/tenants/TenantDetailPage.tsx","","","Effective","A","jsx-text","","localize"
"apps/platform-console","Frontend/apps/platform-console/src/features/tenants/TenantDetailPage.tsx","","","Initiated by","A","jsx-text","","localize"
"apps/platform-console","Frontend/apps/platform-console/src/features/tenants/TenantDetailPage.tsx","","","Reason","A","jsx-text","","localize"
"apps/platform-console","Frontend/apps/platform-console/src/features/tenants/TenantDetailPage.tsx","","",") && !returnToRaw.startsWith(","A","string-literal","","localize"
"apps/platform-console","Frontend/apps/platform-console/src/features/tenants/TenantDetailPage.tsx","","","← Back to risk queue","A","string-literal","","localize"
"apps/platform-console","Frontend/apps/platform-console/src/features/tenants/TenantDetailPage.tsx","","","← Back to subscriptions","A","string-literal","","localize"
"apps/platform-console","Frontend/apps/platform-console/src/features/tenants/TenantDetailPage.tsx","","","← Back to trials","A","string-literal","","localize"
"apps/platform-console","Frontend/apps/platform-console/src/features/tenants/TenantDetailPage.tsx","","","← Back to tenants","A","string-literal","","localize"
"apps/platform-console","Frontend/apps/platform-console/src/features/tenants/TenantDetailPage.tsx","","","h-8 w-64 animate-pulse rounded bg-gray-200","A","string-literal","","localize"
"apps/platform-console","Frontend/apps/platform-console/src/features/tenants/TenantDetailPage.tsx","","","h-40 animate-pulse rounded bg-gray-200","A","string-literal","","localize"
"apps/platform-console","Frontend/apps/platform-console/src/features/tenants/TenantDetailPage.tsx","","","cp-card p-6","A","string-literal","","localize"
"apps/platform-console","Frontend/apps/platform-console/src/features/tenants/TenantDetailPage.tsx","","","text-xl font-semibold text-gray-900","A","string-literal","","localize"
"apps/platform-console","Frontend/apps/platform-console/src/features/tenants/TenantDetailPage.tsx","","","Tenant not found","A","string-literal","","localize"
"apps/platform-console","Frontend/apps/platform-console/src/features/tenants/TenantDetailPage.tsx","","","Failed to load tenant","A","string-literal","","localize"
"apps/platform-console","Frontend/apps/platform-console/src/features/tenants/TenantDetailPage.tsx","","","mt-2 text-sm text-gray-500","A","string-literal","","localize"
"apps/platform-console","Frontend/apps/platform-console/src/features/tenants/TenantDetailPage.tsx","","","This tenant id does not exist or was deleted.","A","string-literal","","localize"
"apps/platform-console","Frontend/apps/platform-console/src/features/tenants/TenantDetailPage.tsx","","","Something went wrong loading this tenant.","A","string-literal","","localize"
"apps/platform-console","Frontend/apps/platform-console/src/features/tenants/TenantDetailPage.tsx","","","mt-4 inline-block text-blue-600 underline","A","string-literal","","localize"
"apps/platform-console","Frontend/apps/platform-console/src/features/tenants/TenantDetailPage.tsx","","",").toLowerCase() === ","A","string-literal","","localize"
"apps/platform-console","Frontend/apps/platform-console/src/features/tenants/TenantDetailPage.tsx","","","flex flex-col gap-5","A","string-literal","","localize"
"apps/platform-console","Frontend/apps/platform-console/src/features/tenants/TenantDetailPage.tsx","","","text-sm font-semibold text-blue-600 hover:underline","A","string-literal","","localize"
"apps/platform-console","Frontend/apps/platform-console/src/features/tenants/TenantDetailPage.tsx","","","cp-card mt-3 flex flex-wrap items-start gap-4 p-4","A","string-literal","","localize"
"apps/platform-console","Frontend/apps/platform-console/src/features/tenants/TenantDetailPage.tsx","","","grid h-14 w-14 shrink-0 place-items-center rounded-[var(--radius-lg)] bg-blue-600 text-lg font-bold text-white","A","string-literal","","localize"
"apps/platform-console","Frontend/apps/platform-console/src/features/tenants/TenantDetailPage.tsx","","","min-w-0 flex-1","A","string-literal","","localize"
"apps/platform-console","Frontend/apps/platform-console/src/features/tenants/TenantDetailPage.tsx","","","flex flex-wrap items-center gap-2","A","string-literal","","localize"
"apps/platform-console","Frontend/apps/platform-console/src/features/tenants/TenantDetailPage.tsx","","","text-2xl font-bold tracking-tight text-gray-900","A","string-literal","","localize"
"apps/platform-console","Frontend/apps/platform-console/src/features/tenants/TenantDetailPage.tsx","","","font-[var(--mono)] text-sm text-gray-400","A","string-literal","","localize"
"apps/platform-console","Frontend/apps/platform-console/src/features/tenants/TenantDetailPage.tsx","","","mt-1 text-sm text-gray-500","A","string-literal","","localize"
"apps/platform-console","Frontend/apps/platform-console/src/features/tenants/TenantDetailPage.tsx","","","mt-2 flex flex-wrap gap-x-4 gap-y-1 text-sm text-gray-600","A","string-literal","","localize"
"apps/platform-console","Frontend/apps/platform-console/src/features/tenants/TenantDetailPage.tsx","","","font-semibold text-gray-800","A","string-literal","","localize"
"apps/platform-console","Frontend/apps/platform-console/src/features/tenants/TenantDetailPage.tsx","","","ml-1 font-semibold text-amber-700","A","string-literal","","localize"
"apps/platform-console","Frontend/apps/platform-console/src/features/tenants/TenantDetailPage.tsx","","","ml-auto flex flex-wrap items-center gap-2","A","string-literal","","localize"
"apps/platform-console","Frontend/apps/platform-console/src/features/tenants/TenantDetailPage.tsx","","","cp-btn cp-btn-secondary","A","string-literal","","localize"
"apps/platform-console","Frontend/apps/platform-console/src/features/tenants/TenantDetailPage.tsx","","","flex gap-1 overflow-x-auto border-b border-gray-200","A","string-literal","","localize"
"apps/platform-console","Frontend/apps/platform-console/src/features/tenants/TenantDetailPage.tsx","","","Tenant sections","A","string-literal","","localize"
"apps/platform-console","Frontend/apps/platform-console/src/features/tenants/TenantDetailPage.tsx","","","border-blue-600 text-blue-700","A","string-literal","","localize"
"apps/platform-console","Frontend/apps/platform-console/src/features/tenants/TenantDetailPage.tsx","","","border-transparent text-gray-500 hover:text-gray-800","A","string-literal","","localize"
"apps/platform-console","Frontend/apps/platform-console/src/features/tenants/TenantDetailPage.tsx","","","flex flex-col gap-6","A","string-literal","","localize"
"apps/platform-console","Frontend/apps/platform-console/src/features/tenants/TenantDetailPage.tsx","","","cp-card border-l-4 border-l-amber-500 p-4","A","string-literal","","localize"
"apps/platform-console","Frontend/apps/platform-console/src/features/tenants/TenantDetailPage.tsx","","","text-sm font-bold uppercase tracking-wide text-amber-800","A","string-literal","","localize"
"apps/platform-console","Frontend/apps/platform-console/src/features/tenants/TenantDetailPage.tsx","","","mt-1 text-sm text-gray-600","A","string-literal","","localize"
"apps/platform-console","Frontend/apps/platform-console/src/features/tenants/TenantDetailPage.tsx","","","trial-rail mt-3","A","string-literal","","localize"
"apps/platform-console","Frontend/apps/platform-console/src/features/tenants/TenantDetailPage.tsx","","","text-xs font-semibold text-gray-500","A","string-literal","","localize"
"apps/platform-console","Frontend/apps/platform-console/src/features/tenants/TenantDetailPage.tsx","","","mt-0.5 font-normal text-gray-700","A","string-literal","","localize"
"apps/platform-console","Frontend/apps/platform-console/src/features/tenants/TenantDetailPage.tsx","","","mt-1 text-center text-[11px] font-semibold uppercase text-blue-700","A","string-literal","","localize"
"apps/platform-console","Frontend/apps/platform-console/src/features/tenants/TenantDetailPage.tsx","","","In trial","A","string-literal","","localize"
"apps/platform-console","Frontend/apps/platform-console/src/features/tenants/TenantDetailPage.tsx","","","text-right text-xs font-semibold text-amber-700","A","string-literal","","localize"
"apps/platform-console","Frontend/apps/platform-console/src/features/tenants/TenantDetailPage.tsx","","","mt-0.5 font-normal text-gray-700","A","string-literal","","localize"
"apps/platform-console","Frontend/apps/platform-console/src/features/tenants/TenantDetailPage.tsx","","","mt-4 grid gap-3 text-sm sm:grid-cols-2 lg:grid-cols-4","A","string-literal","","localize"
"apps/platform-console","Frontend/apps/platform-console/src/features/tenants/TenantDetailPage.tsx","","","capitalize font-semibold","A","string-literal","","localize"
"apps/platform-console","Frontend/apps/platform-console/src/features/tenants/TenantDetailPage.tsx","","","Card on file","A","string-literal","","localize"
"apps/platform-console","Frontend/apps/platform-console/src/features/tenants/TenantDetailPage.tsx","","","No card on file","A","string-literal","","localize"
"apps/platform-console","Frontend/apps/platform-console/src/features/tenants/TenantDetailPage.tsx","","","cp-card border-l-4 border-l-emerald-500 p-4","A","string-literal","","localize"
"apps/platform-console","Frontend/apps/platform-console/src/features/tenants/TenantDetailPage.tsx","","","text-sm font-bold uppercase tracking-wide text-emerald-800","A","string-literal","","localize"
"apps/platform-console","Frontend/apps/platform-console/src/features/tenants/TenantDetailPage.tsx","","","mt-1 text-sm text-gray-600","A","string-literal","","localize"
"apps/platform-console","Frontend/apps/platform-console/src/features/tenants/TenantDetailPage.tsx","","","mt-3 rounded border border-amber-300 bg-amber-50 px-3 py-2 text-sm font-semibold text-amber-900","A","string-literal","","localize"
"apps/platform-console","Frontend/apps/platform-console/src/features/tenants/TenantDetailPage.tsx","","","mt-3 rounded border border-blue-200 bg-blue-50 px-3 py-2 text-sm text-blue-900","A","string-literal","","localize"
"apps/platform-console","Frontend/apps/platform-console/src/features/tenants/TenantDetailPage.tsx","","","cp-card border-l-4 border-l-orange-500 p-4","A","string-literal","","localize"
"apps/platform-console","Frontend/apps/platform-console/src/features/tenants/TenantDetailPage.tsx","","","text-sm font-bold uppercase tracking-wide text-orange-800","A","string-literal","","localize"
"apps/platform-console","Frontend/apps/platform-console/src/features/tenants/TenantDetailPage.tsx","","","mt-1 text-sm text-gray-600","A","string-literal","","localize"
"apps/platform-console","Frontend/apps/platform-console/src/features/tenants/TenantDetailPage.tsx","","","cp-card border-l-4 border-l-red-500 p-4","A","string-literal","","localize"
"apps/platform-console","Frontend/apps/platform-console/src/features/tenants/TenantDetailPage.tsx","","","text-sm font-bold uppercase tracking-wide text-red-800","A","string-literal","","localize"
"apps/platform-console","Frontend/apps/platform-console/src/features/tenants/TenantDetailPage.tsx","","","mt-1 text-sm text-gray-600","A","string-literal","","localize"
"apps/platform-console","Frontend/apps/platform-console/src/features/tenants/TenantDetailPage.tsx","","","cp-card border-l-4 border-l-gray-400 p-4","A","string-literal","","localize"
"apps/platform-console","Frontend/apps/platform-console/src/features/tenants/TenantDetailPage.tsx","","","text-sm font-bold uppercase tracking-wide text-gray-700","A","string-literal","","localize"
"apps/platform-console","Frontend/apps/platform-console/src/features/tenants/TenantDetailPage.tsx","","","mt-1 text-sm text-gray-600","A","string-literal","","localize"
"apps/platform-console","Frontend/apps/platform-console/src/features/tenants/TenantDetailPage.tsx","","","mt-2 text-xs text-gray-500","A","string-literal","","localize"
"apps/platform-console","Frontend/apps/platform-console/src/features/tenants/TenantDetailPage.tsx","","","cp-card p-4","A","string-literal","","localize"
"apps/platform-console","Frontend/apps/platform-console/src/features/tenants/TenantDetailPage.tsx","","","text-lg font-semibold text-gray-900","A","string-literal","","localize"
"apps/platform-console","Frontend/apps/platform-console/src/features/tenants/TenantDetailPage.tsx","","","mt-2 text-sm text-gray-500","A","string-literal","","localize"
"apps/platform-console","Frontend/apps/platform-console/src/features/tenants/TenantDetailPage.tsx","","","mt-3 grid gap-3 text-sm sm:grid-cols-2 lg:grid-cols-3","A","string-literal","","localize"
"apps/platform-console","Frontend/apps/platform-console/src/features/tenants/TenantDetailPage.tsx","","","capitalize font-semibold","A","string-literal","","localize"
"apps/platform-console","Frontend/apps/platform-console/src/features/tenants/TenantDetailPage.tsx","","","font-[var(--mono)] tabular-nums","A","string-literal","","localize"
"apps/platform-console","Frontend/apps/platform-console/src/features/tenants/TenantDetailPage.tsx","","","capitalize font-semibold","A","string-literal","","localize"
"apps/platform-console","Frontend/apps/platform-console/src/features/tenants/TenantDetailPage.tsx","","","cp-card p-4","A","string-literal","","localize"
"apps/platform-console","Frontend/apps/platform-console/src/features/tenants/TenantDetailPage.tsx","","","text-lg font-semibold text-gray-900","A","string-literal","","localize"
"apps/platform-console","Frontend/apps/platform-console/src/features/tenants/TenantDetailPage.tsx","","","mt-3 h-24 animate-pulse rounded bg-gray-200","A","string-literal","","localize"
"apps/platform-console","Frontend/apps/platform-console/src/features/tenants/TenantDetailPage.tsx","","","mt-2 text-sm text-red-600","A","string-literal","","localize"
"apps/platform-console","Frontend/apps/platform-console/src/features/tenants/TenantDetailPage.tsx","","","mt-2 text-sm text-gray-500","A","string-literal","","localize"
"apps/platform-console","Frontend/apps/platform-console/src/features/tenants/TenantDetailPage.tsx","","","mt-3 overflow-x-auto","A","string-literal","","localize"
"apps/platform-console","Frontend/apps/platform-console/src/features/tenants/TenantDetailPage.tsx","","","cp-table min-w-full","A","string-literal","","localize"
"apps/platform-console","Frontend/apps/platform-console/src/features/tenants/TenantOverviewTab.tsx","","","Business Information","A","jsx-text","","localize"
"apps/platform-console","Frontend/apps/platform-console/src/features/tenants/TenantOverviewTab.tsx","","","Name","A","jsx-text","","localize"
"apps/platform-console","Frontend/apps/platform-console/src/features/tenants/TenantOverviewTab.tsx","","","Gym code","A","jsx-text","","localize"
"apps/platform-console","Frontend/apps/platform-console/src/features/tenants/TenantOverviewTab.tsx","","","City","A","jsx-text","","localize"
"apps/platform-console","Frontend/apps/platform-console/src/features/tenants/TenantOverviewTab.tsx","","","Email","A","jsx-text","","localize"
"apps/platform-console","Frontend/apps/platform-console/src/features/tenants/TenantOverviewTab.tsx","","","Phone","A","jsx-text","","localize"
"apps/platform-console","Frontend/apps/platform-console/src/features/tenants/TenantOverviewTab.tsx","","","Subscription","A","jsx-text","","localize"
"apps/platform-console","Frontend/apps/platform-console/src/features/tenants/TenantOverviewTab.tsx","","","No subscription on file.","A","jsx-text","","localize"
"apps/platform-console","Frontend/apps/platform-console/src/features/tenants/TenantOverviewTab.tsx","","","Not yet computed for this tenant.","A","jsx-text","","localize"
"apps/platform-console","Frontend/apps/platform-console/src/features/tenants/TenantOverviewTab.tsx","","","Usage Snapshot","A","jsx-text","","localize"
"apps/platform-console","Frontend/apps/platform-console/src/features/tenants/TenantOverviewTab.tsx","","","No usage counters for this period yet.","A","jsx-text","","localize"
"apps/platform-console","Frontend/apps/platform-console/src/features/tenants/TenantOverviewTab.tsx","","","Recent Activity","A","jsx-text","","localize"
"apps/platform-console","Frontend/apps/platform-console/src/features/tenants/TenantOverviewTab.tsx","","","No audit events yet for this tenant.","A","jsx-text","","localize"
"apps/platform-console","Frontend/apps/platform-console/src/features/tenants/TenantOverviewTab.tsx","","","text-xs text-blue-600 underline-offset-2 hover:underline","A","string-literal","","localize"
"apps/platform-console","Frontend/apps/platform-console/src/features/tenants/TenantOverviewTab.tsx","","","flex flex-col gap-4","A","string-literal","","localize"
"apps/platform-console","Frontend/apps/platform-console/src/features/tenants/TenantOverviewTab.tsx","","","grid gap-4 lg:grid-cols-2","A","string-literal","","localize"
"apps/platform-console","Frontend/apps/platform-console/src/features/tenants/TenantOverviewTab.tsx","","","rounded-[var(--radius)] border border-gray-200 bg-white p-4","A","string-literal","","localize"
"apps/platform-console","Frontend/apps/platform-console/src/features/tenants/TenantOverviewTab.tsx","","","text-lg font-medium","A","string-literal","","localize"
"apps/platform-console","Frontend/apps/platform-console/src/features/tenants/TenantOverviewTab.tsx","","","mt-3 grid gap-3 sm:grid-cols-2 text-sm","A","string-literal","","localize"
"apps/platform-console","Frontend/apps/platform-console/src/features/tenants/TenantOverviewTab.tsx","","","rounded-[var(--radius)] border border-gray-200 bg-white p-4","A","string-literal","","localize"
"apps/platform-console","Frontend/apps/platform-console/src/features/tenants/TenantOverviewTab.tsx","","","flex items-center justify-between","A","string-literal","","localize"
"apps/platform-console","Frontend/apps/platform-console/src/features/tenants/TenantOverviewTab.tsx","","","text-lg font-medium","A","string-literal","","localize"
"apps/platform-console","Frontend/apps/platform-console/src/features/tenants/TenantOverviewTab.tsx","","","mt-2 text-sm text-gray-500","A","string-literal","","localize"
"apps/platform-console","Frontend/apps/platform-console/src/features/tenants/TenantOverviewTab.tsx","","","mt-3 flex flex-wrap items-center gap-2 text-sm","A","string-literal","","localize"
"apps/platform-console","Frontend/apps/platform-console/src/features/tenants/TenantOverviewTab.tsx","","","mt-3 rounded border border-amber-200 bg-amber-50 px-3 py-2 text-sm text-amber-900","A","string-literal","","localize"
"apps/platform-console","Frontend/apps/platform-console/src/features/tenants/TenantOverviewTab.tsx","","","grid gap-4 lg:grid-cols-2","A","string-literal","","localize"
"apps/platform-console","Frontend/apps/platform-console/src/features/tenants/TenantOverviewTab.tsx","","","rounded-[var(--radius)] border border-gray-200 bg-white p-4","A","string-literal","","localize"
"apps/platform-console","Frontend/apps/platform-console/src/features/tenants/TenantOverviewTab.tsx","","","flex items-center justify-between","A","string-literal","","localize"
"apps/platform-console","Frontend/apps/platform-console/src/features/tenants/TenantOverviewTab.tsx","","","text-lg font-medium","A","string-literal","","localize"
"apps/platform-console","Frontend/apps/platform-console/src/features/tenants/TenantOverviewTab.tsx","","","mt-2 text-sm text-gray-500","A","string-literal","","localize"
"apps/platform-console","Frontend/apps/platform-console/src/features/tenants/TenantOverviewTab.tsx","","","mt-3 flex items-baseline gap-3","A","string-literal","","localize"
"apps/platform-console","Frontend/apps/platform-console/src/features/tenants/TenantOverviewTab.tsx","","","font-[var(--mono)] text-3xl font-semibold tabular-nums text-gray-900","A","string-literal","","localize"
"apps/platform-console","Frontend/apps/platform-console/src/features/tenants/TenantOverviewTab.tsx","","","text-xs text-gray-500","A","string-literal","","localize"
"apps/platform-console","Frontend/apps/platform-console/src/features/tenants/TenantOverviewTab.tsx","","","rounded-[var(--radius)] border border-gray-200 bg-white p-4","A","string-literal","","localize"
"apps/platform-console","Frontend/apps/platform-console/src/features/tenants/TenantOverviewTab.tsx","","","flex items-center justify-between","A","string-literal","","localize"
"apps/platform-console","Frontend/apps/platform-console/src/features/tenants/TenantOverviewTab.tsx","","","text-lg font-medium","A","string-literal","","localize"
"apps/platform-console","Frontend/apps/platform-console/src/features/tenants/TenantOverviewTab.tsx","","","mt-2 text-sm text-gray-500","A","string-literal","","localize"
"apps/platform-console","Frontend/apps/platform-console/src/features/tenants/TenantOverviewTab.tsx","","","mt-3 flex flex-col gap-1.5 text-sm","A","string-literal","","localize"
"apps/platform-console","Frontend/apps/platform-console/src/features/tenants/TenantOverviewTab.tsx","","","flex items-center justify-between","A","string-literal","","localize"
"apps/platform-console","Frontend/apps/platform-console/src/features/tenants/TenantOverviewTab.tsx","",""," / Unlimited","B","string-literal","","leave-technical"
"apps/platform-console","Frontend/apps/platform-console/src/features/tenants/TenantOverviewTab.tsx","","","rounded-[var(--radius)] border border-gray-200 bg-white p-4","A","string-literal","","localize"
"apps/platform-console","Frontend/apps/platform-console/src/features/tenants/TenantOverviewTab.tsx","","","flex items-center justify-between","A","string-literal","","localize"
"apps/platform-console","Frontend/apps/platform-console/src/features/tenants/TenantOverviewTab.tsx","","","text-lg font-medium","A","string-literal","","localize"
"apps/platform-console","Frontend/apps/platform-console/src/features/tenants/TenantOverviewTab.tsx","","","View all","A","string-literal","","localize"
"apps/platform-console","Frontend/apps/platform-console/src/features/tenants/TenantOverviewTab.tsx","","","mt-2 text-sm text-gray-500","A","string-literal","","localize"
"apps/platform-console","Frontend/apps/platform-console/src/features/tenants/TenantOverviewTab.tsx","","","mt-3 flex flex-col divide-y divide-gray-200","A","string-literal","","localize"
"apps/platform-console","Frontend/apps/platform-console/src/features/tenants/TenantOverviewTab.tsx","","","flex items-center justify-between gap-2 py-2 text-sm","A","string-literal","","localize"
"apps/platform-console","Frontend/apps/platform-console/src/features/tenants/TenantOverviewTab.tsx","","","text-xs text-gray-500","A","string-literal","","localize"
"apps/platform-console","Frontend/apps/platform-console/src/features/tenants/TenantOverviewTab.tsx","","","whitespace-nowrap text-xs text-gray-500","A","string-literal","","localize"
"apps/platform-console","Frontend/apps/platform-console/src/features/tenants/tenants.msw.test.ts","","","Cairo Fit","A","string-literal","","localize"
"apps/platform-console","Frontend/apps/platform-console/src/features/tenants/tenants.msw.test.ts","","","Sara Haddad","A","string-literal","","localize"
"apps/platform-console","Frontend/apps/platform-console/src/features/tenants/tenants.msw.test.ts","","","Alex Gym","A","string-literal","","localize"
"apps/platform-console","Frontend/apps/platform-console/src/features/tenants/tenants.msw.test.ts","","","Owner email is already registered / already registered","A","string-literal","","localize"
"apps/platform-console","Frontend/apps/platform-console/src/features/tenants/tenants.msw.test.ts","","","Cairo Fit","A","string-literal","","localize"
"apps/platform-console","Frontend/apps/platform-console/src/features/tenants/tenants.msw.test.ts","","","Moderate engagement with payment friction signals.","A","string-literal","","localize"
"apps/platform-console","Frontend/apps/platform-console/src/features/tenants/tenants.msw.test.ts","","","Moderate engagement with payment friction signals.","A","string-literal","","localize"
"apps/platform-console","Frontend/apps/platform-console/src/features/tenants/tenants.msw.test.ts","","","Payment health","A","string-literal","","localize"
"apps/platform-console","Frontend/apps/platform-console/src/features/tenants/tenants.msw.test.ts","","","Subscription is 'past_due' with 1 unpaid invoice(s).","A","string-literal","","localize"
"apps/platform-console","Frontend/apps/platform-console/src/features/tenants/tenants.msw.test.ts","","","Login frequency","A","string-literal","","localize"
"apps/platform-console","Frontend/apps/platform-console/src/features/tenants/tenants.msw.test.ts","","","Staff activity within the last 3 day(s).","A","string-literal","","localize"
"apps/platform-console","Frontend/apps/platform-console/src/features/tenants/tenants.msw.test.ts","","","Support ticket volume","A","string-literal","","localize"
"apps/platform-console","Frontend/apps/platform-console/src/features/tenants/tenants.msw.test.ts","","","Support tickets stubbed unavailable.","A","string-literal","","localize"
"apps/platform-console","Frontend/apps/platform-console/src/features/tenants/tenants.msw.test.ts","","","Temporary upsell trial","A","string-literal","","localize"
"apps/platform-console","Frontend/apps/platform-console/src/features/tenants/tenants.msw.test.ts","","","Platform Admin","A","string-literal","","localize"
"apps/platform-console","Frontend/apps/platform-console/src/features/tenants/tenants.msw.test.ts","","","Helping owner verify check-in after suspend buffer","A","string-literal","","localize"
"apps/platform-console","Frontend/apps/platform-console/src/features/tenants/tenants.msw.test.ts","","","tenants API (MSW)","A","string-literal","","localize"
"apps/platform-console","Frontend/apps/platform-console/src/features/tenants/tenants.msw.test.ts","","","list search/filter returns matching rows with EGP-formatable totals","A","string-literal","","localize"
"apps/platform-console","Frontend/apps/platform-console/src/features/tenants/tenants.msw.test.ts","","","Alex Gym","A","string-literal","","localize"
"apps/platform-console","Frontend/apps/platform-console/src/features/tenants/tenants.msw.test.ts","","","list rows carry owner and member fields, null when unavailable (P2.1)","A","string-literal","","localize"
"apps/platform-console","Frontend/apps/platform-console/src/features/tenants/tenants.msw.test.ts","","","Sara Haddad","A","string-literal","","localize"
"apps/platform-console","Frontend/apps/platform-console/src/features/tenants/tenants.msw.test.ts","","","detail includes cancel_at_period_end, trial end, history, invoices","A","string-literal","","localize"
"apps/platform-console","Frontend/apps/platform-console/src/features/tenants/tenants.msw.test.ts","","","provisionTenant 201 + invalidate tenants query surfaces new gym","A","string-literal","","localize"
"apps/platform-console","Frontend/apps/platform-console/src/features/tenants/tenants.msw.test.ts","","","New Provision Gym","A","string-literal","","localize"
"apps/platform-console","Frontend/apps/platform-console/src/features/tenants/tenants.msw.test.ts","","","New Owner","A","string-literal","","localize"
"apps/platform-console","Frontend/apps/platform-console/src/features/tenants/tenants.msw.test.ts","","","New Provision","A","string-literal","","localize"
"apps/platform-console","Frontend/apps/platform-console/src/features/tenants/tenants.msw.test.ts","","","provisionTenant 400 surfaces server message","A","string-literal","","localize"
"apps/platform-console","Frontend/apps/platform-console/src/features/tenants/TenantsListPage.tsx","","","Tenants","A","jsx-text","","localize"
"apps/platform-console","Frontend/apps/platform-console/src/features/tenants/TenantsListPage.tsx","","","Rows","A","jsx-text","","localize"
"apps/platform-console","Frontend/apps/platform-console/src/features/tenants/TenantsListPage.tsx","","","Status","A","jsx-text","","localize"
"apps/platform-console","Frontend/apps/platform-console/src/features/tenants/TenantsListPage.tsx","","","Plan","A","jsx-text","","localize"
"apps/platform-console","Frontend/apps/platform-console/src/features/tenants/TenantsListPage.tsx","","","Renewal","A","jsx-text","","localize"
"apps/platform-console","Frontend/apps/platform-console/src/features/tenants/TenantsListPage.tsx","","","Tenant","A","jsx-text","","localize"
"apps/platform-console","Frontend/apps/platform-console/src/features/tenants/TenantsListPage.tsx","","","Owner","A","jsx-text","","localize"
"apps/platform-console","Frontend/apps/platform-console/src/features/tenants/TenantsListPage.tsx","","","Plan","A","jsx-text","","localize"
"apps/platform-console","Frontend/apps/platform-console/src/features/tenants/TenantsListPage.tsx","","","Status","A","jsx-text","","localize"
"apps/platform-console","Frontend/apps/platform-console/src/features/tenants/TenantsListPage.tsx","","","Members","A","jsx-text","","localize"
"apps/platform-console","Frontend/apps/platform-console/src/features/tenants/TenantsListPage.tsx","","","Renewal","A","jsx-text","","localize"
"apps/platform-console","Frontend/apps/platform-console/src/features/tenants/TenantsListPage.tsx","","","Health","A","jsx-text","","localize"
"apps/platform-console","Frontend/apps/platform-console/src/features/tenants/TenantsListPage.tsx","","","Last Login","A","jsx-text","","localize"
"apps/platform-console","Frontend/apps/platform-console/src/features/tenants/TenantsListPage.tsx","","","Price","A","jsx-text","","localize"
"apps/platform-console","Frontend/apps/platform-console/src/features/tenants/TenantsListPage.tsx","","","Tenants list","A","jsx-text","","localize"
"apps/platform-console","Frontend/apps/platform-console/src/features/tenants/TenantsListPage.tsx","","","flex flex-col gap-4","A","string-literal","","localize"
"apps/platform-console","Frontend/apps/platform-console/src/features/tenants/TenantsListPage.tsx","","","flex flex-wrap items-end justify-between gap-3","A","string-literal","","localize"
"apps/platform-console","Frontend/apps/platform-console/src/features/tenants/TenantsListPage.tsx","","","text-[22px] font-bold tracking-tight text-gray-900","A","string-literal","","localize"
"apps/platform-console","Frontend/apps/platform-console/src/features/tenants/TenantsListPage.tsx","","","mt-1 text-[13.5px] text-gray-500","A","string-literal","","localize"
"apps/platform-console","Frontend/apps/platform-console/src/features/tenants/TenantsListPage.tsx","","","flex flex-wrap items-center gap-3","A","string-literal","","localize"
"apps/platform-console","Frontend/apps/platform-console/src/features/tenants/TenantsListPage.tsx","","","Requires Platform Ops","A","string-literal","","localize"
"apps/platform-console","Frontend/apps/platform-console/src/features/tenants/TenantsListPage.tsx","","","cp-btn cp-btn-primary disabled:cursor-not-allowed","A","string-literal","","localize"
"apps/platform-console","Frontend/apps/platform-console/src/features/tenants/TenantsListPage.tsx","","","flex items-center gap-2 text-sm text-gray-600","A","string-literal","","localize"
"apps/platform-console","Frontend/apps/platform-console/src/features/tenants/TenantsListPage.tsx","","","cp-input w-auto py-1","A","string-literal","","localize"
"apps/platform-console","Frontend/apps/platform-console/src/features/tenants/TenantsListPage.tsx","","","rounded-[var(--radius)] border border-amber-200 bg-amber-50 px-3 py-2 text-sm text-amber-900","A","string-literal","","localize"
"apps/platform-console","Frontend/apps/platform-console/src/features/tenants/TenantsListPage.tsx","","","flex flex-col gap-3 rounded-[var(--radius-lg)] border border-gray-200 bg-white p-4 shadow-[var(--shadow-sm)]","A","string-literal","","localize"
"apps/platform-console","Frontend/apps/platform-console/src/features/tenants/TenantsListPage.tsx","","","flex flex-col gap-1 text-sm","A","string-literal","","localize"
"apps/platform-console","Frontend/apps/platform-console/src/features/tenants/TenantsListPage.tsx","","","cp-input max-w-md","A","string-literal","","localize"
"apps/platform-console","Frontend/apps/platform-console/src/features/tenants/TenantsListPage.tsx","","","e.g. Cairo or GYM-","A","string-literal","","localize"
"apps/platform-console","Frontend/apps/platform-console/src/features/tenants/TenantsListPage.tsx","","","flex flex-wrap gap-4 text-sm","A","string-literal","","localize"
"apps/platform-console","Frontend/apps/platform-console/src/features/tenants/TenantsListPage.tsx","","","mb-1 text-gray-500","A","string-literal","","localize"
"apps/platform-console","Frontend/apps/platform-console/src/features/tenants/TenantsListPage.tsx","","","flex flex-wrap gap-2","A","string-literal","","localize"
"apps/platform-console","Frontend/apps/platform-console/src/features/tenants/TenantsListPage.tsx","","","inline-flex items-center gap-1 rounded border border-gray-200 bg-gray-50 px-2 py-1","A","string-literal","","localize"
"apps/platform-console","Frontend/apps/platform-console/src/features/tenants/TenantsListPage.tsx","","","mb-1 text-gray-500","A","string-literal","","localize"
"apps/platform-console","Frontend/apps/platform-console/src/features/tenants/TenantsListPage.tsx","","","flex flex-wrap gap-2","A","string-literal","","localize"
"apps/platform-console","Frontend/apps/platform-console/src/features/tenants/TenantsListPage.tsx","","","inline-flex items-center gap-1 rounded border border-gray-200 bg-gray-50 px-2 py-1 capitalize","A","string-literal","","localize"
"apps/platform-console","Frontend/apps/platform-console/src/features/tenants/TenantsListPage.tsx","","","mb-1 text-gray-500","A","string-literal","","localize"
"apps/platform-console","Frontend/apps/platform-console/src/features/tenants/TenantsListPage.tsx","","","flex flex-wrap gap-2","A","string-literal","","localize"
"apps/platform-console","Frontend/apps/platform-console/src/features/tenants/TenantsListPage.tsx","","","inline-flex items-center gap-1 rounded border border-gray-200 bg-gray-50 px-2 py-1","A","string-literal","","localize"
"apps/platform-console","Frontend/apps/platform-console/src/features/tenants/TenantsListPage.tsx","","","mb-1 text-sm text-gray-500","A","string-literal","","localize"
"apps/platform-console","Frontend/apps/platform-console/src/features/tenants/TenantsListPage.tsx","","","overflow-x-auto rounded-[var(--radius-lg)] border border-gray-200 bg-white shadow-[var(--shadow-sm)]","A","string-literal","","localize"
"apps/platform-console","Frontend/apps/platform-console/src/features/tenants/TenantsListPage.tsx","","","cp-table min-w-[1100px]","A","string-literal","","localize"
"apps/platform-console","Frontend/apps/platform-console/src/features/tenants/TenantsListPage.tsx","","","h-4 animate-pulse rounded bg-gray-200","A","string-literal","","localize"
"apps/platform-console","Frontend/apps/platform-console/src/features/tenants/TenantsListPage.tsx","","","py-8 text-center text-red-600","A","string-literal","","localize"
"apps/platform-console","Frontend/apps/platform-console/src/features/tenants/TenantsListPage.tsx","","","py-8 text-center text-gray-500","A","string-literal","","localize"
"apps/platform-console","Frontend/apps/platform-console/src/features/tenants/TenantsListPage.tsx","","","font-semibold text-gray-900","A","string-literal","","localize"
"apps/platform-console","Frontend/apps/platform-console/src/features/tenants/TenantsListPage.tsx","","","font-[var(--mono)] text-xs text-gray-400","A","string-literal","","localize"
"apps/platform-console","Frontend/apps/platform-console/src/features/tenants/TenantsListPage.tsx","","","text-xs text-gray-400","A","string-literal","","localize"
"apps/platform-console","Frontend/apps/platform-console/src/features/tenants/TenantsListPage.tsx","","","tabular-nums text-gray-700","A","string-literal","","localize"
"apps/platform-console","Frontend/apps/platform-console/src/features/tenants/TenantsListPage.tsx","","","flex items-center gap-2","A","string-literal","","localize"
"apps/platform-console","Frontend/apps/platform-console/src/features/tenants/TenantsListPage.tsx","","","font-[var(--mono)] tabular-nums text-gray-400","A","string-literal","","localize"
"apps/platform-console","Frontend/apps/platform-console/src/features/tenants/TenantsListPage.tsx","","","tabular-nums text-gray-800","A","string-literal","","localize"
"apps/platform-console","Frontend/apps/platform-console/src/features/tenants/TenantsListPage.tsx","","","flex items-center justify-between text-sm text-gray-500","A","string-literal","","localize"
"apps/platform-console","Frontend/apps/platform-console/src/features/tenants/TenantsListPage.tsx","",""," · updating…","A","string-literal","","localize"
"apps/platform-console","Frontend/apps/platform-console/src/features/tenants/TenantsListPage.tsx","","","flex gap-2","A","string-literal","","localize"
"apps/platform-console","Frontend/apps/platform-console/src/features/tenants/TenantsListPage.tsx","","","cp-btn cp-btn-secondary","A","string-literal","","localize"
"apps/platform-console","Frontend/apps/platform-console/src/features/tenants/TenantsListPage.tsx","","","cp-btn cp-btn-secondary","A","string-literal","","localize"
"apps/platform-console","Frontend/apps/platform-console/src/features/tenants/UsagePanel.test.ts","","","UsagePanel helpers","A","string-literal","","localize"
"apps/platform-console","Frontend/apps/platform-console/src/features/tenants/UsagePanel.test.ts","","","derives nested usage view from flat usageCounters without inventing wire shape","A","string-literal","","localize"
"apps/platform-console","Frontend/apps/platform-console/src/features/tenants/UsagePanel.test.ts","","","formats YYYY-MM period for the panel header","A","string-literal","","localize"
"apps/platform-console","Frontend/apps/platform-console/src/features/tenants/UsagePanel.test.ts","","","July 2026","A","string-literal","","localize"
"apps/platform-console","Frontend/apps/platform-console/src/features/tenants/UsagePanel.test.ts","","","applies unmissable cap color thresholds","A","string-literal","","localize"
"apps/platform-console","Frontend/apps/platform-console/src/features/tenants/UsagePanel.tsx","","","No usage counters for this period yet.","A","jsx-text","","localize"
"apps/platform-console","Frontend/apps/platform-console/src/features/tenants/UsagePanel.tsx","","","Active Members","A","string-literal","","localize"
"apps/platform-console","Frontend/apps/platform-console/src/features/tenants/UsagePanel.tsx","","","WhatsApp Messages","A","string-literal","","localize"
"apps/platform-console","Frontend/apps/platform-console/src/features/tenants/UsagePanel.tsx","","","Staff Seats","A","string-literal","","localize"
"apps/platform-console","Frontend/apps/platform-console/src/features/tenants/UsagePanel.tsx","","","July 2026","A","string-literal","","localize"
"apps/platform-console","Frontend/apps/platform-console/src/features/tenants/UsagePanel.tsx","","","rounded-[var(--radius)] border border-gray-200 bg-white p-4","A","string-literal","","localize"
"apps/platform-console","Frontend/apps/platform-console/src/features/tenants/UsagePanel.tsx","","","flex flex-wrap items-baseline justify-between gap-2","A","string-literal","","localize"
"apps/platform-console","Frontend/apps/platform-console/src/features/tenants/UsagePanel.tsx","","","text-lg font-medium","A","string-literal","","localize"
"apps/platform-console","Frontend/apps/platform-console/src/features/tenants/UsagePanel.tsx","","","Usage this period","A","string-literal","","localize"
"apps/platform-console","Frontend/apps/platform-console/src/features/tenants/UsagePanel.tsx","","","text-xs text-gray-500","A","string-literal","","localize"
"apps/platform-console","Frontend/apps/platform-console/src/features/tenants/UsagePanel.tsx","","","mt-1 text-xs text-gray-500","A","string-literal","","localize"
"apps/platform-console","Frontend/apps/platform-console/src/features/tenants/UsagePanel.tsx","","","mt-3 text-sm text-gray-500","A","string-literal","","localize"
"apps/platform-console","Frontend/apps/platform-console/src/features/tenants/UsagePanel.tsx","","","mt-4 flex flex-col gap-4","A","string-literal","","localize"
"apps/platform-console","Frontend/apps/platform-console/src/features/tenants/UsagePanel.tsx","","","flex flex-wrap items-baseline justify-between gap-2 text-sm","A","string-literal","","localize"
"apps/platform-console","Frontend/apps/platform-console/src/features/tenants/UsagePanel.tsx","","","font-[var(--mono)] text-xs text-gray-500","A","string-literal","","localize"
"apps/platform-console","Frontend/apps/platform-console/src/features/tenants/UsagePanel.tsx","","","mt-1 text-xs text-gray-500","A","string-literal","","localize"
"apps/platform-console","Frontend/apps/platform-console/src/features/tenants/UsagePanel.tsx","","","mt-2 h-2.5 overflow-hidden rounded-full bg-gray-200","A","string-literal","","localize"
"apps/platform-console","Frontend/apps/platform-console/src/features/tenants/UsagePanel.tsx","","","mt-1.5 text-xs font-medium text-amber-800","A","string-literal","","localize"
"apps/platform-console","Frontend/apps/platform-console/src/features/trials/TrialsPage.tsx","","","Trials","A","jsx-text","","localize"
"apps/platform-console","Frontend/apps/platform-console/src/features/trials/TrialsPage.tsx","","","Start","A","jsx-text","","localize"
"apps/platform-console","Frontend/apps/platform-console/src/features/trials/TrialsPage.tsx","","","Search","A","jsx-text","","localize"
"apps/platform-console","Frontend/apps/platform-console/src/features/trials/TrialsPage.tsx","","","Tenant","A","jsx-text","","localize"
"apps/platform-console","Frontend/apps/platform-console/src/features/trials/TrialsPage.tsx","","","Owner","A","jsx-text","","localize"
"apps/platform-console","Frontend/apps/platform-console/src/features/trials/TrialsPage.tsx","","","Plan","A","jsx-text","","localize"
"apps/platform-console","Frontend/apps/platform-console/src/features/trials/TrialsPage.tsx","","","Trial started","A","jsx-text","","localize"
"apps/platform-console","Frontend/apps/platform-console/src/features/trials/TrialsPage.tsx","","","Trial ends","A","jsx-text","","localize"
"apps/platform-console","Frontend/apps/platform-console/src/features/trials/TrialsPage.tsx","","","Members","A","jsx-text","","localize"
"apps/platform-console","Frontend/apps/platform-console/src/features/trials/TrialsPage.tsx","","","Health","A","jsx-text","","localize"
"apps/platform-console","Frontend/apps/platform-console/src/features/trials/TrialsPage.tsx","","","Price","A","jsx-text","","localize"
"apps/platform-console","Frontend/apps/platform-console/src/features/trials/TrialsPage.tsx","","","flex flex-col gap-4","A","string-literal","","localize"
"apps/platform-console","Frontend/apps/platform-console/src/features/trials/TrialsPage.tsx","","","flex flex-wrap items-end justify-between gap-3","A","string-literal","","localize"
"apps/platform-console","Frontend/apps/platform-console/src/features/trials/TrialsPage.tsx","","","text-[22px] font-bold tracking-tight text-gray-900","A","string-literal","","localize"
"apps/platform-console","Frontend/apps/platform-console/src/features/trials/TrialsPage.tsx","","","mt-1 max-w-3xl text-[13.5px] text-gray-500","A","string-literal","","localize"
"apps/platform-console","Frontend/apps/platform-console/src/features/trials/TrialsPage.tsx","","","font-semibold text-gray-700","A","string-literal","","localize"
"apps/platform-console","Frontend/apps/platform-console/src/features/trials/TrialsPage.tsx","","","cp-btn cp-btn-secondary","A","string-literal","","localize"
"apps/platform-console","Frontend/apps/platform-console/src/features/trials/TrialsPage.tsx","","","trial-rail cp-card px-4","A","string-literal","","localize"
"apps/platform-console","Frontend/apps/platform-console/src/features/trials/TrialsPage.tsx","","","text-xs font-semibold uppercase tracking-wide text-gray-500","A","string-literal","","localize"
"apps/platform-console","Frontend/apps/platform-console/src/features/trials/TrialsPage.tsx","","","mt-0.5 text-[11px] font-normal normal-case text-gray-400","A","string-literal","","localize"
"apps/platform-console","Frontend/apps/platform-console/src/features/trials/TrialsPage.tsx","","","mt-1 text-center text-[11px] font-semibold uppercase tracking-wide text-blue-700","A","string-literal","","localize"
"apps/platform-console","Frontend/apps/platform-console/src/features/trials/TrialsPage.tsx","","","text-right text-xs font-semibold uppercase tracking-wide text-amber-700","A","string-literal","","localize"
"apps/platform-console","Frontend/apps/platform-console/src/features/trials/TrialsPage.tsx","","","mt-0.5 text-[11px] font-normal normal-case text-gray-400","A","string-literal","","localize"
"apps/platform-console","Frontend/apps/platform-console/src/features/trials/TrialsPage.tsx","","","flex flex-wrap gap-2","A","string-literal","","localize"
"apps/platform-console","Frontend/apps/platform-console/src/features/trials/TrialsPage.tsx","","","Ending today","A","string-literal","","localize"
"apps/platform-console","Frontend/apps/platform-console/src/features/trials/TrialsPage.tsx","","","Ending in 3 days","A","string-literal","","localize"
"apps/platform-console","Frontend/apps/platform-console/src/features/trials/TrialsPage.tsx","","","Ending in 7 days","A","string-literal","","localize"
"apps/platform-console","Frontend/apps/platform-console/src/features/trials/TrialsPage.tsx","","","Ending in 14 days","A","string-literal","","localize"
"apps/platform-console","Frontend/apps/platform-console/src/features/trials/TrialsPage.tsx","","","At risk","A","string-literal","","localize"
"apps/platform-console","Frontend/apps/platform-console/src/features/trials/TrialsPage.tsx","","","flex flex-wrap gap-3 rounded-[var(--radius-lg)] border border-gray-200 bg-white p-3 shadow-[var(--shadow-sm)]","A","string-literal","","localize"
"apps/platform-console","Frontend/apps/platform-console/src/features/trials/TrialsPage.tsx","","","flex min-w-[12rem] flex-1 flex-col gap-1 text-sm","A","string-literal","","localize"
"apps/platform-console","Frontend/apps/platform-console/src/features/trials/TrialsPage.tsx","","","Gym name / code","A","string-literal","","localize"
"apps/platform-console","Frontend/apps/platform-console/src/features/trials/TrialsPage.tsx","","","mb-1 text-sm text-gray-500","A","string-literal","","localize"
"apps/platform-console","Frontend/apps/platform-console/src/features/trials/TrialsPage.tsx","","","overflow-x-auto rounded-[var(--radius-lg)] border border-gray-200 bg-white shadow-[var(--shadow-sm)]","A","string-literal","","localize"
"apps/platform-console","Frontend/apps/platform-console/src/features/trials/TrialsPage.tsx","","","cp-table min-w-[960px]","A","string-literal","","localize"
"apps/platform-console","Frontend/apps/platform-console/src/features/trials/TrialsPage.tsx","","","h-4 animate-pulse rounded bg-gray-200","A","string-literal","","localize"
"apps/platform-console","Frontend/apps/platform-console/src/features/trials/TrialsPage.tsx","","","py-8 text-center text-red-600","A","string-literal","","localize"
"apps/platform-console","Frontend/apps/platform-console/src/features/trials/TrialsPage.tsx","","","py-8 text-center text-gray-500","A","string-literal","","localize"
"apps/platform-console","Frontend/apps/platform-console/src/features/trials/TrialsPage.tsx","","","font-semibold text-gray-900","A","string-literal","","localize"
"apps/platform-console","Frontend/apps/platform-console/src/features/trials/TrialsPage.tsx","","","font-[var(--mono)] text-xs text-gray-400","A","string-literal","","localize"
"apps/platform-console","Frontend/apps/platform-console/src/features/trials/TrialsPage.tsx","","","text-sm text-gray-700","A","string-literal","","localize"
"apps/platform-console","Frontend/apps/platform-console/src/features/trials/TrialsPage.tsx","","","text-xs text-gray-400","A","string-literal","","localize"
"apps/platform-console","Frontend/apps/platform-console/src/features/trials/TrialsPage.tsx","","","tabular-nums text-gray-700","A","string-literal","","localize"
"apps/platform-console","Frontend/apps/platform-console/src/features/trials/TrialsPage.tsx","","","tabular-nums text-gray-700","A","string-literal","","localize"
"apps/platform-console","Frontend/apps/platform-console/src/features/trials/TrialsPage.tsx","","","flex items-center gap-2","A","string-literal","","localize"
"apps/platform-console","Frontend/apps/platform-console/src/features/trials/TrialsPage.tsx","","","font-[var(--mono)] tabular-nums text-gray-400","A","string-literal","","localize"
"apps/platform-console","Frontend/apps/platform-console/src/features/trials/TrialsPage.tsx","","","flex items-center justify-between text-sm text-gray-500","A","string-literal","","localize"
"apps/platform-console","Frontend/apps/platform-console/src/features/trials/TrialsPage.tsx","",""," · updating…","A","string-literal","","localize"
"apps/platform-console","Frontend/apps/platform-console/src/features/trials/TrialsPage.tsx","","","flex gap-2","A","string-literal","","localize"
"apps/platform-console","Frontend/apps/platform-console/src/features/trials/TrialsPage.tsx","","","cp-btn cp-btn-secondary","A","string-literal","","localize"
"apps/platform-console","Frontend/apps/platform-console/src/features/trials/TrialsPage.tsx","","","cp-btn cp-btn-secondary","A","string-literal","","localize"
"apps/platform-console","Frontend/apps/platform-console/src/features/usage/UsagePage.tsx","","","Usage","A","jsx-text","","localize"
"apps/platform-console","Frontend/apps/platform-console/src/features/usage/UsagePage.tsx","","","No usage counters recorded for this period yet.","A","jsx-text","","localize"
"apps/platform-console","Frontend/apps/platform-console/src/features/usage/UsagePage.tsx","","","Approaching Limits","A","jsx-text","","localize"
"apps/platform-console","Frontend/apps/platform-console/src/features/usage/UsagePage.tsx","","","Tenants Near Limit","A","jsx-text","","localize"
"apps/platform-console","Frontend/apps/platform-console/src/features/usage/UsagePage.tsx","","","Tenant","A","jsx-text","","localize"
"apps/platform-console","Frontend/apps/platform-console/src/features/usage/UsagePage.tsx","","","Metric","A","jsx-text","","localize"
"apps/platform-console","Frontend/apps/platform-console/src/features/usage/UsagePage.tsx","","","Count","A","jsx-text","","localize"
"apps/platform-console","Frontend/apps/platform-console/src/features/usage/UsagePage.tsx","","","Cap","A","jsx-text","","localize"
"apps/platform-console","Frontend/apps/platform-console/src/features/usage/UsagePage.tsx","","","flex flex-col gap-6","A","string-literal","","localize"
"apps/platform-console","Frontend/apps/platform-console/src/features/usage/UsagePage.tsx","","","text-2xl font-semibold text-gray-900","A","string-literal","","localize"
"apps/platform-console","Frontend/apps/platform-console/src/features/usage/UsagePage.tsx","","","text-sm text-gray-500","A","string-literal","","localize"
"apps/platform-console","Frontend/apps/platform-console/src/features/usage/UsagePage.tsx","","","flex flex-col gap-4","A","string-literal","","localize"
"apps/platform-console","Frontend/apps/platform-console/src/features/usage/UsagePage.tsx","","","grid gap-3 sm:grid-cols-2 lg:grid-cols-4","A","string-literal","","localize"
"apps/platform-console","Frontend/apps/platform-console/src/features/usage/UsagePage.tsx","","","h-24 animate-pulse rounded-[var(--radius)] bg-gray-200","A","string-literal","","localize"
"apps/platform-console","Frontend/apps/platform-console/src/features/usage/UsagePage.tsx","","","h-40 animate-pulse rounded-[var(--radius)] bg-gray-200","A","string-literal","","localize"
"apps/platform-console","Frontend/apps/platform-console/src/features/usage/UsagePage.tsx","","","rounded-[var(--radius)] border border-red-200 bg-red-50 px-4 py-3 text-sm text-red-800","A","string-literal","","localize"
"apps/platform-console","Frontend/apps/platform-console/src/features/usage/UsagePage.tsx","","","Failed to load usage summary.","A","string-literal","","localize"
"apps/platform-console","Frontend/apps/platform-console/src/features/usage/UsagePage.tsx","","","flex flex-col gap-6","A","string-literal","","localize"
"apps/platform-console","Frontend/apps/platform-console/src/features/usage/UsagePage.tsx","","","mb-2 flex flex-wrap items-baseline justify-between gap-2","A","string-literal","","localize"
"apps/platform-console","Frontend/apps/platform-console/src/features/usage/UsagePage.tsx","","","text-lg font-medium text-gray-900","A","string-literal","","localize"
"apps/platform-console","Frontend/apps/platform-console/src/features/usage/UsagePage.tsx","","","text-xs text-gray-500","A","string-literal","","localize"
"apps/platform-console","Frontend/apps/platform-console/src/features/usage/UsagePage.tsx","","","text-sm text-gray-500","A","string-literal","","localize"
"apps/platform-console","Frontend/apps/platform-console/src/features/usage/UsagePage.tsx","","","grid gap-3 sm:grid-cols-2 lg:grid-cols-4","A","string-literal","","localize"
"apps/platform-console","Frontend/apps/platform-console/src/features/usage/UsagePage.tsx","","","rounded-[var(--radius)] border border-gray-200 bg-white p-4","A","string-literal","","localize"
"apps/platform-console","Frontend/apps/platform-console/src/features/usage/UsagePage.tsx","","","text-xs uppercase tracking-wide text-gray-500","A","string-literal","","localize"
"apps/platform-console","Frontend/apps/platform-console/src/features/usage/UsagePage.tsx","","","mt-1 text-2xl font-semibold tabular-nums text-gray-900","A","string-literal","","localize"
"apps/platform-console","Frontend/apps/platform-console/src/features/usage/UsagePage.tsx","","","mt-1 text-xs text-gray-500","A","string-literal","","localize"
"apps/platform-console","Frontend/apps/platform-console/src/features/usage/UsagePage.tsx","","","mb-2 text-lg font-medium text-gray-900","A","string-literal","","localize"
"apps/platform-console","Frontend/apps/platform-console/src/features/usage/UsagePage.tsx","","","rounded-[var(--radius)] border border-dashed border-gray-200 bg-white/40 px-4 py-6 text-center text-sm text-gray-500","A","string-literal","","localize"
"apps/platform-console","Frontend/apps/platform-console/src/features/usage/UsagePage.tsx","","","flex flex-col gap-3 sm:flex-row","A","string-literal","","localize"
"apps/platform-console","Frontend/apps/platform-console/src/features/usage/UsagePage.tsx","","","flex-1 rounded-[var(--radius)] border border-gray-200 bg-white p-4","A","string-literal","","localize"
"apps/platform-console","Frontend/apps/platform-console/src/features/usage/UsagePage.tsx","","","mt-2 text-2xl font-semibold tabular-nums text-gray-900","A","string-literal","","localize"
"apps/platform-console","Frontend/apps/platform-console/src/features/usage/UsagePage.tsx","","","text-xs text-gray-500","A","string-literal","","localize"
"apps/platform-console","Frontend/apps/platform-console/src/features/usage/UsagePage.tsx","","","mb-2 text-lg font-medium text-gray-900","A","string-literal","","localize"
"apps/platform-console","Frontend/apps/platform-console/src/features/usage/UsagePage.tsx","","","text-sm text-gray-500","A","string-literal","","localize"
"apps/platform-console","Frontend/apps/platform-console/src/features/usage/UsagePage.tsx","","","overflow-x-auto rounded-[var(--radius)] border border-gray-200","A","string-literal","","localize"
"apps/platform-console","Frontend/apps/platform-console/src/features/usage/UsagePage.tsx","","","min-w-full text-left text-sm","A","string-literal","","localize"
"apps/platform-console","Frontend/apps/platform-console/src/features/usage/UsagePage.tsx","","","bg-gray-50 text-gray-500","A","string-literal","","localize"
"apps/platform-console","Frontend/apps/platform-console/src/features/usage/UsagePage.tsx","","","px-3 py-2 font-medium","A","string-literal","","localize"
"apps/platform-console","Frontend/apps/platform-console/src/features/usage/UsagePage.tsx","","","px-3 py-2 font-medium","A","string-literal","","localize"
"apps/platform-console","Frontend/apps/platform-console/src/features/usage/UsagePage.tsx","","","px-3 py-2 font-medium","A","string-literal","","localize"
"apps/platform-console","Frontend/apps/platform-console/src/features/usage/UsagePage.tsx","","","px-3 py-2 font-medium","A","string-literal","","localize"
"apps/platform-console","Frontend/apps/platform-console/src/features/usage/UsagePage.tsx","","","px-3 py-2 font-medium","A","string-literal","","localize"
"apps/platform-console","Frontend/apps/platform-console/src/features/usage/UsagePage.tsx","","","border-t border-gray-200","A","string-literal","","localize"
"apps/platform-console","Frontend/apps/platform-console/src/features/usage/UsagePage.tsx","","","font-medium text-blue-600 underline-offset-2 hover:underline","A","string-literal","","localize"
"apps/platform-console","Frontend/apps/platform-console/src/features/usage/UsagePage.tsx","","","ml-2 font-[var(--mono)] text-xs text-gray-500","A","string-literal","","localize"
"apps/platform-console","Frontend/apps/platform-console/src/features/usage/UsagePage.tsx","","","px-3 py-2 font-[var(--mono)] text-gray-700","A","string-literal","","localize"
"apps/platform-console","Frontend/apps/platform-console/src/features/usage/UsagePage.tsx","","","px-3 py-2 tabular-nums","A","string-literal","","localize"
"apps/platform-console","Frontend/apps/platform-console/src/features/usage/UsagePage.tsx","","","px-3 py-2 tabular-nums","A","string-literal","","localize"
"apps/platform-console","Frontend/apps/platform-console/src/layout/AppShell.tsx","","","GymFlow Platform","A","jsx-text","","localize"
"apps/platform-console","Frontend/apps/platform-console/src/layout/AppShell.tsx","","","Platform","A","jsx-text","","localize"
"apps/platform-console","Frontend/apps/platform-console/src/layout/AppShell.tsx","","","min-h-screen bg-[var(--canvas)] text-[var(--text)]","A","string-literal","","localize"
"apps/platform-console","Frontend/apps/platform-console/src/layout/AppShell.tsx","","","border-b border-amber-200 bg-amber-50 px-4 py-2 text-sm text-amber-900","A","string-literal","","localize"
"apps/platform-console","Frontend/apps/platform-console/src/layout/AppShell.tsx","","","flex min-h-[calc(100vh-2.5rem)]","A","string-literal","","localize"
"apps/platform-console","Frontend/apps/platform-console/src/layout/AppShell.tsx","","","flex items-center gap-3 border-b border-[var(--sidebar-border)] px-3 py-4","A","string-literal","","localize"
"apps/platform-console","Frontend/apps/platform-console/src/layout/AppShell.tsx","","","grid h-8 w-8 place-items-center rounded-lg bg-[var(--accent)] text-xs font-bold text-white","A","string-literal","","localize"
"apps/platform-console","Frontend/apps/platform-console/src/layout/AppShell.tsx","","","min-w-0 flex-1","A","string-literal","","localize"
"apps/platform-console","Frontend/apps/platform-console/src/layout/AppShell.tsx","","","truncate text-sm font-bold text-white","A","string-literal","","localize"
"apps/platform-console","Frontend/apps/platform-console/src/layout/AppShell.tsx","","","text-[10px] font-semibold uppercase tracking-wider text-slate-500","A","string-literal","","localize"
"apps/platform-console","Frontend/apps/platform-console/src/layout/AppShell.tsx","","","rounded px-2 py-1 text-xs text-slate-400 hover:bg-white/5 hover:text-white","A","string-literal","","localize"
"apps/platform-console","Frontend/apps/platform-console/src/layout/AppShell.tsx","","","Expand sidebar","A","string-literal","","localize"
"apps/platform-console","Frontend/apps/platform-console/src/layout/AppShell.tsx","","","Collapse sidebar","A","string-literal","","localize"
"apps/platform-console","Frontend/apps/platform-console/src/layout/AppShell.tsx","","","flex flex-1 flex-col gap-3 overflow-y-auto p-2","A","string-literal","","localize"
"apps/platform-console","Frontend/apps/platform-console/src/layout/AppShell.tsx","","","flex flex-col gap-0.5","A","string-literal","","localize"
"apps/platform-console","Frontend/apps/platform-console/src/layout/AppShell.tsx","","","px-2.5 pb-1 pt-1 text-[10px] font-bold uppercase tracking-wider text-slate-500","A","string-literal","","localize"
"apps/platform-console","Frontend/apps/platform-console/src/layout/AppShell.tsx","","","bg-[var(--accent)] text-white","A","string-literal","","localize"
"apps/platform-console","Frontend/apps/platform-console/src/layout/AppShell.tsx","","","text-slate-400 hover:bg-white/5 hover:text-white","A","string-literal","","localize"
"apps/platform-console","Frontend/apps/platform-console/src/layout/AppShell.tsx","","","ml-auto rounded bg-amber-500/20 px-1.5 py-0.5 text-[9px] font-extrabold uppercase tracking-wide text-amber-300","A","string-literal","","localize"
"apps/platform-console","Frontend/apps/platform-console/src/layout/AppShell.tsx","","","flex flex-col gap-2 border-t border-[var(--sidebar-border)] p-3","A","string-literal","","localize"
"apps/platform-console","Frontend/apps/platform-console/src/layout/AppShell.tsx","","","rounded border border-slate-700 px-2 py-1 text-[11px] text-slate-300 hover:bg-white/5","A","string-literal","","localize"
"apps/platform-console","Frontend/apps/platform-console/src/layout/AppShell.tsx","","","flex items-center gap-2.5","A","string-literal","","localize"
"apps/platform-console","Frontend/apps/platform-console/src/layout/AppShell.tsx","","","grid h-8 w-8 shrink-0 place-items-center rounded-full bg-slate-800 text-[11px] font-bold text-white","A","string-literal","","localize"
"apps/platform-console","Frontend/apps/platform-console/src/layout/AppShell.tsx","","","min-w-0 flex-1","A","string-literal","","localize"
"apps/platform-console","Frontend/apps/platform-console/src/layout/AppShell.tsx","","","truncate text-[12.5px] font-bold text-white","A","string-literal","","localize"
"apps/platform-console","Frontend/apps/platform-console/src/layout/AppShell.tsx","","","truncate text-[11px] text-slate-500","A","string-literal","","localize"
"apps/platform-console","Frontend/apps/platform-console/src/layout/AppShell.tsx","","","rounded border border-slate-700 px-2 py-1 text-[11px] text-slate-300 hover:bg-white/5","A","string-literal","","localize"
"apps/platform-console","Frontend/apps/platform-console/src/layout/AppShell.tsx","","","flex min-w-0 flex-1 flex-col","A","string-literal","","localize"
"apps/platform-console","Frontend/apps/platform-console/src/layout/AppShell.tsx","","","flex h-[52px] shrink-0 items-center gap-3 border-b border-[var(--border)] bg-white px-4 md:px-6","A","string-literal","","localize"
"apps/platform-console","Frontend/apps/platform-console/src/layout/AppShell.tsx","","","flex flex-wrap items-center gap-1.5 text-[13px] text-[var(--text-muted)]","A","string-literal","","localize"
"apps/platform-console","Frontend/apps/platform-console/src/layout/AppShell.tsx","","","font-semibold text-[var(--accent)]","A","string-literal","","localize"
"apps/platform-console","Frontend/apps/platform-console/src/layout/AppShell.tsx","","","font-bold text-[var(--text)]","A","string-literal","","localize"
"apps/platform-console","Frontend/apps/platform-console/src/layout/AppShell.tsx","","","ml-auto text-xs text-[var(--text-muted)]","A","string-literal","","localize"
"apps/platform-console","Frontend/apps/platform-console/src/layout/AppShell.tsx","","","flex-1 overflow-auto p-4 md:p-6","A","string-literal","","localize"
"apps/platform-console","Frontend/apps/platform-console/src/layout/AppShell.tsx","","","mx-auto max-w-[1280px]","A","string-literal","","localize"
"apps/platform-console","Frontend/apps/platform-console/src/lib/api/audit.msw.test.ts","","","Platform Admin","A","string-literal","","localize"
"apps/platform-console","Frontend/apps/platform-console/src/lib/api/audit.msw.test.ts","","","Fitness Factory","A","string-literal","","localize"
"apps/platform-console","Frontend/apps/platform-console/src/lib/api/audit.msw.test.ts","","","{""Reason"":""Customer requested more capacity""}","B","string-literal","","leave-technical"
"apps/platform-console","Frontend/apps/platform-console/src/lib/api/audit.msw.test.ts","","","global audit log API (MSW)","A","string-literal","","localize"
"apps/platform-console","Frontend/apps/platform-console/src/lib/api/audit.msw.test.ts","","","returns a paged result with tenant name/gym code on each row","A","string-literal","","localize"
"apps/platform-console","Frontend/apps/platform-console/src/lib/api/audit.msw.test.ts","","","Fitness Factory","A","string-literal","","localize"
"apps/platform-console","Frontend/apps/platform-console/src/lib/api/audit.msw.test.ts","","","passes tenantId through as a query filter","A","string-literal","","localize"
"apps/platform-console","Frontend/apps/platform-console/src/lib/api/errors.test.ts","","","appends detail when message is a generic provision failure","A","string-literal","","localize"
"apps/platform-console","Frontend/apps/platform-console/src/lib/api/errors.test.ts","","","Provisioning failed / فشل إنشاء الصالة","A","string-literal","","localize"
"apps/platform-console","Frontend/apps/platform-console/src/lib/api/errors.test.ts","","","Invalid column name 'ImpersonatedByPlatformUserId'.","A","string-literal","","localize"
"apps/platform-console","Frontend/apps/platform-console/src/lib/api/errors.test.ts","","","Provisioning failed","A","string-literal","","localize"
"apps/platform-console","Frontend/apps/platform-console/src/lib/api/platform-users.msw.test.ts","","","Platform Admin","A","string-literal","","localize"
"apps/platform-console","Frontend/apps/platform-console/src/lib/api/platform-users.msw.test.ts","","","Sarah Nabil","A","string-literal","","localize"
"apps/platform-console","Frontend/apps/platform-console/src/lib/api/platform-users.msw.test.ts","","","You can't disable your own account.","A","string-literal","","localize"
"apps/platform-console","Frontend/apps/platform-console/src/lib/api/platform-users.msw.test.ts","","","You can't change your own role.","A","string-literal","","localize"
"apps/platform-console","Frontend/apps/platform-console/src/lib/api/platform-users.msw.test.ts","","","platform users API (MSW)","A","string-literal","","localize"
"apps/platform-console","Frontend/apps/platform-console/src/lib/api/platform-users.msw.test.ts","","","lists platform users for an admin token","A","string-literal","","localize"
"apps/platform-console","Frontend/apps/platform-console/src/lib/api/platform-users.msw.test.ts","","","is forbidden for a non-admin token (whole resource is PlatformAdminOnly)","A","string-literal","","localize"
"apps/platform-console","Frontend/apps/platform-console/src/lib/api/platform-users.msw.test.ts","","","creates a user and it appears in the list","A","string-literal","","localize"
"apps/platform-console","Frontend/apps/platform-console/src/lib/api/platform-users.msw.test.ts","","","New Person","A","string-literal","","localize"
"apps/platform-console","Frontend/apps/platform-console/src/lib/api/platform-users.msw.test.ts","","","disables and reactivates a non-self user","A","string-literal","","localize"
"apps/platform-console","Frontend/apps/platform-console/src/lib/api/platform-users.msw.test.ts","","","changes role for a non-self user","A","string-literal","","localize"
"apps/platform-console","Frontend/apps/platform-console/src/lib/api/platform-users.msw.test.ts","","","backend rejects self-disable and self-role-change (SELF_PROTECTED)","A","string-literal","","localize"
"apps/platform-console","Frontend/apps/platform-console/src/lib/api/tenant-actions.msw.test.ts","","","Tenant is already on this tier.","A","string-literal","","localize"
"apps/platform-console","Frontend/apps/platform-console/src/lib/api/tenant-actions.msw.test.ts","","","Reason is required.","A","string-literal","","localize"
"apps/platform-console","Frontend/apps/platform-console/src/lib/api/tenant-actions.msw.test.ts","","","Reason required.","A","string-literal","","localize"
"apps/platform-console","Frontend/apps/platform-console/src/lib/api/tenant-actions.msw.test.ts","","","returns the updated subscription on success","A","string-literal","","localize"
"apps/platform-console","Frontend/apps/platform-console/src/lib/api/tenant-actions.msw.test.ts","","","Owner requested upgrade over the phone.","A","string-literal","","localize"
"apps/platform-console","Frontend/apps/platform-console/src/lib/api/tenant-actions.msw.test.ts","","","surfaces the backend errorMessage on failure (400)","A","string-literal","","localize"
"apps/platform-console","Frontend/apps/platform-console/src/lib/api/tenant-actions.msw.test.ts","","","Tenant is already on this tier.","A","string-literal","","localize"
"apps/platform-console","Frontend/apps/platform-console/src/lib/api/tenant-actions.msw.test.ts","","","marks a scheduled downgrade via pendingDowngradeTier","A","string-literal","","localize"
"apps/platform-console","Frontend/apps/platform-console/src/lib/api/tenant-actions.msw.test.ts","","","Tenant requested downsizing at renewal.","A","string-literal","","localize"
"apps/platform-console","Frontend/apps/platform-console/src/lib/api/tenant-actions.msw.test.ts","","","schedules cancel-at-period-end by default","A","string-literal","","localize"
"apps/platform-console","Frontend/apps/platform-console/src/lib/api/tenant-actions.msw.test.ts","","","Owner closing the gym at contract end.","A","string-literal","","localize"
"apps/platform-console","Frontend/apps/platform-console/src/lib/api/tenant-actions.msw.test.ts","","","cancels immediately when requested","A","string-literal","","localize"
"apps/platform-console","Frontend/apps/platform-console/src/lib/api/tenant-actions.msw.test.ts","","","Fraudulent signup confirmed by support.","A","string-literal","","localize"
"apps/platform-console","Frontend/apps/platform-console/src/lib/api/tenant-actions.msw.test.ts","","","returns active subscription after convert","A","string-literal","","localize"
"apps/platform-console","Frontend/apps/platform-console/src/lib/api/tenant-actions.msw.test.ts","","","Contract signed offline.","A","string-literal","","localize"
"apps/platform-console","Frontend/apps/platform-console/src/lib/api/tenant-actions.msw.test.ts","","","creates new active subscription row","A","string-literal","","localize"
"apps/platform-console","Frontend/apps/platform-console/src/lib/api/tenant-actions.msw.test.ts","","","Customer returned after churn.","A","string-literal","","localize"
"apps/platform-console","Frontend/apps/platform-console/src/lib/api/tenant-staff.msw.test.ts","","","Amira Owner","A","string-literal","","localize"
"apps/platform-console","Frontend/apps/platform-console/src/lib/api/tenant-staff.msw.test.ts","","","Karim Trainer","A","string-literal","","localize"
"apps/platform-console","Frontend/apps/platform-console/src/lib/api/tenant-staff.msw.test.ts","","","Amira Owner","A","string-literal","","localize"
"apps/platform-console","Frontend/apps/platform-console/src/lib/api/tenant-staff.msw.test.ts","","","Karim Trainer","A","string-literal","","localize"
"apps/platform-console","Frontend/apps/platform-console/src/lib/api/tenant-staff.msw.test.ts","","","Cannot create owner role via this endpoint.","A","string-literal","","localize"
"apps/platform-console","Frontend/apps/platform-console/src/lib/api/tenant-staff.msw.test.ts","","","Staff user not found.","A","string-literal","","localize"
"apps/platform-console","Frontend/apps/platform-console/src/lib/api/tenant-staff.msw.test.ts","","","The gym owner cannot be disabled.","A","string-literal","","localize"
"apps/platform-console","Frontend/apps/platform-console/src/lib/api/tenant-staff.msw.test.ts","","","Staff user not found.","A","string-literal","","localize"
"apps/platform-console","Frontend/apps/platform-console/src/lib/api/tenant-staff.msw.test.ts","","","Staff user not found.","A","string-literal","","localize"
"apps/platform-console","Frontend/apps/platform-console/src/lib/api/tenant-staff.msw.test.ts","","","The gym owner cannot be demoted.","A","string-literal","","localize"
"apps/platform-console","Frontend/apps/platform-console/src/lib/api/tenant-staff.msw.test.ts","","","tenant staff API (MSW)","A","string-literal","","localize"
"apps/platform-console","Frontend/apps/platform-console/src/lib/api/tenant-staff.msw.test.ts","","","lists staff scoped to the tenant in the URL","A","string-literal","","localize"
"apps/platform-console","Frontend/apps/platform-console/src/lib/api/tenant-staff.msw.test.ts","","","creates a staff member and it appears in that tenant only","A","string-literal","","localize"
"apps/platform-console","Frontend/apps/platform-console/src/lib/api/tenant-staff.msw.test.ts","","","New Receptionist","A","string-literal","","localize"
"apps/platform-console","Frontend/apps/platform-console/src/lib/api/tenant-staff.msw.test.ts","","","rejects creating a second Owner","A","string-literal","","localize"
"apps/platform-console","Frontend/apps/platform-console/src/lib/api/tenant-staff.msw.test.ts","","","Second Owner","A","string-literal","","localize"
"apps/platform-console","Frontend/apps/platform-console/src/lib/api/tenant-staff.msw.test.ts","","","disables and reactivates a non-owner staff member","A","string-literal","","localize"
"apps/platform-console","Frontend/apps/platform-console/src/lib/api/tenant-staff.msw.test.ts","","","Left the company effective today.","A","string-literal","","localize"
"apps/platform-console","Frontend/apps/platform-console/src/lib/api/tenant-staff.msw.test.ts","","","Rehired, restoring access.","A","string-literal","","localize"
"apps/platform-console","Frontend/apps/platform-console/src/lib/api/tenant-staff.msw.test.ts","","","changes role for a non-owner staff member","A","string-literal","","localize"
"apps/platform-console","Frontend/apps/platform-console/src/lib/api/tenant-staff.msw.test.ts","","","Promoted to floor manager.","A","string-literal","","localize"
"apps/platform-console","Frontend/apps/platform-console/src/lib/api/tenant-staff.msw.test.ts","","","rejects disabling or demoting the Owner (OWNER_PROTECTED)","A","string-literal","","localize"
"apps/platform-console","Frontend/apps/platform-console/src/lib/api/tenant-staff.msw.test.ts","","","Attempting to disable the owner.","A","string-literal","","localize"
"apps/platform-console","Frontend/apps/platform-console/src/lib/api/tenant-staff.msw.test.ts","","","Attempting to demote the owner.","A","string-literal","","localize"
"apps/platform-console","Frontend/apps/platform-console/src/lib/api/tenant-staff.msw.test.ts","","","rejects a cross-tenant staff id with NOT_FOUND (backend enforces isolation, not the client)","A","string-literal","","localize"
"apps/platform-console","Frontend/apps/platform-console/src/lib/api/tenant-staff.msw.test.ts","","","Cross-tenant probe should fail.","A","string-literal","","localize"
"apps/platform-console","Frontend/apps/platform-console/src/lib/api/types.test.ts","","","orders starter < growth < pro < enterprise","A","string-literal","","localize"
"apps/platform-console","Frontend/apps/platform-console/src/lib/api/types.test.ts","","","covers every known tier","A","string-literal","","localize"
"apps/platform-console","Frontend/apps/platform-console/src/lib/api/types.test.ts","","","returns -1 for an unknown tier rather than throwing","A","string-literal","","localize"
"apps/platform-console","Frontend/apps/platform-console/src/lib/api/usage.msw.test.ts","","","Urban Strength","A","string-literal","","localize"
"apps/platform-console","Frontend/apps/platform-console/src/lib/api/usage.msw.test.ts","","","usage summary API (MSW)","A","string-literal","","localize"
"apps/platform-console","Frontend/apps/platform-console/src/lib/api/usage.msw.test.ts","","","returns the real response shape unchanged","A","string-literal","","localize"
"apps/platform-console","Frontend/apps/platform-console/src/lib/api/usage.msw.test.ts","","","surfaces a 403 as an ApiClientError (Support/Ops/Admin all allowed server-side)","A","string-literal","","localize"
"apps/platform-console","Frontend/apps/platform-console/src/lib/format.test.ts","","","format helpers","A","string-literal","","localize"
"apps/platform-console","Frontend/apps/platform-console/src/lib/format.test.ts","","","formats money with thousands separators and EGP suffix","A","string-literal","","localize"
"apps/platform-console","Frontend/apps/platform-console/src/lib/format.test.ts","","","formats DateOnly values","A","string-literal","","localize"
"apps/platform-console","Frontend/apps/platform-console/src/lib/format.test.ts","","","formats percent rates (0–1 → %)","A","string-literal","","localize"
"apps/platform-console","Frontend/apps/platform-console/src/lib/platform-roles.test.ts","","","platform role gating","A","string-literal","","localize"
"apps/platform-console","Frontend/apps/platform-console/src/lib/platform-roles.test.ts","","","treats ops and admin as Ops+","A","string-literal","","localize"
"apps/platform-console","Frontend/apps/platform-console/src/lib/platform-roles.test.ts","","","detects admin","A","string-literal","","localize"
"apps/platform-console","Frontend/apps/platform-console/src/lib/platform-roles.test.ts","","","requires audit reasons of sufficient length","A","string-literal","","localize"
"apps/platform-console","Frontend/apps/platform-console/src/lib/platform-roles.test.ts","","","   padded enough reason   ","A","string-literal","","localize"
"apps/platform-console","Frontend/apps/platform-console/src/lib/usage-limits.ts","","","bg-amber-900 text-amber-100","A","string-literal","","localize"
"apps/platform-console","Frontend/apps/platform-console/src/lib/usage-limits.ts","","","bg-red-900 text-red-200","A","string-literal","","localize"
"apps/platform-console","Frontend/apps/platform-console/src/lib/usage-limits.ts","","","bg-red-950 text-red-100 ring-1 ring-red-700","A","string-literal","","localize"
"backend","GMS.Application/Services/ActivityService.cs","","","Activity not found / النشاط غير موجود","A","Failure","","localize"
"backend","GMS.Application/Services/ActivityService.cs","","","Name is required / الاسم مطلوب","A","Failure","","localize"
"backend","GMS.Application/Services/ActivityService.cs","","","Invalid activity kind / نوع النشاط غير صالح","A","Failure","","localize"
"backend","GMS.Application/Services/ActivityService.cs","","","Activity not found / النشاط غير موجود","A","Failure","","localize"
"backend","GMS.Application/Services/ActivityService.cs","","","System activities cannot be edited / لا يمكن تعديل أنشطة النظام","A","Failure","","localize"
"backend","GMS.Application/Services/ActivityService.cs","","","Name is required / الاسم مطلوب","A","Failure","","localize"
"backend","GMS.Application/Services/ActivityService.cs","","","Activity not found / النشاط غير موجود","A","Failure","","localize"
"backend","GMS.Application/Services/ActivityService.cs","","","System activities cannot be deleted / لا يمكن حذف أنشطة النظام","A","Failure","","localize"
"backend","GMS.Application/Services/ActivityService.cs","","","Activity not found / النشاط غير موجود","A","Failure","","localize"
"backend","GMS.Application/Services/ActivityService.cs","","","Activity not found / النشاط غير موجود","A","Failure","","localize"
"backend","GMS.Application/Services/ActivityService.cs","","","Schedules apply to classes only / الجداول للحصص فقط","A","Failure","","localize"
"backend","GMS.Application/Services/ActivityService.cs","","","Select at least one day / اختر يوماً واحداً على الأقل","A","Failure","","localize"
"backend","GMS.Application/Services/ActivityService.cs","","","Invalid time / الوقت غير صالح","A","Failure","","localize"
"backend","GMS.Application/Services/ActivityService.cs","","","End time must be after start / وقت الانتهاء بعد البداية","A","Failure","","localize"
"backend","GMS.Application/Services/ActivityService.cs","","","Capacity must be at least 1 / السعة 1 على الأقل","A","Failure","","localize"
"backend","GMS.Application/Services/ActivityService.cs","","","Coach not found / المدرب غير موجود","A","Failure","","localize"
"backend","GMS.Application/Services/ActivityService.cs","","","Schedule not found / الجدول غير موجود","A","Failure","","localize"
"backend","GMS.Application/Services/AdminService.cs","","","Failed to retrieve staff users / فشل في جلب مستخدمي المنظمة","A","Failure","","localize"
"backend","GMS.Application/Services/AdminService.cs","","","Failed to retrieve staff user / فشل في جلب المستخدم","A","Failure","","localize"
"backend","GMS.Application/Services/AdminService.cs","","","Cannot create owner role via this endpoint / لا يمكن إنشاء دور المالك من خلال هذا الطلب","A","Failure","","localize"
"backend","GMS.Application/Services/AdminService.cs","","","PLAN_LIMIT_EXCEEDED|Staff seat limit reached for this plan / تم الوصول لحد مقاعد الموظفين لهذه الخطة","A","Failure","","localize"
"backend","GMS.Application/Services/AdminService.cs","","","Failed to create staff user / فشل في إنشاء المستخدم","A","Failure","","localize"
"backend","GMS.Application/Services/AdminService.cs","","","PLAN_LIMIT_EXCEEDED|Staff seat limit reached for this plan / تم الوصول لحد مقاعد الموظفين لهذه الخطة","A","Failure","","localize"
"backend","GMS.Application/Services/AdminService.cs","","","Failed to update staff user / فشل في تحديث المستخدم","A","Failure","","localize"
"backend","GMS.Application/Services/AdminService.cs","","","Failed to deactivate staff user / فشل في إيقاف المستخدم","A","Failure","","localize"
"backend","GMS.Application/Services/AdminService.cs","","","Failed to reset password / فشل في إعادة تعيين كلمة المرور","A","Failure","","localize"
"backend","GMS.Application/Services/AdminService.cs","","","Failed to reset password / فشل في إعادة تعيين كلمة المرور","A","Failure","","localize"
"backend","GMS.Application/Services/AdminService.cs","","","Could not save photo / تعذر حفظ الصورة","A","Failure","","localize"
"backend","GMS.Application/Services/AdminService.cs","","","Could not load activity / تعذر تحميل النشاط","A","Failure","","localize"
"backend","GMS.Application/Services/AnalyticsService.cs","","","Failed to get dashboard overview","A","Failure","","localize"
"backend","GMS.Application/Services/AnalyticsService.cs","","","Failed to get revenue chart","A","Failure","","localize"
"backend","GMS.Application/Services/AnalyticsService.cs","","","Failed to get attendance heatmap","A","Failure","","localize"
"backend","GMS.Application/Services/AnalyticsService.cs","","","Failed to get member status breakdown","A","Failure","","localize"
"backend","GMS.Application/Services/AnalyticsService.cs","","","Failed to get invitation funnel","A","Failure","","localize"
"backend","GMS.Application/Services/AnalyticsService.cs","","","Invalid month format, expected yyyy-MM / صيغة الشهر غير صحيحة، يجب أن تكون بصيغة yyyy-MM","A","Failure","","localize"
"backend","GMS.Application/Services/AnalyticsService.cs","","","Failed to get trial analytics / فشل جلب تحليلات التجربة المجانية","A","Failure","","localize"
"backend","GMS.Application/Services/AnalyticsService.cs","","","Failed to calculate real-time dashboard","A","Failure","","localize"
"backend","GMS.Application/Services/AttendanceCalculator.cs","","","Check-out must be after check-in / وقت الانصراف يجب أن يكون بعد وقت الحضور","A","Failure","","localize"
"backend","GMS.Application/Services/AuthService.cs","","","Invalid gym code.","A","Failure","","localize"
"backend","GMS.Application/Services/AuthService.cs","","","This gym is currently inactive. Contact support.","A","Failure","","localize"
"backend","GMS.Application/Services/AuthService.cs","","","Invalid email or password.","A","Failure","","localize"
"backend","GMS.Application/Services/AuthService.cs","","","Invalid email or password.","A","Failure","","localize"
"backend","GMS.Application/Services/AuthService.cs","","","Your account is disabled. Contact your gym manager.","A","Failure","","localize"
"backend","GMS.Application/Services/AuthService.cs","","","Invalid email or password.","A","Failure","","localize"
"backend","GMS.Application/Services/AuthService.cs","","","SUBSCRIPTION_SUSPENDED|This gym subscription is suspended. Please pay the outstanding GymFlow invoice / الاشتراك موقوف — يرجى سداد فاتورة GymFlow","A","Failure","","localize"
"backend","GMS.Application/Services/AuthService.cs","","","Invalid refresh token.","A","Failure","","localize"
"backend","GMS.Application/Services/AuthService.cs","","","Refresh token is expired or revoked.","A","Failure","","localize"
"backend","GMS.Application/Services/AuthService.cs","","","Your account is disabled.","A","Failure","","localize"
"backend","GMS.Application/Services/AuthService.cs","","","Tenant not found or inactive.","A","Failure","","localize"
"backend","GMS.Application/Services/AuthService.cs","","","SUBSCRIPTION_SUSPENDED|This gym subscription is suspended. Please pay the outstanding GymFlow invoice / الاشتراك موقوف — يرجى سداد فاتورة GymFlow","A","Failure","","localize"
"backend","GMS.Application/Services/AuthService.cs","","","Invalid gym code.","A","Failure","","localize"
"backend","GMS.Application/Services/AuthService.cs","","","This gym is currently inactive. Contact support.","A","Failure","","localize"
"backend","GMS.Application/Services/AuthService.cs","","","No active member found with this phone number at this gym.","A","Failure","","localize"
"backend","GMS.Application/Services/AuthService.cs","","","No email address on file. Please contact gym staff to add your email. ","A","Failure","","localize"
"backend","GMS.Application/Services/AuthService.cs","","","Failed to send verification code. Please try again.","A","Failure","","localize"
"backend","GMS.Application/Services/AuthService.cs","","","Invalid or expired verification code / رمز التحقق غير صحيح أو منتهي الصلاحية.","A","Failure","","localize"
"backend","GMS.Application/Services/AuthService.cs","","","This gym is currently inactive.","A","Failure","","localize"
"backend","GMS.Application/Services/AuthService.cs","","","Invalid or expired verification code / رمز التحقق غير صحيح أو منتهي الصلاحية.","A","Failure","","localize"
"backend","GMS.Application/Services/AuthService.cs","","","Invalid or expired verification code / رمز التحقق غير صحيح أو منتهي الصلاحية.","A","Failure","","localize"
"backend","GMS.Application/Services/AuthService.cs","","","An error occurred. Please try again.","A","Failure","","localize"
"backend","GMS.Application/Services/AuthService.cs","","","An error occurred. Please try again.","A","Failure","","localize"
"backend","GMS.Application/Services/AuthService.cs","","","Invalid or expired activation code.","A","Failure","","localize"
"backend","GMS.Application/Services/AuthService.cs","","","Unable to activate this account.","A","Failure","","localize"
"backend","GMS.Application/Services/AuthService.cs","","","Unable to activate this account.","A","Failure","","localize"
"backend","GMS.Application/Services/AuthService.cs","","","Invalid or expired activation code.","A","Failure","","localize"
"backend","GMS.Application/Services/AuthService.cs","","","Unable to activate this account.","A","Failure","","localize"
"backend","GMS.Application/Services/AuthService.cs","","","Unable to activate this account.","A","Failure","","localize"
"backend","GMS.Application/Services/CallSheetService.cs","","","Failed to load follow-ups / فشل تحميل المتابعات","A","Failure","","localize"
"backend","GMS.Application/Services/CallSheetService.cs","","","Failed to load summary / فشل تحميل الملخص","A","Failure","","localize"
"backend","GMS.Application/Services/CallSheetService.cs","","","Failed to load follow-up / فشل تحميل المتابعة","A","Failure","","localize"
"backend","GMS.Application/Services/CallSheetService.cs","","","Failed to create follow-up / فشل إنشاء المتابعة","A","Failure","","localize"
"backend","GMS.Application/Services/CallSheetService.cs","","","Failed to record call outcome / فشل تسجيل نتيجة الاتصال","A","Failure","","localize"
"backend","GMS.Application/Services/CallSheetService.cs","","","Failed to complete follow-up / فشل إكمال المتابعة","A","Failure","","localize"
"backend","GMS.Application/Services/CallSheetService.cs","","","Failed to retrieve call sheet / فشل جلب قائمة الاتصال","A","Failure","","localize"
"backend","GMS.Application/Services/CallSheetService.cs","","","Failed to compute renewal rate / فشل حساب معدل التجديد","A","Failure","","localize"
"backend","GMS.Application/Services/CashExpenseService.cs","","","Expense amount must be greater than zero.","A","Failure","","localize"
"backend","GMS.Application/Services/CashExpenseService.cs","","","Expense category is required.","A","Failure","","localize"
"backend","GMS.Application/Services/CashExpenseService.cs","","","Expense category must be a structured running-cost category.","A","Failure","","localize"
"backend","GMS.Application/Services/CashExpenseService.cs","","","Expense type is required.","A","Failure","","localize"
"backend","GMS.Application/Services/CashExpenseService.cs","","","Expense type is invalid for the selected category.","A","Failure","","localize"
"backend","GMS.Application/Services/CashExpenseService.cs","","","Expense payment method is invalid.","A","Failure","","localize"
"backend","GMS.Application/Services/CashExpenseService.cs","","","Cash running costs require an open shift.","A","Failure","","localize"
"backend","GMS.Application/Services/CashExpenseService.cs","","","The selected cash shift is not open for this expense.","A","Failure","","localize"
"backend","GMS.Application/Services/CashExpenseService.cs","","","Authenticated staff profile was not found for this gym.","A","Failure","","localize"
"backend","GMS.Application/Services/CashExpenseService.cs","","","Invalid expense date range.","A","Failure","","localize"
"backend","GMS.Application/Services/CashExpenseService.cs","","","Expense not found.","A","Failure","","localize"
"backend","GMS.Application/Services/CashExpenseService.cs","","","Expense amount must be greater than zero.","A","Failure","","localize"
"backend","GMS.Application/Services/CashExpenseService.cs","","","Expense category is required.","A","Failure","","localize"
"backend","GMS.Application/Services/CashExpenseService.cs","","","Expense status must be posted or void.","A","Failure","","localize"
"backend","GMS.Application/Services/CashExpenseService.cs","","","The selected cash shift is not open for this expense.","A","Failure","","localize"
"backend","GMS.Application/Services/CashExpenseService.cs","","","A posted cash expense on a closed shift cannot be moved or edited.","A","Failure","","localize"
"backend","GMS.Application/Services/CashExpenseService.cs","","","A cash expense requires an open shift.","A","Failure","","localize"
"backend","GMS.Application/Services/CashExpenseService.cs","","","Expense payment method is invalid.","A","Failure","","localize"
"backend","GMS.Application/Services/DebtorsService.cs","","","Failed to retrieve debtors / فشل جلب قائمة المدينين","A","Failure","","localize"
"backend","GMS.Application/Services/DebtorsService.cs","","","Failed to retrieve debtors / فشل جلب قائمة المدينين","A","Failure","","localize"
"backend","GMS.Application/Services/DebtorsService.cs","","","Failed to retrieve debtor summary / فشل جلب ملخص المديونيات","A","Failure","","localize"
"backend","GMS.Application/Services/DebtorsService.cs","","","Failed to retrieve outstanding sales / فشل جلب المبيعات المستحقة","A","Failure","","localize"
"backend","GMS.Application/Services/DebtorsService.cs","","","Failed to send payment reminder / فشل إرسال تذكير الدفع","A","Failure","","localize"
"backend","GMS.Application/Services/DepartmentService.cs","","","Department not found / القسم غير موجود","A","Failure","","localize"
"backend","GMS.Application/Services/DepartmentService.cs","","","Name is required / الاسم مطلوب","A","Failure","","localize"
"backend","GMS.Application/Services/DepartmentService.cs","","","Department name already exists / اسم القسم مستخدم بالفعل","A","Failure","","localize"
"backend","GMS.Application/Services/DepartmentService.cs","","","Department not found / القسم غير موجود","A","Failure","","localize"
"backend","GMS.Application/Services/DepartmentService.cs","","","Name is required / الاسم مطلوب","A","Failure","","localize"
"backend","GMS.Application/Services/DepartmentService.cs","","","Department name already exists / اسم القسم مستخدم بالفعل","A","Failure","","localize"
"backend","GMS.Application/Services/DropInService.cs","","","Invalid payment method / طريقة دفع غير صالحة","A","Failure","","localize"
"backend","GMS.Application/Services/DropInService.cs","","","Electronic drop-in payments must be authorized through a gateway before booking / يجب اعتماد مدفوعات الدخول الإلكتروني عبر البوابة قبل الحجز","A","Failure","","localize"
"backend","GMS.Application/Services/DropInService.cs","","","Guest name and phone are required / اسم ورقم هاتف الضيف مطلوبان","A","Failure","","localize"
"backend","GMS.Application/Services/DropInService.cs","","","Guest name or phone is too long / اسم الضيف أو هاتفه طويل جداً","A","Failure","","localize"
"backend","GMS.Application/Services/DropInService.cs","","","Account credit requires a member / رصيد الحساب يتطلب عضواً","A","Failure","","localize"
"backend","GMS.Application/Services/DropInService.cs","","","Session not found / الحصة غير موجودة","A","Failure","","localize"
"backend","GMS.Application/Services/DropInService.cs","","","Session is cancelled / الحصة ملغاة","A","Failure","","localize"
"backend","GMS.Application/Services/DropInService.cs","","","Session already ended / انتهت الحصة","A","Failure","","localize"
"backend","GMS.Application/Services/DropInService.cs","","","Drop-in not available for this class / الدخول الفردي غير متاح لهذا النشاط","A","Failure","","localize"
"backend","GMS.Application/Services/DropInService.cs","","","Member not found / العضو غير موجود","A","Failure","","localize"
"backend","GMS.Application/Services/DropInService.cs","","","Staff user not found / لم يتم العثور على المستخدم","A","Failure","","localize"
"backend","GMS.Application/Services/DropInService.cs","","","No open shift for cash payment / لا توجد وردية مفتوحة للدفع النقدي","A","Failure","","localize"
"backend","GMS.Application/Services/DropInService.cs","","","Full drop-in payment is required before booking / يجب دفع قيمة الدخول الفردي كاملة قبل الحجز","A","Failure","","localize"
"backend","GMS.Application/Services/DropInService.cs","","","Member's account credit balance is insufficient / رصيد العضو غير كافٍ","A","Failure","","localize"
"backend","GMS.Application/Services/EmployeeAppActivationService.cs","","","Employee not found / الموظف غير موجود","A","Failure","","localize"
"backend","GMS.Application/Services/EmployeeAppActivationService.cs","","","Unable to activate this account. / لا يمكن تفعيل هذا الحساب.","A","Failure","","localize"
"backend","GMS.Application/Services/EmployeeAppActivationService.cs","","","Invalid or expired activation code.","A","Failure","","localize"
"backend","GMS.Application/Services/EmployeeAppActivationService.cs","","","Invalid or expired activation code.","A","Failure","","localize"
"backend","GMS.Application/Services/EmployeeAppActivationService.cs","","","This activation code has already been used.","A","Failure","","localize"
"backend","GMS.Application/Services/EmployeeAppActivationService.cs","","","Invalid or expired activation code.","A","Failure","","localize"
"backend","GMS.Application/Services/EmployeeAppActivationService.cs","","","Unable to activate this account.","A","Failure","","localize"
"backend","GMS.Application/Services/EmployeeAppActivationService.cs","","","This activation code has already been used.","A","Failure","","localize"
"backend","GMS.Application/Services/EmployeeAttendanceService.cs","","","Employee not found / الموظف غير موجود","A","Failure","","localize"
"backend","GMS.Application/Services/EmployeeAttendanceService.cs","","","Already checked in today / تم تسجيل الحضور بالفعل اليوم","A","Failure","","localize"
"backend","GMS.Application/Services/EmployeeAttendanceService.cs","","","Cannot check out without checking in first / لا يمكن تسجيل الانصراف قبل تسجيل الحضور","A","Failure","","localize"
"backend","GMS.Application/Services/EmployeeAttendanceService.cs","","","Already checked out today / تم تسجيل الانصراف بالفعل اليوم","A","Failure","","localize"
"backend","GMS.Application/Services/EmployeeAttendanceService.cs","","","Attendance record not found / سجل الحضور غير موجود","A","Failure","","localize"
"backend","GMS.Application/Services/EmployeeAttendanceService.cs","","","Invalid status / حالة غير صالحة","A","Failure","","localize"
"backend","GMS.Application/Services/EmployeeAttendanceService.cs","","","Check-out must be after check-in / وقت الانصراف يجب أن يكون بعد وقت الحضور","A","Failure","","localize"
"backend","GMS.Application/Services/EmployeeDocumentService.cs","","","Employee not found / الموظف غير موجود","A","Failure","","localize"
"backend","GMS.Application/Services/EmployeeDocumentService.cs","","","Employee not found / الموظف غير موجود","A","Failure","","localize"
"backend","GMS.Application/Services/EmployeeDocumentService.cs","","","Invalid document type / نوع المستند غير صالح","A","Failure","","localize"
"backend","GMS.Application/Services/EmployeeDocumentService.cs","","","Expiry date cannot be before issue date / تاريخ الانتهاء لا يمكن أن يسبق تاريخ الإصدار","A","Failure","","localize"
"backend","GMS.Application/Services/EmployeeDocumentService.cs","","","Document not found / المستند غير موجود","A","Failure","","localize"
"backend","GMS.Application/Services/EmployeeDocumentService.cs","","","Document not found / المستند غير موجود","A","Failure","","localize"
"backend","GMS.Application/Services/EmployeeDocumentService.cs","","","Document not found / المستند غير موجود","A","Failure","","localize"
"backend","GMS.Application/Services/EmployeeDocumentService.cs","","","File is unavailable / الملف غير متاح","A","Failure","","localize"
"backend","GMS.Application/Services/EmployeeScheduleService.cs","","","Employee not found / الموظف غير موجود","A","Failure","","localize"
"backend","GMS.Application/Services/EmployeeScheduleService.cs","","","Shift template not found / قالب الوردية غير موجود","A","Failure","","localize"
"backend","GMS.Application/Services/EmployeeScheduleService.cs","","","Schedule assignment not found / لا يوجد تعيين وردية لهذا اليوم","A","Failure","","localize"
"backend","GMS.Application/Services/EmployeeScheduleService.cs","","","End date must be on or after start date / تاريخ الانتهاء يجب أن يكون بعد تاريخ البدء","A","Failure","","localize"
"backend","GMS.Application/Services/EmployeeScheduleService.cs","","","Select at least one employee / اختر موظفاً واحداً على الأقل","A","Failure","","localize"
"backend","GMS.Application/Services/EmployeeScheduleService.cs","","","Shift template not found / قالب الوردية غير موجود","A","Failure","","localize"
"backend","GMS.Application/Services/EmployeeService.cs","","","Employee not found / الموظف غير موجود","A","Failure","","localize"
"backend","GMS.Application/Services/EmployeeService.cs","","","First and last name are required / الاسم الأول والأخير مطلوبان","A","Failure","","localize"
"backend","GMS.Application/Services/EmployeeService.cs","","","Employee not found / الموظف غير موجود","A","Failure","","localize"
"backend","GMS.Application/Services/EmployeeService.cs","","","First and last name are required / الاسم الأول والأخير مطلوبان","A","Failure","","localize"
"backend","GMS.Application/Services/EmployeeService.cs","","","Status must be Active or Suspended here — use terminate for termination / الحالة يجب أن تكون نشط أو موقوف، استخدم إنهاء الخدمة للإنهاء","A","Failure","","localize"
"backend","GMS.Application/Services/EmployeeService.cs","","","Employee not found / الموظف غير موجود","A","Failure","","localize"
"backend","GMS.Application/Services/EmployeeService.cs","","","Employee is already terminated / الموظف منتهي الخدمة بالفعل","A","Failure","","localize"
"backend","GMS.Application/Services/EmployeeService.cs","","","Termination date cannot be before hire date / تاريخ إنهاء الخدمة لا يمكن أن يسبق تاريخ التعيين","A","Failure","","localize"
"backend","GMS.Application/Services/EmployeeService.cs","","","Employee not found / الموظف غير موجود","A","Failure","","localize"
"backend","GMS.Application/Services/EmployeeService.cs","","","Employee not found / الموظف غير موجود","A","Failure","","localize"
"backend","GMS.Application/Services/EmployeeService.cs","","","Employee not found / الموظف غير موجود","A","Failure","","localize"
"backend","GMS.Application/Services/EmployeeService.cs","","","Invalid employment type / نوع التوظيف غير صالح","A","Failure","","localize"
"backend","GMS.Application/Services/EmployeeService.cs","","","End date must be after start date / تاريخ الانتهاء يجب أن يكون بعد تاريخ البدء","A","Failure","","localize"
"backend","GMS.Application/Services/EmployeeService.cs","","","Basic salary cannot be negative / الراتب الأساسي لا يمكن أن يكون سالباً","A","Failure","","localize"
"backend","GMS.Application/Services/EmployeeService.cs","","","Invalid contract status / حالة العقد غير صالحة","A","Failure","","localize"
"backend","GMS.Application/Services/EmployeeService.cs","","","This contract's dates overlap an existing contract for this employee / تواريخ هذا العقد تتداخل مع عقد آخر لنفس الموظف","A","Failure","","localize"
"backend","GMS.Application/Services/EmployeeService.cs","","","Employee not found / الموظف غير موجود","A","Failure","","localize"
"backend","GMS.Application/Services/EmployeeService.cs","","","Employee not found / الموظف غير موجود","A","Failure","","localize"
"backend","GMS.Application/Services/EmployeeService.cs","","","Employee not found / الموظف غير موجود","A","Failure","","localize"
"backend","GMS.Application/Services/EmployeeService.cs","","","Employee not found / الموظف غير موجود","A","Failure","","localize"
"backend","GMS.Application/Services/EmployeeService.cs","","","Employee has no linked staff account / لا يوجد حساب دخول مرتبط بهذا الموظف","A","Failure","","localize"
"backend","GMS.Application/Services/EmployeeService.cs","","","Employee not found / الموظف غير موجود","A","Failure","","localize"
"backend","GMS.Application/Services/EmployeeService.cs","","","Employee not found / الموظف غير موجود","A","Failure","","localize"
"backend","GMS.Application/Services/EmployeeShiftService.cs","","","Shift template not found / قالب الوردية غير موجود","A","Failure","","localize"
"backend","GMS.Application/Services/EmployeeShiftService.cs","","","Name is required / الاسم مطلوب","A","Failure","","localize"
"backend","GMS.Application/Services/EmployeeShiftService.cs","","","Shift template name already exists / اسم قالب الوردية مستخدم بالفعل","A","Failure","","localize"
"backend","GMS.Application/Services/EmployeeShiftService.cs","","","Shift template not found / قالب الوردية غير موجود","A","Failure","","localize"
"backend","GMS.Application/Services/EmployeeShiftService.cs","","","Name is required / الاسم مطلوب","A","Failure","","localize"
"backend","GMS.Application/Services/EmployeeShiftService.cs","","","Shift template name already exists / اسم قالب الوردية مستخدم بالفعل","A","Failure","","localize"
"backend","GMS.Application/Services/GymOccupancyService.cs","","","Tenant not found / المنظمة غير موجودة","A","Failure","","localize"
"backend","GMS.Application/Services/GymOccupancyService.cs","","","Failed to retrieve occupancy / فشل في جلب الإشغال","A","Failure","","localize"
"backend","GMS.Application/Services/ImportService.cs","","","Failed to upload import file / فشل رفع ملف الاستيراد","A","Failure","","localize"
"backend","GMS.Application/Services/ImportService.cs","","","Failed to update column mapping / فشل تحديث ربط الأعمدة","A","Failure","","localize"
"backend","GMS.Application/Services/ImportService.cs","","","Failed to roll back import / فشل التراجع عن الاستيراد","A","Failure","","localize"
"backend","GMS.Application/Services/ImportService.cs","","","Failed to create plans / فشل إنشاء الخطط","A","Failure","","localize"
"backend","GMS.Application/Services/InventoryReportService.cs","","","ToUtc must be on or after FromUtc / تاريخ النهاية يجب أن يكون بعد البداية","A","Failure","","localize"
"backend","GMS.Application/Services/InventoryReportService.cs","","","Date range cannot exceed 366 days / لا يمكن أن يتجاوز النطاق 366 يوماً","A","Failure","","localize"
"backend","GMS.Application/Services/InventoryReportService.cs","","","ToUtc must be on or after FromUtc / تاريخ النهاية يجب أن يكون بعد البداية","A","Failure","","localize"
"backend","GMS.Application/Services/InventoryReportService.cs","","","Date range cannot exceed 366 days / لا يمكن أن يتجاوز النطاق 366 يوماً","A","Failure","","localize"
"backend","GMS.Application/Services/InventoryReportService.cs","","","Invalid movement reason / سبب الحركة غير صالح","A","Failure","","localize"
"backend","GMS.Application/Services/InventoryReportService.cs","","","Tenant not found","A","Failure","","localize"
"backend","GMS.Application/Services/InvitationService.cs","","","العضو غير موجود / Member not found","A","Failure","","localize"
"backend","GMS.Application/Services/InvitationService.cs","","","العضو غير موجود / Member not found","A","Failure","","localize"
"backend","GMS.Application/Services/InvitationService.cs","","","رقم الهاتف غير صالح / Invalid phone number","A","Failure","","localize"
"backend","GMS.Application/Services/InvitationService.cs","","","هذا الشخص عضو بالفعل / This person is already a member.","A","Failure","","localize"
"backend","GMS.Application/Services/InvitationService.cs","","","لا توجد عضوية نشطة / No active membership","A","Failure","","localize"
"backend","GMS.Application/Services/InvitationService.cs","","","لقد استخدمت كل الدعوات في عضويتك الحالية / You've used all Invitations included in your current Membership.","A","Failure","","localize"
"backend","GMS.Application/Services/InvitationService.cs","","","لقد استخدمت كل الدعوات في عضويتك الحالية / You've used all Invitations included in your current Membership.","A","Failure","","localize"
"backend","GMS.Application/Services/InvitationService.cs","","","حدث خطأ أثناء إرسال الدعوة / An error occurred while sending the invitation","A","Failure","","localize"
"backend","GMS.Application/Services/InvitationService.cs","","","العضو غير موجود / Member not found","A","Failure","","localize"
"backend","GMS.Application/Services/InvitationService.cs","","","العضو غير موجود / Member not found","A","Failure","","localize"
"backend","GMS.Application/Services/InvitationService.cs","","","العضو غير موجود / Member not found","A","Failure","","localize"
"backend","GMS.Application/Services/InvitationService.cs","","","حالة غير صالحة / Invalid status","A","Failure","","localize"
"backend","GMS.Application/Services/InvitationService.cs","","","الدعوة غير موجودة / Invitation not found","A","Failure","","localize"
"backend","GMS.Application/Services/InvoiceService.cs","","","Failed to retrieve invoices / فشل جلب الفواتير","A","Failure","","localize"
"backend","GMS.Application/Services/InvoiceService.cs","","","Invoice not found / الفاتورة غير موجودة","A","Failure","","localize"
"backend","GMS.Application/Services/InvoiceService.cs","","","Invoice not found / الفاتورة غير موجودة","A","Failure","","localize"
"backend","GMS.Application/Services/InvoiceService.cs","","","Refund not found / طلب الاسترداد غير موجود","A","Failure","","localize"
"backend","GMS.Application/Services/InvoiceService.cs","","","Sale not found / عملية البيع غير موجودة","A","Failure","","localize"
"backend","GMS.Application/Services/InvoiceService.cs","","","Failed to create credit note / فشل إنشاء إشعار دائن","A","Failure","","localize"
"backend","GMS.Application/Services/InvoiceService.cs","","","Invoice not found / الفاتورة غير موجودة","A","Failure","","localize"
"backend","GMS.Application/Services/InvoiceService.cs","","","Invoice is already voided / الفاتورة ملغاة بالفعل","A","Failure","","localize"
"backend","GMS.Application/Services/InvoiceService.cs","","","Staff user not found / المستخدم غير موجود","A","Failure","","localize"
"backend","GMS.Application/Services/InvoiceService.cs","","","Failed to void invoice / فشل إلغاء الفاتورة","A","Failure","","localize"
"backend","GMS.Application/Services/InvoiceService.cs","","","Payment not found / الدفعة غير موجودة","A","Failure","","localize"
"backend","GMS.Application/Services/InvoiceService.cs","","","No invoice exists for this sale / لا توجد فاتورة لعملية البيع هذه","A","Failure","","localize"
"backend","GMS.Application/Services/LeaveBalanceService.cs","","","Employee not found / الموظف غير موجود","A","Failure","","localize"
"backend","GMS.Application/Services/LeaveBalanceService.cs","","","Invalid leave type / نوع الإجازة غير صالح","A","Failure","","localize"
"backend","GMS.Application/Services/LeaveBalanceService.cs","","","Unpaid leave has no balance to set / الإجازة بدون أجر ليس لها رصيد","A","Failure","","localize"
"backend","GMS.Application/Services/LeaveBalanceService.cs","","","Entitled days cannot be negative / أيام الاستحقاق لا يمكن أن تكون سالبة","A","Failure","","localize"
"backend","GMS.Application/Services/LeaveBalanceService.cs","","","Employee not found / الموظف غير موجود","A","Failure","","localize"
"backend","GMS.Application/Services/LeaveBalanceService.cs","","","Unpaid leave has no balance / الإجازة بدون أجر ليس لها رصيد","A","Failure","","localize"
"backend","GMS.Application/Services/LeaveRequestService.cs","","","Leave request not found / طلب الإجازة غير موجود","A","Failure","","localize"
"backend","GMS.Application/Services/LeaveRequestService.cs","","","Employee not found / الموظف غير موجود","A","Failure","","localize"
"backend","GMS.Application/Services/LeaveRequestService.cs","","","Invalid leave type / نوع الإجازة غير صالح","A","Failure","","localize"
"backend","GMS.Application/Services/LeaveRequestService.cs","","","Start date cannot be after end date / تاريخ البدء لا يمكن أن يكون بعد تاريخ الانتهاء","A","Failure","","localize"
"backend","GMS.Application/Services/LeaveRequestService.cs","","","Permission leave must be a single day / إذن الانصراف يجب أن يكون ليوم واحد","A","Failure","","localize"
"backend","GMS.Application/Services/LeaveRequestService.cs","","","Permission duration must be between 0 and 1 day / مدة الإذن يجب أن تكون بين 0 و1 يوم","A","Failure","","localize"
"backend","GMS.Application/Services/LeaveRequestService.cs","","","This date range overlaps an already-approved leave for this employee / هذه الفترة تتداخل مع إجازة معتمدة بالفعل لهذا الموظف","A","Failure","","localize"
"backend","GMS.Application/Services/LeaveRequestService.cs","","","Leave request not found / طلب الإجازة غير موجود","A","Failure","","localize"
"backend","GMS.Application/Services/LeaveRequestService.cs","","","Only pending requests can be approved / يمكن اعتماد الطلبات المعلقة فقط","A","Failure","","localize"
"backend","GMS.Application/Services/LeaveRequestService.cs","","","This date range now overlaps another approved leave for this employee / هذه الفترة تتداخل الآن مع إجازة معتمدة أخرى لهذا الموظف","A","Failure","","localize"
"backend","GMS.Application/Services/LeaveRequestService.cs","","","Leave request not found / طلب الإجازة غير موجود","A","Failure","","localize"
"backend","GMS.Application/Services/LeaveRequestService.cs","","","Only pending requests can be rejected / يمكن رفض الطلبات المعلقة فقط","A","Failure","","localize"
"backend","GMS.Application/Services/LeaveRequestService.cs","","","Leave request not found / طلب الإجازة غير موجود","A","Failure","","localize"
"backend","GMS.Application/Services/LeaveRequestService.cs","","","You can only cancel your own leave requests / يمكنك فقط إلغاء طلبات إجازتك الخاصة","A","Failure","","localize"
"backend","GMS.Application/Services/LeaveRequestService.cs","","","Only a pending request can be cancelled — ask a manager to cancel an approved one / يمكن إلغاء الطلبات المعلقة فقط — اطلب من المدير إلغاء الطلب المعتمد","A","Failure","","localize"
"backend","GMS.Application/Services/LeaveRequestService.cs","","","Only pending or approved requests can be cancelled / يمكن إلغاء الطلبات المعلقة أو المعتمدة فقط","A","Failure","","localize"
"backend","GMS.Application/Services/MemberAppActivationService.cs","","","Member not found / العضو غير موجود","A","Failure","","localize"
"backend","GMS.Application/Services/MemberAppActivationService.cs","","","Unable to activate this account. / لا يمكن تفعيل هذا الحساب.","A","Failure","","localize"
"backend","GMS.Application/Services/MemberAppActivationService.cs","","","Invalid or expired activation code.","A","Failure","","localize"
"backend","GMS.Application/Services/MemberAppActivationService.cs","","","Invalid or expired activation code.","A","Failure","","localize"
"backend","GMS.Application/Services/MemberAppActivationService.cs","","","This activation code has already been used.","A","Failure","","localize"
"backend","GMS.Application/Services/MemberAppActivationService.cs","","","Invalid or expired activation code.","A","Failure","","localize"
"backend","GMS.Application/Services/MemberAppActivationService.cs","","","Unable to activate this account.","A","Failure","","localize"
"backend","GMS.Application/Services/MemberAppActivationService.cs","","","This activation code has already been used.","A","Failure","","localize"
"backend","GMS.Application/Services/MemberBookingService.cs","","","Member profile not found / لم يتم العثور على ملف العضو","A","Failure","","localize"
"backend","GMS.Application/Services/MemberBookingService.cs","","","Member profile not found / لم يتم العثور على ملف العضو","A","Failure","","localize"
"backend","GMS.Application/Services/MemberBookingService.cs","","","Member profile not found / لم يتم العثور على ملف العضو","A","Failure","","localize"
"backend","GMS.Application/Services/MemberBookingService.cs","","","Member profile not found / لم يتم العثور على ملف العضو","A","Failure","","localize"
"backend","GMS.Application/Services/MemberBookingService.cs","","","Booking not found / الحجز غير موجود","A","Failure","","localize"
"backend","GMS.Application/Services/MemberBookingService.cs","","","Member profile not found / لم يتم العثور على ملف العضو","A","Failure","","localize"
"backend","GMS.Application/Services/MemberBookingService.cs","","","Member profile not found / لم يتم العذو على ملف العضو","A","Failure","","localize"
"backend","GMS.Application/Services/MemberBookingService.cs","","","Member profile not found / لم يتم العذو على ملف العضو","A","Failure","","localize"
"backend","GMS.Application/Services/MemberBookingService.cs","","","Booking not found / الحجز غير موجود","A","Failure","","localize"
"backend","GMS.Application/Services/MemberClassService.cs","","","Class not found / الحصة غير موجودة","A","Failure","","localize"
"backend","GMS.Application/Services/MemberClassService.cs","","","Class not found / الحصة غير موجودة","A","Failure","","localize"
"backend","GMS.Application/Services/MemberService.cs","","","Member not found / العضو غير موجود","A","Failure","","localize"
"backend","GMS.Application/Services/MemberService.cs","","","Phone must be a valid Egyptian mobile / الرقم لازم يكون موبايل مصري صحيح","A","Failure","","localize"
"backend","GMS.Application/Services/MemberService.cs","","","Phone number already registered / رقم الهاتف مسجل بالفعل","A","Failure","","localize"
"backend","GMS.Application/Services/MemberService.cs","","","Member not found / العضو غير موجود","A","Failure","","localize"
"backend","GMS.Application/Services/MemberService.cs","","","Phone must be a valid Egyptian mobile / الرقم لازم يكون موبايل مصري صحيح","A","Failure","","localize"
"backend","GMS.Application/Services/MemberService.cs","","","Phone number already registered / رقم الهاتف مسجل بالفعل","A","Failure","","localize"
"backend","GMS.Application/Services/MemberService.cs","","","Member not found / العضو غير موجود","A","Failure","","localize"
"backend","GMS.Application/Services/MemberService.cs","","","Member not found / العضو غير موجود","A","Failure","","localize"
"backend","GMS.Application/Services/MemberService.cs","","","No active membership / لا توجد عضوية نشطة","A","Failure","","localize"
"backend","GMS.Application/Services/MemberService.cs","","","No active membership to freeze / لا توجد عضوية نشطة للتجميد","A","Failure","","localize"
"backend","GMS.Application/Services/MemberService.cs","","","Frozen-until date must be in the future / تاريخ التجميد لازم يكون في المستقبل","A","Failure","","localize"
"backend","GMS.Application/Services/MemberService.cs","","","No frozen membership found / لا توجد عضوية مجمدة","A","Failure","","localize"
"backend","GMS.Application/Services/MembershipPlanService.cs","","","Failed to retrieve plans / فشل في جلب الخطط","A","Failure","","localize"
"backend","GMS.Application/Services/MembershipPlanService.cs","","","Membership plan not found / الخطة غير موجودة","A","Failure","","localize"
"backend","GMS.Application/Services/MembershipPlanService.cs","","","Failed to retrieve plan / فشل في جلب الخطة","A","Failure","","localize"
"backend","GMS.Application/Services/MembershipPlanService.cs","","","Failed to create plan / فشل في إنشاء الخطة","A","Failure","","localize"
"backend","GMS.Application/Services/MembershipPlanService.cs","","","Membership plan not found / الخطة غير موجودة","A","Failure","","localize"
"backend","GMS.Application/Services/MembershipPlanService.cs","","","Failed to update plan / فشل في تحديث الخطة","A","Failure","","localize"
"backend","GMS.Application/Services/MembershipPlanService.cs","","","Membership plan not found / الخطة غير موجودة","A","Failure","","localize"
"backend","GMS.Application/Services/MembershipPlanService.cs","","","Failed to delete plan / فشل في حذف الخطة","A","Failure","","localize"
"backend","GMS.Application/Services/MembershipService.cs","","","No membership found for this member / لا توجد عضوية لهذا العضو","A","Failure","","localize"
"backend","GMS.Application/Services/MembershipService.cs","","","Failed to retrieve membership / فشل في جلب العضوية","A","Failure","","localize"
"backend","GMS.Application/Services/MembershipService.cs","","","Failed to retrieve membership history / فشل في جلب سجل العضويات","A","Failure","","localize"
"backend","GMS.Application/Services/MembershipService.cs","","","Member not found / العضو غير موجود","A","Failure","","localize"
"backend","GMS.Application/Services/MembershipService.cs","","","Member already has an active membership / العضو لديه عضوية نشطة بالفعل","A","Failure","","localize"
"backend","GMS.Application/Services/MembershipService.cs","","","Membership plan not found or inactive / الخطة غير موجودة أو غير نشطة","A","Failure","","localize"
"backend","GMS.Application/Services/MembershipService.cs","","","Amount paid cannot be negative / المبلغ المدفوع لا يمكن أن يكون سالباً","A","Failure","","localize"
"backend","GMS.Application/Services/MembershipService.cs","","","Failed to assign membership / فشل في تعيين العضوية","A","Failure","","localize"
"backend","GMS.Application/Services/MembershipService.cs","","","Invalid transitionMode. Use cancel_and_switch, queue_next, or manual_rollover / وضع الانتقال غير صالح","A","Failure","","localize"
"backend","GMS.Application/Services/MembershipService.cs","","","Member not found / العضو غير موجود","A","Failure","","localize"
"backend","GMS.Application/Services/MembershipService.cs","","","No membership to renew / لا توجد عضوية للتجديد","A","Failure","","localize"
"backend","GMS.Application/Services/MembershipService.cs","","","Membership plan not found or inactive / الخطة غير موجودة أو غير نشطة","A","Failure","","localize"
"backend","GMS.Application/Services/MembershipService.cs","","","Failed to renew membership / فشل في تجديد العضوية","A","Failure","","localize"
"backend","GMS.Application/Services/MembershipService.cs","","","Member not found / العضو غير موجود","A","Failure","","localize"
"backend","GMS.Application/Services/MembershipService.cs","","","No membership found for this member / لا توجد عضوية لهذا العضو","A","Failure","","localize"
"backend","GMS.Application/Services/MembershipService.cs","","","This membership cannot be cancelled / لا يمكن إلغاء هذه العضوية","A","Failure","","localize"
"backend","GMS.Application/Services/MembershipService.cs","","","Failed to cancel membership / فشل في إلغاء العضوية","A","Failure","","localize"
"backend","GMS.Application/Services/MemberStoreService.cs","","","Member account not linked / الحساب غير مرتبط بعضو","A","Failure","","localize"
"backend","GMS.Application/Services/MemberStoreService.cs","","","Invalid status / حالة غير صالحة","A","Failure","","localize"
"backend","GMS.Application/Services/NotificationService.cs","","","Member profile not linked / ملف العضو غير مرتبط","A","Failure","","localize"
"backend","GMS.Application/Services/NotificationService.cs","","","Member profile not linked / ملف العضو غير مرتبط","A","Failure","","localize"
"backend","GMS.Application/Services/NotificationService.cs","","","Notification not found / الإشعار غير موجود","A","Failure","","localize"
"backend","GMS.Application/Services/NotificationService.cs","","","Forbidden: this notification belongs to another member / غير مسموح","A","Failure","","localize"
"backend","GMS.Application/Services/NotificationService.cs","","","Member profile not linked / ملف العضو غير مرتبط","A","Failure","","localize"
"backend","GMS.Application/Services/NotificationService.cs","","","Member profile not linked / ملف العضو غير مرتبط","A","Failure","","localize"
"backend","GMS.Application/Services/NotificationService.cs","","","Specify MemberIds or set AllMembers=true / حدد الأعضاء أو اختار الكل","A","Failure","","localize"
"backend","GMS.Application/Services/NotificationService.cs","","","No active members found / لا يوجد أعضاء نشطين","A","Failure","","localize"
"backend","GMS.Application/Services/NotificationService.cs","","","Notification not found / الإشعار غير موجود","A","Failure","","localize"
"backend","GMS.Application/Services/NotificationService.cs","","","Forbidden: this notification belongs to another user / غير مسموح","A","Failure","","localize"
"backend","GMS.Application/Services/NotificationService.cs","","","Title and body are required / العنوان والنص مطلوبان","A","Failure","","localize"
"backend","GMS.Application/Services/OfferService.cs","","","Offer not found / العرض غير موجود","A","Failure","","localize"
"backend","GMS.Application/Services/OfferService.cs","","","Failed to create offer / فشل إنشاء العرض","A","Failure","","localize"
"backend","GMS.Application/Services/OfferService.cs","","","Offer not found / العرض غير موجود","A","Failure","","localize"
"backend","GMS.Application/Services/OfferService.cs","","","Failed to update offer / فشل تحديث العرض","A","Failure","","localize"
"backend","GMS.Application/Services/OfferService.cs","","","Offer not found / العرض غير موجود","A","Failure","","localize"
"backend","GMS.Application/Services/OfferService.cs","","","Offer not found / العرض غير موجود","A","Failure","","localize"
"backend","GMS.Application/Services/PaymentService.cs","","","Payment identity is incomplete.","A","Failure","","localize"
"backend","GMS.Application/Services/PaymentService.cs","","","Payment gateway reference is required.","A","Failure","","localize"
"backend","GMS.Application/Services/PaymentService.cs","","","Payment amount must be greater than zero.","A","Failure","","localize"
"backend","GMS.Application/Services/PaymentService.cs","","","Payment signature was not verified.","A","Failure","","localize"
"backend","GMS.Application/Services/PaymentService.cs","","","Tenant not found","A","Failure","","localize"
"backend","GMS.Application/Services/PaymentService.cs","","","Payment reference was already used for different payment data.","A","Failure","","localize"
"backend","GMS.Application/Services/PaymentService.cs","","","Payment reference is not retryable.","A","Failure","","localize"
"backend","GMS.Application/Services/PaymentService.cs","","","Payment source sale is required.","A","Failure","","localize"
"backend","GMS.Application/Services/PaymentService.cs","","","Payment source sale was not found.","A","Failure","","localize"
"backend","GMS.Application/Services/PaymentService.cs","","","Payment source sale is not collectable.","A","Failure","","localize"
"backend","GMS.Application/Services/PaymentService.cs","","","Payment member does not match the source sale.","A","Failure","","localize"
"backend","GMS.Application/Services/PaymentService.cs","","","A memberless sale cannot use a member identity.","A","Failure","","localize"
"backend","GMS.Application/Services/PaymentService.cs","","","SALE_RECONCILIATION_REQUIRED","B","Failure","","leave-technical"
"backend","GMS.Application/Services/PaymentService.cs","","","Payment amount exceeds the outstanding sale balance.","A","Failure","","localize"
"backend","GMS.Application/Services/PaymentService.cs","","","Settlement evidence was not verified.","A","Failure","","localize"
"backend","GMS.Application/Services/PaymentService.cs","","","Settlement identity is incomplete.","A","Failure","","localize"
"backend","GMS.Application/Services/PaymentService.cs","","","Payment transaction was not found.","A","Failure","","localize"
"backend","GMS.Application/Services/PaymentService.cs","","","Only a successful payment can be settled.","A","Failure","","localize"
"backend","GMS.Application/Services/PaymentService.cs","","","Failed payment event is incomplete or unverified.","A","Failure","","localize"
"backend","GMS.Application/Services/PaymentService.cs","","","Tenant not found","A","Failure","","localize"
"backend","GMS.Application/Services/PaymentService.cs","","","Payment reference was already used for different payment data.","A","Failure","","localize"
"backend","GMS.Application/Services/PaymentService.cs","","","Payment source sale was not found.","A","Failure","","localize"
"backend","GMS.Application/Services/PayrollAdjustmentService.cs","","","Payroll period not found / فترة الرواتب غير موجودة","A","Failure","","localize"
"backend","GMS.Application/Services/PayrollAdjustmentService.cs","","","Adjustments can only be added to a Draft or Calculated period — this one is already Approved/Closed / يمكن إضافة التعديلات فقط لفترة في حالة مسودة أو محسوبة","A","Failure","","localize"
"backend","GMS.Application/Services/PayrollAdjustmentService.cs","","","Employee not found / الموظف غير موجود","A","Failure","","localize"
"backend","GMS.Application/Services/PayrollAdjustmentService.cs","","","Invalid adjustment type / نوع التعديل غير صالح","A","Failure","","localize"
"backend","GMS.Application/Services/PayrollAdjustmentService.cs","","","Amount must be greater than zero / المبلغ يجب أن يكون أكبر من صفر","A","Failure","","localize"
"backend","GMS.Application/Services/PayrollPaymentService.cs","","","Payroll payment amount must be greater than zero.","A","Failure","","localize"
"backend","GMS.Application/Services/PayrollPaymentService.cs","","","Payroll payment method is invalid.","A","Failure","","localize"
"backend","GMS.Application/Services/PayrollPaymentService.cs","","","Payroll period not found.","A","Failure","","localize"
"backend","GMS.Application/Services/PayrollPaymentService.cs","","","Only approved or closed payroll can be paid.","A","Failure","","localize"
"backend","GMS.Application/Services/PayrollPaymentService.cs","","","Payroll line not found in this period.","A","Failure","","localize"
"backend","GMS.Application/Services/PayrollPaymentService.cs","","","Payroll payment exceeds the period liability.","A","Failure","","localize"
"backend","GMS.Application/Services/PayrollPaymentService.cs","","","Authenticated staff profile was not found.","A","Failure","","localize"
"backend","GMS.Application/Services/PayrollPeriodService.cs","","","Payroll period not found / فترة الرواتب غير موجودة","A","Failure","","localize"
"backend","GMS.Application/Services/PayrollPeriodService.cs","","","Month must be between 1 and 12 / الشهر يجب أن يكون بين 1 و12","A","Failure","","localize"
"backend","GMS.Application/Services/PayrollPeriodService.cs","","","Invalid year / سنة غير صالحة","A","Failure","","localize"
"backend","GMS.Application/Services/PayrollPeriodService.cs","","","A payroll period already exists for this month / يوجد بالفعل فترة رواتب لهذا الشهر","A","Failure","","localize"
"backend","GMS.Application/Services/PayrollPeriodService.cs","","","Payroll period not found / فترة الرواتب غير موجودة","A","Failure","","localize"
"backend","GMS.Application/Services/PayrollPeriodService.cs","","","Only a Draft or Calculated period can be (re)calculated — this one is already Approved/Closed / يمكن حساب فترة في حالة مسودة أو محسوبة فقط","A","Failure","","localize"
"backend","GMS.Application/Services/PayrollPeriodService.cs","","","Payroll period not found / فترة الرواتب غير موجودة","A","Failure","","localize"
"backend","GMS.Application/Services/PayrollPeriodService.cs","","","Only a Calculated period can be approved / يمكن اعتماد فترة محسوبة فقط","A","Failure","","localize"
"backend","GMS.Application/Services/PayrollPeriodService.cs","","","Payroll period not found / فترة الرواتب غير موجودة","A","Failure","","localize"
"backend","GMS.Application/Services/PayrollPeriodService.cs","","","Only an Approved period can be closed / يمكن إغلاق فترة معتمدة فقط","A","Failure","","localize"
"backend","GMS.Application/Services/PayrollPeriodService.cs","","","Payroll period not found / فترة الرواتب غير موجودة","A","Failure","","localize"
"backend","GMS.Application/Services/PositionService.cs","","","Position not found / المسمى الوظيفي غير موجود","A","Failure","","localize"
"backend","GMS.Application/Services/PositionService.cs","","","Name is required / الاسم مطلوب","A","Failure","","localize"
"backend","GMS.Application/Services/PositionService.cs","","","Department not found / القسم غير موجود","A","Failure","","localize"
"backend","GMS.Application/Services/PositionService.cs","","","Default basic salary cannot be negative / الراتب الأساسي لا يمكن أن يكون سالباً","A","Failure","","localize"
"backend","GMS.Application/Services/PositionService.cs","","","Position not found / المسمى الوظيفي غير موجود","A","Failure","","localize"
"backend","GMS.Application/Services/PositionService.cs","","","Name is required / الاسم مطلوب","A","Failure","","localize"
"backend","GMS.Application/Services/PositionService.cs","","","Department not found / القسم غير موجود","A","Failure","","localize"
"backend","GMS.Application/Services/PositionService.cs","","","Default basic salary cannot be negative / الراتب الأساسي لا يمكن أن يكون سالباً","A","Failure","","localize"
"backend","GMS.Application/Services/ProductCatalogService.cs","","","Category not found / التصنيف غير موجود","A","Failure","","localize"
"backend","GMS.Application/Services/ProductCatalogService.cs","","","Product not found / المنتج غير موجود","A","Failure","","localize"
"backend","GMS.Application/Services/ProductCatalogService.cs","","","Barcode required / الباركود مطلوب","A","Failure","","localize"
"backend","GMS.Application/Services/ProductCatalogService.cs","","","Product not found / المنتج غير موجود","A","Failure","","localize"
"backend","GMS.Application/Services/ProductCatalogService.cs","","","SKU already exists / كود المنتج مستخدم بالفعل","A","Failure","","localize"
"backend","GMS.Application/Services/ProductCatalogService.cs","","","Barcode already exists / الباركود مستخدم بالفعل","A","Failure","","localize"
"backend","GMS.Application/Services/ProductCatalogService.cs","","","Category not found / التصنيف غير موجود","A","Failure","","localize"
"backend","GMS.Application/Services/ProductCatalogService.cs","","","Product not found / المنتج غير موجود","A","Failure","","localize"
"backend","GMS.Application/Services/ProductCatalogService.cs","","","SKU cannot change after stock/sale/purchase references / لا يمكن تغيير كود المنتج بعد استخدامه","A","Failure","","localize"
"backend","GMS.Application/Services/ProductCatalogService.cs","","","UnitOfMeasure cannot change after stock movements / لا يمكن تغيير وحدة القياس بعد حركة المخزون","A","Failure","","localize"
"backend","GMS.Application/Services/ProductCatalogService.cs","","","Cannot enable batch/expiry while on-hand stock exists / لا يمكن تفعيل التشغيلة/الصلاحية والمخزون غير صفر","A","Failure","","localize"
"backend","GMS.Application/Services/ProductCatalogService.cs","","","Cannot disable batch/expiry after batch history exists / لا يمكن إلغاء التشغيلة/الصلاحية بعد وجود تاريخ تشغيلات","A","Failure","","localize"
"backend","GMS.Application/Services/ProductCatalogService.cs","","","SKU already exists / كود المنتج مستخدم بالفعل","A","Failure","","localize"
"backend","GMS.Application/Services/ProductCatalogService.cs","","","Barcode already exists / الباركود مستخدم بالفعل","A","Failure","","localize"
"backend","GMS.Application/Services/ProductCatalogService.cs","","","Category not found / التصنيف غير موجود","A","Failure","","localize"
"backend","GMS.Application/Services/ProductCatalogService.cs","","","Product not found / المنتج غير موجود","A","Failure","","localize"
"backend","GMS.Application/Services/ProductCatalogService.cs","","","Product not found / المنتج غير موجود","A","Failure","","localize"
"backend","GMS.Application/Services/ProductCatalogService.cs","","","Supplier not found / المورد غير موجود","A","Failure","","localize"
"backend","GMS.Application/Services/ProductCatalogService.cs","","","Supplier is inactive / المورد غير نشط","A","Failure","","localize"
"backend","GMS.Application/Services/ProfitabilityService.cs","","","From date must be before To date.","A","Failure","","localize"
"backend","GMS.Application/Services/PromoService.cs","","","Failed to validate promo code / فشل التحقق من كود الخصم","A","Failure","","localize"
"backend","GMS.Application/Services/PromoService.cs","","","A promo code with this code already exists / يوجد كود خصم بنفس هذا الرمز","A","Failure","","localize"
"backend","GMS.Application/Services/PromoService.cs","","","Failed to create promo code / فشل إنشاء كود الخصم","A","Failure","","localize"
"backend","GMS.Application/Services/PromoService.cs","","","Promo code not found / كود الخصم غير موجود","A","Failure","","localize"
"backend","GMS.Application/Services/PromoService.cs","","","Failed to update promo code / فشل تحديث كود الخصم","A","Failure","","localize"
"backend","GMS.Application/Services/PromoService.cs","","","Promo code not found / كود الخصم غير موجود","A","Failure","","localize"
"backend","GMS.Application/Services/PromoService.cs","","","Promo code not found / كود الخصم غير موجود","A","Failure","","localize"
"backend","GMS.Application/Services/PromoService.cs","","","Failed to deactivate promo code / فشل إلغاء تفعيل كود الخصم","A","Failure","","localize"
"backend","GMS.Application/Services/PromoService.cs","","","Failed to retrieve promo codes / فشل جلب أكواد الخصم","A","Failure","","localize"
"backend","GMS.Application/Services/PurchaseOrderService.cs","","","At least one line is required / مطلوب سطر واحد على الأقل","A","Failure","","localize"
"backend","GMS.Application/Services/PurchaseOrderService.cs","","","Supplier not found or inactive / المورد غير موجود أو غير نشط","A","Failure","","localize"
"backend","GMS.Application/Services/PurchaseOrderService.cs","","","Warehouse not found or inactive / المخزن غير موجود أو غير نشط","A","Failure","","localize"
"backend","GMS.Application/Services/PurchaseOrderService.cs","","","No usable warehouse for this tenant / لا يوجد مخزن متاح لهذا المستأجر","A","Failure","","localize"
"backend","GMS.Application/Services/PurchaseOrderService.cs","","","QtyOrdered must be positive / الكمية المطلوبة يجب أن تكون موجبة","A","Failure","","localize"
"backend","GMS.Application/Services/PurchaseOrderService.cs","","","UnitCost cannot be negative / التكلفة لا يمكن أن تكون سالبة","A","Failure","","localize"
"backend","GMS.Application/Services/PurchaseOrderService.cs","","","Product not found / المنتج غير موجود","A","Failure","","localize"
"backend","GMS.Application/Services/PurchaseOrderService.cs","","","No reorder suggestions for selected products / لا توجد اقتراحات إعادة طلب للمنتجات المحددة","A","Failure","","localize"
"backend","GMS.Application/Services/PurchaseOrderService.cs","","","Purchase order not found / أمر الشراء غير موجود","A","Failure","","localize"
"backend","GMS.Application/Services/PurchaseOrderService.cs","","","Staff user not found / المستخدم غير موجود","A","Failure","","localize"
"backend","GMS.Application/Services/PurchaseOrderService.cs","","","Purchase order not found / أمر الشراء غير موجود","A","Failure","","localize"
"backend","GMS.Application/Services/PurchaseOrderService.cs","","","Purchase order has no lines / أمر الشراء بلا أسطر","A","Failure","","localize"
"backend","GMS.Application/Services/PurchaseOrderService.cs","","","Purchase order not found / أمر الشراء غير موجود","A","Failure","","localize"
"backend","GMS.Application/Services/PurchaseOrderService.cs","","","Cannot cancel after partial receive / لا يمكن الإلغاء بعد استلام جزئي","A","Failure","","localize"
"backend","GMS.Application/Services/PurchaseOrderService.cs","","","Staff user not found / المستخدم غير موجود","A","Failure","","localize"
"backend","GMS.Application/Services/PurchaseOrderService.cs","","","At least one receipt line is required / مطلوب سطر استلام واحد على الأقل","A","Failure","","localize"
"backend","GMS.Application/Services/PurchaseOrderService.cs","","","Purchase order not found / أمر الشراء غير موجود","A","Failure","","localize"
"backend","GMS.Application/Services/PurchaseOrderService.cs","","","Receive qty must be positive / كمية الاستلام يجب أن تكون موجبة","A","Failure","","localize"
"backend","GMS.Application/Services/PurchaseOrderService.cs","","","Purchase order line not found / سطر أمر الشراء غير موجود","A","Failure","","localize"
"backend","GMS.Application/Services/PurchaseOrderService.cs","","","UnitCost cannot be negative / التكلفة لا يمكن أن تكون سالبة","A","Failure","","localize"
"backend","GMS.Application/Services/PurchaseOrderService.cs","","","Failed to receive purchase order / فشل استلام أمر الشراء","A","Failure","","localize"
"backend","GMS.Application/Services/PurchaseOrderService.cs","","","Goods receipt not found / إذن الاستلام غير موجود","A","Failure","","localize"
"backend","GMS.Application/Services/ReferralAttributionService.cs","","","Referral code or referring member is required","A","Failure","","localize"
"backend","GMS.Application/Services/ReferralAttributionService.cs","","","Referral code not found / كود الإحالة غير موجود","A","Failure","","localize"
"backend","GMS.Application/Services/RefundService.cs","","","Failed to request refund / فشل طلب الاسترداد","A","Failure","","localize"
"backend","GMS.Application/Services/RefundService.cs","","","Failed to approve refund / فشل اعتماد الاسترداد","A","Failure","","localize"
"backend","GMS.Application/Services/RefundService.cs","","","Failed to reject refund / فشل رفض الاسترداد","A","Failure","","localize"
"backend","GMS.Application/Services/RefundService.cs","","","Failed to retrieve member credit summary / فشل جلب رصيد العضو","A","Failure","","localize"
"backend","GMS.Application/Services/RefundService.cs","","","Failed to retrieve refunds / فشل جلب طلبات الاسترداد","A","Failure","","localize"
"backend","GMS.Application/Services/ReportsService.cs","","","Failed to get attendance summary","A","Failure","","localize"
"backend","GMS.Application/Services/ReportsService.cs","","","Failed to get revenue detail","A","Failure","","localize"
"backend","GMS.Application/Services/ReportsService.cs","","","Failed to get peak hours","A","Failure","","localize"
"backend","GMS.Application/Services/ReportsService.cs","","","Failed to get member retention","A","Failure","","localize"
"backend","GMS.Application/Services/ReportsService.cs","","","Failed to get sales report / فشل جلب تقرير المبيعات","A","Failure","","localize"
"backend","GMS.Application/Services/ReportsService.cs","","","Failed to get refunds report / فشل جلب تقرير الاسترداد","A","Failure","","localize"
"backend","GMS.Application/Services/ReportsService.cs","","","Failed to get memberships report / فشل جلب تقرير الاشتراكات","A","Failure","","localize"
"backend","GMS.Application/Services/ReportsService.cs","","","Failed to get products report / فشل جلب تقرير المنتجات","A","Failure","","localize"
"backend","GMS.Application/Services/ReportsService.cs","","","Failed to get staff report / فشل جلب تقرير الموظفين","A","Failure","","localize"
"backend","GMS.Application/Services/RolePermissionService.cs","","","Could not load roles / تعذر تحميل الأدوار","A","Failure","","localize"
"backend","GMS.Application/Services/RolePermissionService.cs","","","Could not save this job / تعذر حفظ الدور","A","Failure","","localize"
"backend","GMS.Application/Services/RolePermissionService.cs","","","Could not reset this job / تعذر إعادة الدور","A","Failure","","localize"
"backend","GMS.Application/Services/SaleAdjustmentService.cs","","","Adjustment type is invalid.","A","Failure","","localize"
"backend","GMS.Application/Services/SaleAdjustmentService.cs","","","Adjustment amount must be greater than zero.","A","Failure","","localize"
"backend","GMS.Application/Services/SaleAdjustmentService.cs","","","An adjustment reason is required.","A","Failure","","localize"
"backend","GMS.Application/Services/SaleAdjustmentService.cs","","","Authenticated staff profile was not found.","A","Failure","","localize"
"backend","GMS.Application/Services/SaleAdjustmentService.cs","","","Sale has no adjustable outstanding balance.","A","Failure","","localize"
"backend","GMS.Application/Services/SaleAdjustmentService.cs","","","Adjustment exceeds the outstanding sale balance.","A","Failure","","localize"
"backend","GMS.Application/Services/SaleAdjustmentService.cs","","","Authenticated staff profile was not found.","A","Failure","","localize"
"backend","GMS.Application/Services/SaleAdjustmentService.cs","","","Sale not found.","A","Failure","","localize"
"backend","GMS.Application/Services/SaleService.cs","","","Failed to process sale / فشل في معالجة عملية البيع","A","Failure","","localize"
"backend","GMS.Application/Services/SaleService.cs","","","An unexpected error occurred while processing the sale / حدث خطأ غير متوقع أثناء معالجة عملية البيع","A","Failure","","localize"
"backend","GMS.Application/Services/SaleService.cs","","","Failed to record payment / فشل تسجيل الدفعة","A","Failure","","localize"
"backend","GMS.Application/Services/SaleService.cs","","","Original sale for this idempotency key could not be found / تعذر العثور على عملية البيع الأصلية لهذا المفتاح","A","Failure","","localize"
"backend","GMS.Application/Services/SessionBookingService.cs","","","Session not found / الحصة غير موجودة","A","Failure","","localize"
"backend","GMS.Application/Services/SessionBookingService.cs","","","Session not found / الحصة غير موجودة","A","Failure","","localize"
"backend","GMS.Application/Services/SessionBookingService.cs","","","Session is cancelled / الحصة ملغاة","A","Failure","","localize"
"backend","GMS.Application/Services/SessionBookingService.cs","","","This activity does not require booking / هذا النشاط لا يحتاج حجز","A","Failure","","localize"
"backend","GMS.Application/Services/SessionBookingService.cs","","","Session already ended / انتهت الحصة","A","Failure","","localize"
"backend","GMS.Application/Services/SessionBookingService.cs","","","Session already started / بدأت الحصة","A","Failure","","localize"
"backend","GMS.Application/Services/SessionBookingService.cs","","","Member not found / العضو غير موجود","A","Failure","","localize"
"backend","GMS.Application/Services/SessionBookingService.cs","","","Guest name and phone are required / اسم ورقم هاتف الضيف مطلوبان","A","Failure","","localize"
"backend","GMS.Application/Services/SessionBookingService.cs","","","Guest name or phone is too long / اسم الضيف أو هاتفه طويل جداً","A","Failure","","localize"
"backend","GMS.Application/Services/SessionBookingService.cs","","","Member already booked / العضو محجوز مسبقاً","A","Failure","","localize"
"backend","GMS.Application/Services/SessionBookingService.cs","","","Session is full / الحصة ممتلئة","A","Failure","","localize"
"backend","GMS.Application/Services/SessionBookingService.cs","","","Monthly class quota exhausted / تم استهلاك الحصة الشهرية بالكامل","A","Failure","","localize"
"backend","GMS.Application/Services/SessionBookingService.cs","","","Member is not eligible for this activity and no drop-in price is set / العضو غير مشمول ولا يوجد سعر دخول فردي","A","Failure","","localize"
"backend","GMS.Application/Services/SessionBookingService.cs","","","Payment required before booking / يجب إتمام الدفع قبل الحجز","A","Failure","","localize"
"backend","GMS.Application/Services/SessionBookingService.cs","","","No valid drop-in payment for this class / لا يوجد دفع دخول فردي صالح لهذا النشاط","A","Failure","","localize"
"backend","GMS.Application/Services/SessionBookingService.cs","","","Session is full / الحصة ممتلئة","A","Failure","","localize"
"backend","GMS.Application/Services/SessionBookingService.cs","","","Session is full or booking conflict — please retry / الحصة ممتلئة أو تعارض في الحجز، أعد المحاولة","A","Failure","","localize"
"backend","GMS.Application/Services/SessionBookingService.cs","","","Session is full / الحصة ممتلئة","A","Failure","","localize"
"backend","GMS.Application/Services/SessionBookingService.cs","","","Session is full or booking conflict — please retry / الحصة ممتلئة أو تعارض في الحجز، أعد المحاولة","A","Failure","","localize"
"backend","GMS.Application/Services/SessionBookingService.cs","","","Booking not found / الحجز غير موجود","A","Failure","","localize"
"backend","GMS.Application/Services/SessionBookingService.cs","","","Booking not found / الحجز غير موجود","A","Failure","","localize"
"backend","GMS.Application/Services/SessionBookingService.cs","","","Booking not found / الحجز غير موجود","A","Failure","","localize"
"backend","GMS.Application/Services/SessionBookingService.cs","","","Booking already cancelled / الحجز ملغى","A","Failure","","localize"
"backend","GMS.Application/Services/SessionBookingService.cs","","","Session already ended / انتهت الحصة","A","Failure","","localize"
"backend","GMS.Application/Services/SessionBookingService.cs","","","Booking not found / الحجز غير موجود","A","Failure","","localize"
"backend","GMS.Application/Services/SessionBookingService.cs","","","Only booked members can check in / التسجيل للمحجوزين فقط","A","Failure","","localize"
"backend","GMS.Application/Services/SessionBookingService.cs","","","Already checked in / مسجل حضور مسبقاً","A","Failure","","localize"
"backend","GMS.Application/Services/SessionBookingService.cs","","","Staff user not found / لم يتم العثور على المستخدم","A","Failure","","localize"
"backend","GMS.Application/Services/SessionBookingService.cs","","","Already checked in / مسجل حضور مسبقاً","A","Failure","","localize"
"backend","GMS.Application/Services/ShiftService.cs","","","Failed to open shift / فشل فتح الوردية","A","Failure","","localize"
"backend","GMS.Application/Services/ShiftService.cs","","","Failed to retrieve current shift / فشل جلب الوردية الحالية","A","Failure","","localize"
"backend","GMS.Application/Services/ShiftService.cs","","","Failed to record cash movement / فشل تسجيل الحركة النقدية","A","Failure","","localize"
"backend","GMS.Application/Services/ShiftService.cs","","","Failed to close shift / فشل إغلاق الوردية","A","Failure","","localize"
"backend","GMS.Application/Services/ShiftService.cs","","","Failed to approve shift / فشل اعتماد الوردية","A","Failure","","localize"
"backend","GMS.Application/Services/ShiftService.cs","","","Failed to force-close shift / فشل الإغلاق القسري للوردية","A","Failure","","localize"
"backend","GMS.Application/Services/ShiftService.cs","","","Failed to retrieve shifts / فشل جلب الورديات","A","Failure","","localize"
"backend","GMS.Application/Services/ShiftService.cs","","","Failed to retrieve open shift summary / فشل جلب ملخص الورديات المفتوحة","A","Failure","","localize"
"backend","GMS.Application/Services/StockAdjustmentService.cs","","","Staff user not found / المستخدم غير موجود","A","Failure","","localize"
"backend","GMS.Application/Services/StockAdjustmentService.cs","","","Invalid reason code / سبب غير صالح","A","Failure","","localize"
"backend","GMS.Application/Services/StockAdjustmentService.cs","","","Note is required for reason 'other' / الملاحظة مطلوبة لسبب «أخرى»","A","Failure","","localize"
"backend","GMS.Application/Services/StockAdjustmentService.cs","","","At least one line is required / مطلوب سطر واحد على الأقل","A","Failure","","localize"
"backend","GMS.Application/Services/StockAdjustmentService.cs","","","Warehouse not found or inactive / المخزن غير موجود أو غير نشط","A","Failure","","localize"
"backend","GMS.Application/Services/StockAdjustmentService.cs","","","No usable warehouse for this tenant / لا يوجد مخزن متاح لهذا المستأجر","A","Failure","","localize"
"backend","GMS.Application/Services/StockAdjustmentService.cs","","","Line QtyDelta cannot be zero / كمية السطر لا يمكن أن تكون صفر","A","Failure","","localize"
"backend","GMS.Application/Services/StockAdjustmentService.cs","","","Opening stock lines must be positive / كميات المخزون الافتتاحي يجب أن تكون موجبة","A","Failure","","localize"
"backend","GMS.Application/Services/StockAdjustmentService.cs","","","Product not found / المنتج غير موجود","A","Failure","","localize"
"backend","GMS.Application/Services/StockAdjustmentService.cs","","","Adjustment not found / التسوية غير موجودة","A","Failure","","localize"
"backend","GMS.Application/Services/StockAdjustmentService.cs","","","Staff user not found / المستخدم غير موجود","A","Failure","","localize"
"backend","GMS.Application/Services/StockAdjustmentService.cs","","","Adjustment not found / التسوية غير موجودة","A","Failure","","localize"
"backend","GMS.Application/Services/StockAdjustmentService.cs","","","Adjustment has no lines / التسوية بلا أسطر","A","Failure","","localize"
"backend","GMS.Application/Services/StockAdjustmentService.cs","","","Staff user not found / المستخدم غير موجود","A","Failure","","localize"
"backend","GMS.Application/Services/StockAdjustmentService.cs","","","Adjustment not found / التسوية غير موجودة","A","Failure","","localize"
"backend","GMS.Application/Services/StockAdjustmentService.cs","","","Only draft adjustments can be cancelled / يمكن إلغاء المسودات فقط","A","Failure","","localize"
"backend","GMS.Application/Services/StockCountService.cs","","","Staff user not found / المستخدم غير موجود","A","Failure","","localize"
"backend","GMS.Application/Services/StockCountService.cs","","","Warehouse not found or inactive / المخزن غير موجود أو غير نشط","A","Failure","","localize"
"backend","GMS.Application/Services/StockCountService.cs","","","One or more products not found / منتج واحد أو أكثر غير موجود","A","Failure","","localize"
"backend","GMS.Application/Services/StockCountService.cs","","","No products to count / لا توجد منتجات للجرد","A","Failure","","localize"
"backend","GMS.Application/Services/StockCountService.cs","","","Stock count not found / الجرد غير موجود","A","Failure","","localize"
"backend","GMS.Application/Services/StockCountService.cs","","","At least one line update is required / مطلوب تحديث سطر واحد على الأقل","A","Failure","","localize"
"backend","GMS.Application/Services/StockCountService.cs","","","Stock count not found / الجرد غير موجود","A","Failure","","localize"
"backend","GMS.Application/Services/StockCountService.cs","","","Count line not found / سطر الجرد غير موجود","A","Failure","","localize"
"backend","GMS.Application/Services/StockCountService.cs","","","CountedQty cannot be negative / الكمية المعدودة لا يمكن أن تكون سالبة","A","Failure","","localize"
"backend","GMS.Application/Services/StockCountService.cs","","","Staff user not found / المستخدم غير موجود","A","Failure","","localize"
"backend","GMS.Application/Services/StockCountService.cs","","","Stock count not found / الجرد غير موجود","A","Failure","","localize"
"backend","GMS.Application/Services/StockCountService.cs","","","Staff user not found / المستخدم غير موجود","A","Failure","","localize"
"backend","GMS.Application/Services/StockCountService.cs","","","Stock count not found / الجرد غير موجود","A","Failure","","localize"
"backend","GMS.Application/Services/StockCountService.cs","","","Failed to approve stock count / فشل اعتماد الجرد","A","Failure","","localize"
"backend","GMS.Application/Services/StockCountService.cs","","","Staff user not found / المستخدم غير موجود","A","Failure","","localize"
"backend","GMS.Application/Services/StockCountService.cs","","","Stock count not found / الجرد غير موجود","A","Failure","","localize"
"backend","GMS.Application/Services/StockLedgerService.cs","","","QtyDelta cannot be zero / لا يمكن أن تكون الكمية صفر","A","Failure","","localize"
"backend","GMS.Application/Services/StockLedgerService.cs","","","Invalid stock movement reason / سبب حركة المخزون غير صالح","A","Failure","","localize"
"backend","GMS.Application/Services/StockLedgerService.cs","","","Product not found / المنتج غير موجود","A","Failure","","localize"
"backend","GMS.Application/Services/StockLedgerService.cs","","","Product is not active / المنتج غير نشط","A","Failure","","localize"
"backend","GMS.Application/Services/StockLedgerService.cs","","","Product does not track stock / المنتج لا يتتبع المخزون","A","Failure","","localize"
"backend","GMS.Application/Services/StockLedgerService.cs","","","Fractional quantity not allowed for this product / الكسور غير مسموحة لهذا المنتج","A","Failure","","localize"
"backend","GMS.Application/Services/StockLedgerService.cs","","","Warehouse not found / المخزن غير موجود","A","Failure","","localize"
"backend","GMS.Application/Services/StockLedgerService.cs","","","Warehouse is inactive / المخزن غير نشط","A","Failure","","localize"
"backend","GMS.Application/Services/StockLedgerService.cs","","","Product does not track batches / المنتج لا يتتبع التشغيلات","A","Failure","","localize"
"backend","GMS.Application/Services/StockLedgerService.cs","","","Concurrent stock update — retry / تحديث مخزون متزامن — أعد المحاولة","A","Failure","","localize"
"backend","GMS.Application/Services/StockLedgerService.cs","","","Concurrent stock post conflict / تعارض في تسجيل حركة المخزون","A","Failure","","localize"
"backend","GMS.Application/Services/StockLedgerService.cs","","","Failed to post stock movement / فشل تسجيل حركة المخزون","A","Failure","","localize"
"backend","GMS.Application/Services/StockLedgerService.cs","","","Concurrent stock update — retry / تحديث مخزون متزامن — أعد المحاولة","A","Failure","","localize"
"backend","GMS.Application/Services/StockLedgerService.cs","","","Product not found / المنتج غير موجود","A","Failure","","localize"
"backend","GMS.Application/Services/StockLedgerService.cs","","","Quantity must be positive / يجب أن تكون الكمية موجبة","A","Failure","","localize"
"backend","GMS.Application/Services/StockLedgerService.cs","","","Product not found / المنتج غير موجود","A","Failure","","localize"
"backend","GMS.Application/Services/StockLedgerService.cs","","","Product does not track stock / المنتج لا يتتبع المخزون","A","Failure","","localize"
"backend","GMS.Application/Services/StockLedgerService.cs","","","Product not found / المنتج غير موجود","A","Failure","","localize"
"backend","GMS.Application/Services/StockLedgerService.cs","","","Warehouse not found / المخزن غير موجود","A","Failure","","localize"
"backend","GMS.Application/Services/StockLedgerService.cs","","","Product not found / المنتج غير موجود","A","Failure","","localize"
"backend","GMS.Application/Services/StockLedgerService.cs","","","Warehouse not found / المخزن غير موجود","A","Failure","","localize"
"backend","GMS.Application/Services/StockTransferService.cs","","","Staff user not found / المستخدم غير موجود","A","Failure","","localize"
"backend","GMS.Application/Services/StockTransferService.cs","","","From and To warehouses must differ / المخزن المصدر والهدف يجب أن يختلفا","A","Failure","","localize"
"backend","GMS.Application/Services/StockTransferService.cs","","","At least one line is required / مطلوب سطر واحد على الأقل","A","Failure","","localize"
"backend","GMS.Application/Services/StockTransferService.cs","","","Warehouse not found or inactive / المخزن غير موجود أو غير نشط","A","Failure","","localize"
"backend","GMS.Application/Services/StockTransferService.cs","","","Qty must be positive / الكمية يجب أن تكون موجبة","A","Failure","","localize"
"backend","GMS.Application/Services/StockTransferService.cs","","","Product not found / المنتج غير موجود","A","Failure","","localize"
"backend","GMS.Application/Services/StockTransferService.cs","","","Transfer not found / التحويل غير موجود","A","Failure","","localize"
"backend","GMS.Application/Services/StockTransferService.cs","","","Staff user not found / المستخدم غير موجود","A","Failure","","localize"
"backend","GMS.Application/Services/StockTransferService.cs","","","Transfer not found / التحويل غير موجود","A","Failure","","localize"
"backend","GMS.Application/Services/StockTransferService.cs","","","Product not found / المنتج غير موجود","A","Failure","","localize"
"backend","GMS.Application/Services/StockTransferService.cs","","","Staff user not found / المستخدم غير موجود","A","Failure","","localize"
"backend","GMS.Application/Services/StockTransferService.cs","","","Transfer not found / التحويل غير موجود","A","Failure","","localize"
"backend","GMS.Application/Services/StockTransferService.cs","","","Staff user not found / المستخدم غير موجود","A","Failure","","localize"
"backend","GMS.Application/Services/StockTransferService.cs","","","Transfer not found / التحويل غير موجود","A","Failure","","localize"
"backend","GMS.Application/Services/StockTransferService.cs","","","Only pending transfers can be cancelled — use reject for in-transit / يمكن إلغاء المسودات فقط — استخدم الرفض للنقل الجاري","A","Failure","","localize"
"backend","GMS.Application/Services/StockTransferService.cs","","","Staff user not found / المستخدم غير موجود","A","Failure","","localize"
"backend","GMS.Application/Services/StockTransferService.cs","","","Transfer not found / التحويل غير موجود","A","Failure","","localize"
"backend","GMS.Application/Services/StockTransferService.cs","","","Transfer already received or rejected / التحويل تم استلامه أو رفضه بالفعل","A","Failure","","localize"
"backend","GMS.Application/Services/StockTransferService.cs","","","Transfer status changed by another user — retry / حالة التحويل تغيرت — أعد المحاولة","A","Failure","","localize"
"backend","GMS.Application/Services/SupplierService.cs","","","Supplier not found / المورد غير موجود","A","Failure","","localize"
"backend","GMS.Application/Services/SupplierService.cs","","","Name required / الاسم مطلوب","A","Failure","","localize"
"backend","GMS.Application/Services/SupplierService.cs","","","Supplier not found / المورد غير موجود","A","Failure","","localize"
"backend","GMS.Application/Services/SupplierService.cs","","","Name required / الاسم مطلوب","A","Failure","","localize"
"backend","GMS.Application/Services/SupplierService.cs","","","Supplier not found / المورد غير موجود","A","Failure","","localize"
"backend","GMS.Application/Services/SupplierService.cs","","","Supplier not found / المورد غير موجود","A","Failure","","localize"
"backend","GMS.Application/Services/SupplierService.cs","","","Supplier not found / المورد غير موجود","A","Failure","","localize"
"backend","GMS.Application/Services/SupplierService.cs","","","Amount must be > 0 / المبلغ يجب أن يكون أكبر من صفر","A","Failure","","localize"
"backend","GMS.Application/Services/SupplierService.cs","","","Opening already posted; use compensating entry / الرصيد الافتتاحي مسجل مسبقاً","A","Failure","","localize"
"backend","GMS.Application/Services/SupplierService.cs","","","Supplier not found / المورد غير موجود","A","Failure","","localize"
"backend","GMS.Application/Services/SupplierService.cs","","","Amount must be > 0 / المبلغ يجب أن يكون أكبر من صفر","A","Failure","","localize"
"backend","GMS.Application/Services/TenantProvisioningService.cs","","","Owner email is already registered / البريد الإلكتروني للمالك مسجل بالفعل","A","Failure","","localize"
"backend","GMS.Application/Services/TenantProvisioningService.cs","","","Gym code is already in use / كود الصالة مستخدم بالفعل","A","Failure","","localize"
"backend","GMS.Application/Services/TenantProvisioningService.cs","","","Failed to create owner account / فشل إنشاء حساب المالك","A","Failure","","localize"
"backend","GMS.Application/Services/TenantProvisioningService.cs","","","Failed to assign Owner role.","A","Failure","","localize"
"backend","GMS.Application/Services/TenantProvisioningService.cs","","","Provisioning failed / فشل إنشاء الصالة","A","Failure","","localize"
"backend","GMS.Application/Services/TenantSettingsService.cs","","","Tenant not found / المنظمة غير موجودة","A","Failure","","localize"
"backend","GMS.Application/Services/TenantSettingsService.cs","","","Failed to retrieve tenant settings / فشل في جلب إعدادات المنظمة","A","Failure","","localize"
"backend","GMS.Application/Services/TenantSettingsService.cs","","","Tenant not found / المنظمة غير موجودة","A","Failure","","localize"
"backend","GMS.Application/Services/TenantSettingsService.cs","","","Invalid primary color / لون أساسي غير صالح","A","Failure","","localize"
"backend","GMS.Application/Services/TenantSettingsService.cs","","","Invalid secondary color / لون ثانوي غير صالح","A","Failure","","localize"
"backend","GMS.Application/Services/TenantSettingsService.cs","","","Invalid accent color / لون مميز غير صالح","A","Failure","","localize"
"backend","GMS.Application/Services/TenantSettingsService.cs","","","Invalid card color / لون البطاقة غير صالح","A","Failure","","localize"
"backend","GMS.Application/Services/TenantSettingsService.cs","","","Maximum inside must be between 1 and 9999 / الحد الأقصى للداخل يجب أن يكون بين 1 و 9999","A","Failure","","localize"
"backend","GMS.Application/Services/TenantSettingsService.cs","","","Failed to update tenant settings / فشل في تحديث إعدادات المنظمة","A","Failure","","localize"
"backend","GMS.Application/Services/TenantSettingsService.cs","","","Tenant not found / المنظمة غير موجودة","A","Failure","","localize"
"backend","GMS.Application/Services/TenantSettingsService.cs","","","Failed to retrieve branding / فشل في جلب الهوية","A","Failure","","localize"
"backend","GMS.Application/Services/TenantSettingsService.cs","","","Tenant not found / المنظمة غير موجودة","A","Failure","","localize"
"backend","GMS.Application/Services/TenantSettingsService.cs","","","Failed to retrieve quick actions / فشل في جلب الاختصارات","A","Failure","","localize"
"backend","GMS.Application/Services/TenantSettingsService.cs","","","Tenant not found / المنظمة غير موجودة","A","Failure","","localize"
"backend","GMS.Application/Services/TenantSettingsService.cs","","","Failed to update quick actions / فشل في تحديث الاختصارات","A","Failure","","localize"
"backend","GMS.Application/Services/TenantSettingsService.cs","","","Tenant not found / المنظمة غير موجودة","A","Failure","","localize"
"backend","GMS.Application/Services/TenantSettingsService.cs","","","Failed to set logo / فشل في حفظ الشعار","A","Failure","","localize"
"backend","GMS.Application/Services/TenantSettingsService.cs","","","Tenant not found / المنظمة غير موجودة","A","Failure","","localize"
"backend","GMS.Application/Services/TenantSettingsService.cs","","","Failed to retrieve gym code / فشل في جلب رمز الصالة","A","Failure","","localize"
"backend","GMS.Application/Services/TenantSettingsService.cs","","","Tenant not found / المنظمة غير موجودة","A","Failure","","localize"
"backend","GMS.Application/Services/TenantSettingsService.cs","","","Failed to retrieve QR poster URL / فشل في جلب رابط ملصق QR","A","Failure","","localize"
"backend","GMS.Application/Services/TenantSettingsService.cs","","","Tenant not found / المنظمة غير موجودة","A","Failure","","localize"
"backend","GMS.Application/Services/TenantSettingsService.cs","","","Failed to retrieve tax settings / فشل في جلب الإعدادات الضريبية","A","Failure","","localize"
"backend","GMS.Application/Services/TenantSettingsService.cs","","","Tenant not found / المنظمة غير موجودة","A","Failure","","localize"
"backend","GMS.Application/Services/TenantSettingsService.cs","","","Failed to update tax settings / فشل في تحديث الإعدادات الضريبية","A","Failure","","localize"
"backend","GMS.Application/Services/TenantSettingsService.cs","","","Tenant not found / المنظمة غير موجودة","A","Failure","","localize"
"backend","GMS.Application/Services/TenantSettingsService.cs","","","Failed to retrieve inventory alert settings / فشل في جلب إعدادات تنبيهات المخزون","A","Failure","","localize"
"backend","GMS.Application/Services/TenantSettingsService.cs","","","Tenant not found / المنظمة غير موجودة","A","Failure","","localize"
"backend","GMS.Application/Services/TenantSettingsService.cs","","","Failed to update inventory alert settings / فشل في تحديث إعدادات تنبيهات المخزون","A","Failure","","localize"
"backend","GMS.Application/Services/TrialService.cs","","","Failed to initiate trial / فشل بدء التجربة المجانية","A","Failure","","localize"
"backend","GMS.Application/Services/TrialService.cs","","","Failed to confirm trial / فشل تأكيد التجربة المجانية","A","Failure","","localize"
"backend","GMS.Application/Services/WarehouseService.cs","","","Warehouse not found / المخزن غير موجود","A","Failure","","localize"
"backend","GMS.Application/Services/WarehouseService.cs","","","Warehouse code already exists / كود المخزن مستخدم بالفعل","A","Failure","","localize"
"backend","GMS.Application/Services/WarehouseService.cs","","","Default warehouse must be active / المخزن الافتراضي يجب أن يكون نشطاً","A","Failure","","localize"
"backend","GMS.Application/Services/WarehouseService.cs","","","Warehouse not found / المخزن غير موجود","A","Failure","","localize"
"backend","GMS.Application/Services/WarehouseService.cs","","","Cannot deactivate the default warehouse — set another default first / لا يمكن تعطيل المخزن الافتراضي قبل تعيين افتراضي آخر","A","Failure","","localize"
"backend","GMS.Application/Services/WarehouseService.cs","","","Cannot deactivate the only active warehouse / لا يمكن تعطيل المخزن النشط الوحيد","A","Failure","","localize"
"backend","GMS.Application/Services/WarehouseService.cs","","","Warehouse not found / المخزن غير موجود","A","Failure","","localize"
"backend","GMS.Application/Services/WarehouseService.cs","","","Cannot set an inactive warehouse as default / لا يمكن تعيين مخزن غير نشط كافتراضي","A","Failure","","localize"
"backend","GMS.Application/Services/ZReportService.cs","","","Failed to build Z-Report / فشل إنشاء تقرير الإقفال","A","Failure","","localize"
"backend","GMS.Application/Services/ZReportService.cs","","","Failed to retrieve Z-Report / فشل جلب تقرير الإقفال","A","Failure","","localize"
"backend","GMS.Application/Services/ZReportService.cs","","","Failed to regenerate Z-Report / فشل إعادة إنشاء تقرير الإقفال","A","Failure","","localize"
"backend","GMS.Application/Services/ZReportService.cs","","","Failed to render Z-Report PDF / فشل إنشاء ملف تقرير الإقفال","A","Failure","","localize"
"backend","GMS.Application/Services/ZReportService.cs","","","From date must be before To date / تاريخ البداية يجب أن يسبق النهاية","A","Failure","","localize"
"backend","GMS.Application/Services/ZReportService.cs","","","Date range cannot exceed 90 days / لا يمكن أن يتجاوز النطاق 90 يوماً","A","Failure","","localize"
"backend","GMS.Application/Services/ZReportService.cs","","","Failed to list Z-Reports / فشل جلب تقارير الإقفال","A","Failure","","localize"
"backend","GMS.Application/Services/ZReportService.cs","","","Failed to get shift Z-Report / فشل جلب تقرير إقفال الوردية","A","Failure","","localize"
"backend","GMS.Application/Services/ZReportService.cs","","","Failed to render Z-Report PDF / فشل إنشاء ملف تقرير الإقفال","A","Failure","","localize"
"backend","GMS.Application/Validators/CloseShiftRequestValidator.cs","","","Counted cash cannot be negative / لا يمكن أن يكون المبلغ المعدود سالبًا","A","WithMessage","","localize"
"backend","GMS.Application/Validators/CloseShiftRequestValidator.cs","","","Variance note cannot exceed 300 characters / ملاحظة الفرق لا يمكن أن تتجاوز 300 حرف","A","WithMessage","","localize"
"backend","GMS.Application/Validators/CreateMemberValidator.cs","","","Full name is required / الاسم بالكامل مطلوب","A","WithMessage","","localize"
"backend","GMS.Application/Validators/CreateMemberValidator.cs","","","Full name cannot exceed 200 characters","A","WithMessage","","localize"
"backend","GMS.Application/Validators/CreateMemberValidator.cs","","","Arabic name is required / الاسم بالعربي مطلوب","A","WithMessage","","localize"
"backend","GMS.Application/Validators/CreateMemberValidator.cs","","","Phone number is required / رقم الهاتف مطلوب","A","WithMessage","","localize"
"backend","GMS.Application/Validators/CreateMemberValidator.cs","","","Phone must be a valid Egyptian mobile (+20… or 01x…) / الرقم لازم يكون موبايل مصري صحيح","A","WithMessage","","localize"
"backend","GMS.Application/Validators/CreateMemberValidator.cs","","","Date of birth is required / تاريخ الميلاد مطلوب","A","WithMessage","","localize"
"backend","GMS.Application/Validators/CreateMemberValidator.cs","","","Member must be at least 10 years old / العضو لازم يكون عمره 10 سنين على الأقل","A","WithMessage","","localize"
"backend","GMS.Application/Validators/CreateMemberValidator.cs","","","National ID must be exactly 14 digits / الرقم القومي لازم يكون 14 رقم","A","WithMessage","","localize"
"backend","GMS.Application/Validators/CreateMemberValidator.cs","","","Invalid email format / صيغة البريد الإلكتروني غير صحيحة","A","WithMessage","","localize"
"backend","GMS.Application/Validators/CreatePlanRequestValidator.cs","","","Name is required / الاسم مطلوب","A","WithMessage","","localize"
"backend","GMS.Application/Validators/CreatePlanRequestValidator.cs","","","Arabic name is required / الاسم بالعربية مطلوب","A","WithMessage","","localize"
"backend","GMS.Application/Validators/CreatePlanRequestValidator.cs","","","Invalid plan type / نوع الخطة غير صالح","A","WithMessage","","localize"
"backend","GMS.Application/Validators/CreatePlanRequestValidator.cs","","","Duration must be positive / يجب أن تكون المدة أكبر من صفر","A","WithMessage","","localize"
"backend","GMS.Application/Validators/CreatePlanRequestValidator.cs","","","Price cannot be negative / لا يمكن أن يكون السعر سالبًا","A","WithMessage","","localize"
"backend","GMS.Application/Validators/CreatePlanRequestValidator.cs","","","Trial plans must have a price of 0 / يجب أن يكون سعر الخطة التجريبية صفرًا","A","WithMessage","","localize"
"backend","GMS.Application/Validators/CreatePlanRequestValidator.cs","","","Referral reward type must be credit or free_days / نوع مكافأة الإحالة غير صالح","A","WithMessage","","localize"
"backend","GMS.Application/Validators/CreatePlanRequestValidator.cs","","","Referral reward value must be positive when type is set / قيمة المكافأة يجب أن تكون موجبة","A","WithMessage","","localize"
"backend","GMS.Application/Validators/CreatePlanRequestValidator.cs","","","Invitation quota cannot be negative / حصة الدعوات لا يمكن أن تكون سالبة","A","WithMessage","","localize"
"backend","GMS.Application/Validators/CreatePlanValidator.cs","","","Plan name is required / اسم الخطة مطلوب","A","WithMessage","","localize"
"backend","GMS.Application/Validators/CreatePlanValidator.cs","","","Plan name cannot exceed 200 characters","A","WithMessage","","localize"
"backend","GMS.Application/Validators/CreatePlanValidator.cs","","","Arabic plan name is required / اسم الخطة بالعربي مطلوب","A","WithMessage","","localize"
"backend","GMS.Application/Validators/CreatePlanValidator.cs","","","Price cannot be negative / لا يمكن أن يكون السعر سالبًا","A","WithMessage","","localize"
"backend","GMS.Application/Validators/CreatePlanValidator.cs","","","Trial plans must have a price of 0 / يجب أن يكون سعر الخطة التجريبية صفرًا","A","WithMessage","","localize"
"backend","GMS.Application/Validators/CreatePlanValidator.cs","","","Duration must be greater than 0 days / المدة يجب أن تكون أكبر من 0","A","WithMessage","","localize"
"backend","GMS.Application/Validators/CreatePlanValidator.cs","","","Invalid plan type / نوع الخطة غير صحيح","A","WithMessage","","localize"
"backend","GMS.Application/Validators/CreatePlanValidator.cs","","","Session count must be 10, 20, or 50 / عدد الجلسات يجب أن يكون 10 أو 20 أو 50","A","WithMessage","","localize"
"backend","GMS.Application/Validators/CreatePlanValidator.cs","","","Time restriction start is required for time-limited plans / وقت البداية مطلوب للخطط المحدودة بالوقت","A","WithMessage","","localize"
"backend","GMS.Application/Validators/CreatePlanValidator.cs","","","Time restriction end is required for time-limited plans / وقت النهاية مطلوب للخطط المحدودة بالوقت","A","WithMessage","","localize"
"backend","GMS.Application/Validators/CreatePlanValidator.cs","","","End time must be after start time / وقت النهاية يجب أن يكون بعد وقت البداية","A","WithMessage","","localize"
"backend","GMS.Application/Validators/CreatePlanValidator.cs","","","Invitation quota cannot be negative / حصة الدعوات لا يمكن أن تكون سالبة","A","WithMessage","","localize"
"backend","GMS.Application/Validators/CreatePlanValidator.cs","","","Invitation quota cannot be negative / حصة الدعوات لا يمكن أن تكون سالبة","A","WithMessage","","localize"
"backend","GMS.Application/Validators/CreatePromoCodeRequestValidator.cs","","","Promo code is required / كود الخصم مطلوب","A","WithMessage","","localize"
"backend","GMS.Application/Validators/CreatePromoCodeRequestValidator.cs","","","Promo code must be 3-30 characters: letters, numbers, underscore, or hyphen only / يجب أن يتكون كود الخصم من 3-30 حرفًا (حروف، أرقام، شرطة سفلية أو شرطة)","A","WithMessage","","localize"
"backend","GMS.Application/Validators/CreatePromoCodeRequestValidator.cs","","","Type must be 'percent' or 'fixed' / يجب أن يكون النوع 'percent' أو 'fixed'","A","WithMessage","","localize"
"backend","GMS.Application/Validators/CreatePromoCodeRequestValidator.cs","","","Percent value must be between 1 and 100 / يجب أن تكون النسبة بين 1 و 100","A","WithMessage","","localize"
"backend","GMS.Application/Validators/CreatePromoCodeRequestValidator.cs","","","Fixed value must be greater than 0 / يجب أن تكون القيمة الثابتة أكبر من 0","A","WithMessage","","localize"
"backend","GMS.Application/Validators/CreatePromoCodeRequestValidator.cs","","","ValidTo must be on or after ValidFrom / يجب أن يكون تاريخ الانتهاء بعد أو يساوي تاريخ البدء","A","WithMessage","","localize"
"backend","GMS.Application/Validators/CreatePromoCodeRequestValidator.cs","","","MaxUses must be greater than 0 / يجب أن يكون الحد الأقصى للاستخدام أكبر من 0","A","WithMessage","","localize"
"backend","GMS.Application/Validators/CreatePromoCodeRequestValidator.cs","","","MaxUsesPerMember must be greater than 0 / يجب أن يكون الحد الأقصى للعضو أكبر من 0","A","WithMessage","","localize"
"backend","GMS.Application/Validators/CreateSaleRequestValidator.cs","","","At least one payment is required / يجب إدخال دفعة واحدة على الأقل","A","WithMessage","","localize"
"backend","GMS.Application/Validators/CreateSaleRequestValidator.cs","","","Provide planId or lines / أدخل planId أو lines","A","WithMessage","","localize"
"backend","GMS.Application/Validators/CreateSaleRequestValidator.cs","","","Provide at most one of memberId or newMember / لا يمكن إرسال memberId و newMember معاً","A","WithMessage","","localize"
"backend","GMS.Application/Validators/CreateSaleRequestValidator.cs","","","Member required for membership/trial lines / العضو مطلوب لأسطر العضوية/التجربة","A","WithMessage","","localize"
"backend","GMS.Application/Validators/CreateSaleRequestValidator.cs","","","Invalid lineType / نوع السطر غير صالح","A","WithMessage","","localize"
"backend","GMS.Application/Validators/CreateSaleRequestValidator.cs","","","Qty must be positive / الكمية يجب أن تكون موجبة","A","WithMessage","","localize"
"backend","GMS.Application/Validators/CreateSaleRequestValidator.cs","","","productId required for retail lines / productId مطلوب لأسطر التجزئة","A","WithMessage","","localize"
"backend","GMS.Application/Validators/CreateSaleRequestValidator.cs","","","planId required for membership lines / planId مطلوب لأسطر العضوية","A","WithMessage","","localize"
"backend","GMS.Application/Validators/CreateSaleRequestValidator.cs","","","Manual discount amount cannot be negative / لا يمكن أن يكون الخصم اليدوي سالبًا","A","WithMessage","","localize"
"backend","GMS.Application/Validators/CreateSaleRequestValidator.cs","","","A reason is required for a manual discount / السبب مطلوب عند تطبيق خصم يدوي","A","WithMessage","","localize"
"backend","GMS.Application/Validators/EmployeeActivateRequestValidator.cs","","","Gym code is required.","A","WithMessage","","localize"
"backend","GMS.Application/Validators/EmployeeActivateRequestValidator.cs","","","Activation code is required.","A","WithMessage","","localize"
"backend","GMS.Application/Validators/Inventory/ProductValidators.cs","","","TrackExpiry requires TrackBatch / تتبع الصلاحية يتطلب تتبع التشغيلة","A","WithMessage","","localize"
"backend","GMS.Application/Validators/Inventory/ProductValidators.cs","","","Batch/expiry tracking requires TrackStock / تتبع التشغيلة والصلاحية يتطلب تتبع المخزون","A","WithMessage","","localize"
"backend","GMS.Application/Validators/Inventory/ProductValidators.cs","","","TrackExpiry requires TrackBatch / تتبع الصلاحية يتطلب تتبع التشغيلة","A","WithMessage","","localize"
"backend","GMS.Application/Validators/Inventory/ProductValidators.cs","","","Batch/expiry tracking requires TrackStock / تتبع التشغيلة والصلاحية يتطلب تتبع المخزون","A","WithMessage","","localize"
"backend","GMS.Application/Validators/Inventory/StockAdjustmentValidators.cs","","","Invalid reason code / سبب غير صالح","A","WithMessage","","localize"
"backend","GMS.Application/Validators/Inventory/StockAdjustmentValidators.cs","","","Note is required for reason 'other' / الملاحظة مطلوبة لسبب «أخرى»","A","WithMessage","","localize"
"backend","GMS.Application/Validators/Inventory/WarehouseValidators.cs","","","Code must be alphanumeric (underscore/hyphen allowed) / كود المخزن أحرف وأرقام فقط","A","WithMessage","","localize"
"backend","GMS.Application/Validators/LoginRequestValidator.cs","","","Email is required.","A","WithMessage","","localize"
"backend","GMS.Application/Validators/LoginRequestValidator.cs","","","A valid email address is required.","A","WithMessage","","localize"
"backend","GMS.Application/Validators/LoginRequestValidator.cs","","","Password is required.","A","WithMessage","","localize"
"backend","GMS.Application/Validators/LoginRequestValidator.cs","","","Password must be at least 6 characters.","A","WithMessage","","localize"
"backend","GMS.Application/Validators/LoginRequestValidator.cs","","","Gym code is required.","A","WithMessage","","localize"
"backend","GMS.Application/Validators/ManualCheckinRequestValidator.cs","","","Member ID is required / معرف العضو مطلوب","A","WithMessage","","localize"
"backend","GMS.Application/Validators/ManualCheckinRequestValidator.cs","","","Invalid check-in reason / سبب تسجيل الدخول غير صالح","A","WithMessage","","localize"
"backend","GMS.Application/Validators/ManualCheckinRequestValidator.cs","","","Notes must not exceed 500 characters / الملاحظات يجب ألا تتجاوز 500 حرف","A","WithMessage","","localize"
"backend","GMS.Application/Validators/ManualCheckinRequestValidator.cs","","","Notes are required when reason is 'Other' / الملاحظات مطلوبة عند اختيار 'أخرى'","A","WithMessage","","localize"
"backend","GMS.Application/Validators/MemberOtpRequestValidator.cs","","","Phone number is required.","A","WithMessage","","localize"
"backend","GMS.Application/Validators/MemberOtpRequestValidator.cs","","","Phone number must be in international format (e.g. +201234567890).","A","WithMessage","","localize"
"backend","GMS.Application/Validators/MemberOtpRequestValidator.cs","","","Gym code is required.","A","WithMessage","","localize"
"backend","GMS.Application/Validators/MemberOtpVerifyRequestValidator.cs","","","Phone number is required.","A","WithMessage","","localize"
"backend","GMS.Application/Validators/MemberOtpVerifyRequestValidator.cs","","","Phone number must be in international format.","A","WithMessage","","localize"
"backend","GMS.Application/Validators/MemberOtpVerifyRequestValidator.cs","","","Gym code is required.","A","WithMessage","","localize"
"backend","GMS.Application/Validators/MemberOtpVerifyRequestValidator.cs","","","OTP code is required.","A","WithMessage","","localize"
"backend","GMS.Application/Validators/MemberOtpVerifyRequestValidator.cs","","","OTP must be exactly 6 digits.","A","WithMessage","","localize"
"backend","GMS.Application/Validators/MemberOtpVerifyRequestValidator.cs","","","OTP must contain only digits.","A","WithMessage","","localize"
"backend","GMS.Application/Validators/MemberSearchRequestValidator.cs","","","Search query is required / استعلام البحث مطلوب","A","WithMessage","","localize"
"backend","GMS.Application/Validators/MemberSearchRequestValidator.cs","","","Search query must be at least 2 characters / يجب أن يكون استعلام البحث حرفين على الأقل","A","WithMessage","","localize"
"backend","GMS.Application/Validators/MemberSearchRequestValidator.cs","","","Search query too long / استعلام البحث طويل جداً","A","WithMessage","","localize"
"backend","GMS.Application/Validators/NewMemberRequestValidator.cs","","","Full name is required / الاسم بالكامل مطلوب","A","WithMessage","","localize"
"backend","GMS.Application/Validators/NewMemberRequestValidator.cs","","","Full name cannot exceed 200 characters","A","WithMessage","","localize"
"backend","GMS.Application/Validators/NewMemberRequestValidator.cs","","","Phone number is required / رقم الهاتف مطلوب","A","WithMessage","","localize"
"backend","GMS.Application/Validators/NewMemberRequestValidator.cs","","","Phone must be in +20XXXXXXXXXX format / الرقم لازم يبدأ بـ +20","A","WithMessage","","localize"
"backend","GMS.Application/Validators/OpenShiftRequestValidator.cs","","","Opening float cannot be negative / لا يمكن أن يكون الرصيد الافتتاحي سالبًا","A","WithMessage","","localize"
"backend","GMS.Application/Validators/QrCheckinRequestValidator.cs","","","Gym code is required / رمز الصالة مطلوب","A","WithMessage","","localize"
"backend","GMS.Application/Validators/QrCheckinRequestValidator.cs","","","Invalid gym code format / صيغة رمز الصالة غير صالحة","A","WithMessage","","localize"
"backend","GMS.Application/Validators/RecordMovementRequestValidator.cs","","","Movement type is required / نوع الحركة مطلوب","A","WithMessage","","localize"
"backend","GMS.Application/Validators/RecordMovementRequestValidator.cs","","","Type must be one of paid_in, paid_out, float_adjust / يجب أن يكون النوع أحد: paid_in، paid_out، float_adjust","A","WithMessage","","localize"
"backend","GMS.Application/Validators/RecordMovementRequestValidator.cs","","","Amount cannot be zero / لا يمكن أن يكون المبلغ صفرًا","A","WithMessage","","localize"
"backend","GMS.Application/Validators/RecordMovementRequestValidator.cs","","","Reason cannot exceed 200 characters / السبب لا يمكن أن يتجاوز 200 حرف","A","WithMessage","","localize"
"backend","GMS.Application/Validators/RecordPaymentRequestValidator.cs","","","Payment method is required / طريقة الدفع مطلوبة","A","WithMessage","","localize"
"backend","GMS.Application/Validators/RecordPaymentRequestValidator.cs","","","Invalid payment method / طريقة دفع غير صالحة","A","WithMessage","","localize"
"backend","GMS.Application/Validators/RecordPaymentRequestValidator.cs","","","Payment amount must be greater than 0 / يجب أن يكون مبلغ الدفع أكبر من 0","A","WithMessage","","localize"
"backend","GMS.Application/Validators/RefreshTokenRequestValidator.cs","","","Refresh token is required.","A","WithMessage","","localize"
"backend","GMS.Application/Validators/SalePaymentRequestValidator.cs","","","Payment method is required / طريقة الدفع مطلوبة","A","WithMessage","","localize"
"backend","GMS.Application/Validators/SalePaymentRequestValidator.cs","","","Invalid payment method / طريقة دفع غير صالحة","A","WithMessage","","localize"
"backend","GMS.Application/Validators/SalePaymentRequestValidator.cs","","","Payment amount must be greater than 0 / يجب أن يكون مبلغ الدفع أكبر من 0","A","WithMessage","","localize"
"backend","GMS.Application/Validators/SendInvitationRequestValidator.cs","","","Name is required / الاسم مطلوب","A","WithMessage","","localize"
"backend","GMS.Application/Validators/SendInvitationRequestValidator.cs","","","Name too long / الاسم طويل جداً","A","WithMessage","","localize"
"backend","GMS.Application/Validators/SendInvitationRequestValidator.cs","","","Phone number is required / رقم الهاتف مطلوب","A","WithMessage","","localize"
"backend","GMS.Application/Validators/SendInvitationRequestValidator.cs","","","Invalid Egyptian mobile number / رقم الموبايل غير صالح","A","WithMessage","","localize"
"backend","GMS.Application/Validators/SendInvitationRequestValidator.cs","","","National ID must be 14 digits / الرقم القومي يجب أن يكون 14 رقم","A","WithMessage","","localize"
"backend","GMS.Application/Validators/TrialConfirmRequestValidator.cs","","","Phone number is required / رقم الهاتف مطلوب","A","WithMessage","","localize"
"backend","GMS.Application/Validators/TrialConfirmRequestValidator.cs","","","OTP is required / رمز التحقق مطلوب","A","WithMessage","","localize"
"backend","GMS.Application/Validators/TrialConfirmRequestValidator.cs","","","OTP must be 6 digits / يجب أن يتكون رمز التحقق من 6 أرقام","A","WithMessage","","localize"
"backend","GMS.Application/Validators/TrialInitiateRequestValidator.cs","","","Full name is required / الاسم الكامل مطلوب","A","WithMessage","","localize"
"backend","GMS.Application/Validators/TrialInitiateRequestValidator.cs","","","Phone number is required / رقم الهاتف مطلوب","A","WithMessage","","localize"
"backend","GMS.Application/Validators/TrialInitiateRequestValidator.cs","","","Plan is required / الخطة مطلوبة","A","WithMessage","","localize"
"backend","GMS.Application/Validators/UpdateInvitationStatusRequestValidator.cs","","","Status must be New, Contacted, Interested, Not Interested, or Converted / حالة غير صالحة","A","WithMessage","","localize"
"backend","GMS.Application/Validators/UpdateMemberValidator.cs","","","Phone must be a valid Egyptian mobile (+20… or 01x…) / الرقم لازم يكون موبايل مصري صحيح","A","WithMessage","","localize"
"backend","GMS.Application/Validators/UpdateMemberValidator.cs","","","National ID must be exactly 14 digits","A","WithMessage","","localize"
"backend","GMS.Application/Validators/UpdatePlanValidator.cs","","","Plan name is required / اسم الخطة مطلوب","A","WithMessage","","localize"
"backend","GMS.Application/Validators/UpdatePlanValidator.cs","","","Plan name cannot exceed 200 characters","A","WithMessage","","localize"
"backend","GMS.Application/Validators/UpdatePlanValidator.cs","","","Arabic plan name is required / اسم الخطة بالعربي مطلوب","A","WithMessage","","localize"
"backend","GMS.Application/Validators/UpdatePlanValidator.cs","","","Price cannot be negative / لا يمكن أن يكون السعر سالبًا","A","WithMessage","","localize"
"backend","GMS.Application/Validators/UpdatePlanValidator.cs","","","Trial plans must have a price of 0 / يجب أن يكون سعر الخطة التجريبية صفرًا","A","WithMessage","","localize"
"backend","GMS.Application/Validators/UpdatePlanValidator.cs","","","Duration must be greater than 0 days / المدة يجب أن تكون أكبر من 0","A","WithMessage","","localize"
"backend","GMS.Application/Validators/UpdatePlanValidator.cs","","","Invalid plan type / نوع الخطة غير صحيح","A","WithMessage","","localize"
"backend","GMS.Application/Validators/UpdatePlanValidator.cs","","","Session count must be 10, 20, or 50 / عدد الجلسات يجب أن يكون 10 أو 20 أو 50","A","WithMessage","","localize"
"backend","GMS.Application/Validators/UpdatePlanValidator.cs","","","Time restriction start is required for time-limited plans / وقت البداية مطلوب للخطط المحدودة بالوقت","A","WithMessage","","localize"
"backend","GMS.Application/Validators/UpdatePlanValidator.cs","","","Time restriction end is required for time-limited plans / وقت النهاية مطلوب للخطط المحدودة بالوقت","A","WithMessage","","localize"
"backend","GMS.Application/Validators/UpdatePlanValidator.cs","","","End time must be after start time / وقت النهاية يجب أن يكون بعد وقت البداية","A","WithMessage","","localize"
"backend","GMS.Application/Validators/UpdatePlanValidator.cs","","","Invitation quota cannot be negative / حصة الدعوات لا يمكن أن تكون سالبة","A","WithMessage","","localize"
"backend","GMS.Application/Validators/UpdatePlanValidator.cs","","","Invitation quota cannot be negative / حصة الدعوات لا يمكن أن تكون سالبة","A","WithMessage","","localize"
"backend","GMS.Application/Validators/UpdatePlanValidator.cs","","","Referral reward type must be credit or free_days / نوع مكافأة الإحالة غير صالح","A","WithMessage","","localize"
"backend","GMS.Application/Validators/UpdatePlanValidator.cs","","","Referral reward value must be positive when type is set / قيمة المكافأة يجب أن تكون موجبة","A","WithMessage","","localize"
"backend","GMS.Application/Validators/UpdatePromoCodeRequestValidator.cs","","","Promo code is required / كود الخصم مطلوب","A","WithMessage","","localize"
"backend","GMS.Application/Validators/UpdatePromoCodeRequestValidator.cs","","","Promo code must be 3-30 characters: letters, numbers, underscore, or hyphen only / يجب أن يتكون كود الخصم من 3-30 حرفًا (حروف، أرقام، شرطة سفلية أو شرطة)","A","WithMessage","","localize"
"backend","GMS.Application/Validators/UpdatePromoCodeRequestValidator.cs","","","Type must be 'percent' or 'fixed' / يجب أن يكون النوع 'percent' أو 'fixed'","A","WithMessage","","localize"
"backend","GMS.Application/Validators/UpdatePromoCodeRequestValidator.cs","","","Percent value must be between 1 and 100 / يجب أن تكون النسبة بين 1 و 100","A","WithMessage","","localize"
"backend","GMS.Application/Validators/UpdatePromoCodeRequestValidator.cs","","","Fixed value must be greater than 0 / يجب أن تكون القيمة الثابتة أكبر من 0","A","WithMessage","","localize"
"backend","GMS.Application/Validators/UpdatePromoCodeRequestValidator.cs","","","ValidTo must be on or after ValidFrom / يجب أن يكون تاريخ الانتهاء بعد أو يساوي تاريخ البدء","A","WithMessage","","localize"
"backend","GMS.Application/Validators/UpdatePromoCodeRequestValidator.cs","","","MaxUses must be greater than 0 / يجب أن يكون الحد الأقصى للاستخدام أكبر من 0","A","WithMessage","","localize"
"backend","GMS.Application/Validators/UpdatePromoCodeRequestValidator.cs","","","MaxUsesPerMember must be greater than 0 / يجب أن يكون الحد الأقصى للعضو أكبر من 0","A","WithMessage","","localize"
"backend","GMS.Application/Validators/UpsertOfferRequestValidator.cs","","","Offer name is required / اسم العرض مطلوب","A","WithMessage","","localize"
"backend","GMS.Application/Validators/UpsertOfferRequestValidator.cs","","","End date must be on or after start / يجب أن يكون تاريخ الانتهاء بعد أو يساوي تاريخ البدء","A","WithMessage","","localize"
"backend","GMS.Application/Validators/UpsertOfferRequestValidator.cs","","","AppliesTo must be memberships, products, or both","A","WithMessage","","localize"
"backend","GMS.Application/Validators/UpsertOfferRequestValidator.cs","","","DiscountType must be percentage, fixed, or bxgy","A","WithMessage","","localize"
"backend","GMS.Application/Validators/UpsertOfferRequestValidator.cs","","","Redemption must be automatic or promoCode","A","WithMessage","","localize"
"backend","GMS.Application/Validators/UpsertOfferRequestValidator.cs","","","Percent value must be between 1 and 100","A","WithMessage","","localize"
"backend","GMS.Application/Validators/UpsertOfferRequestValidator.cs","","","Fixed value must be greater than 0","A","WithMessage","","localize"
"backend","GMS.Application/Validators/UpsertOfferRequestValidator.cs","","","Promo code is required when redemption is Promo Code / كود الخصم مطلوب","A","WithMessage","","localize"